248545 openat(AT_FDCWD</home/visitor/Documents/depthanything_u250_host_graph_r74_cpp_frame_graph_boundary>, "/home/visitor/anaconda3/envs/ds/bin/../lib/glibc-hwcaps/x86-64-v3/libpthread.so.0", O_RDONLY|O_CLOEXEC) = -1 ENOENT (No such file or directory)
248545 openat(AT_FDCWD</home/visitor/Documents/depthanything_u250_host_graph_r74_cpp_frame_graph_boundary>, "/home/visitor/anaconda3/envs/ds/bin/../lib/glibc-hwcaps/x86-64-v2/libpthread.so.0", O_RDONLY|O_CLOEXEC) = -1 ENOENT (No such file or directory)
248545 openat(AT_FDCWD</home/visitor/Documents/depthanything_u250_host_graph_r74_cpp_frame_graph_boundary>, "/home/visitor/anaconda3/envs/ds/bin/../lib/tls/haswell/x86_64/libpthread.so.0", O_RDONLY|O_CLOEXEC) = -1 ENOENT (No such file or directory)
248545 openat(AT_FDCWD</home/visitor/Documents/depthanything_u250_host_graph_r74_cpp_frame_graph_boundary>, "/home/visitor/anaconda3/envs/ds/bin/../lib/tls/haswell/libpthread.so.0", O_RDONLY|O_CLOEXEC) = -1 ENOENT (No such file or directory)
248545 openat(AT_FDCWD</home/visitor/Documents/depthanything_u250_host_graph_r74_cpp_frame_graph_boundary>, "/home/visitor/anaconda3/envs/ds/bin/../lib/tls/x86_64/libpthread.so.0", O_RDONLY|O_CLOEXEC) = -1 ENOENT (No such file or directory)
248545 openat(AT_FDCWD</home/visitor/Documents/depthanything_u250_host_graph_r74_cpp_frame_graph_boundary>, "/home/visitor/anaconda3/envs/ds/bin/../lib/tls/libpthread.so.0", O_RDONLY|O_CLOEXEC) = -1 ENOENT (No such file or directory)
248545 openat(AT_FDCWD</home/visitor/Documents/depthanything_u250_host_graph_r74_cpp_frame_graph_boundary>, "/home/visitor/anaconda3/envs/ds/bin/../lib/haswell/x86_64/libpthread.so.0", O_RDONLY|O_CLOEXEC) = -1 ENOENT (No such file or directory)
248545 openat(AT_FDCWD</home/visitor/Documents/depthanything_u250_host_graph_r74_cpp_frame_graph_boundary>, "/home/visitor/anaconda3/envs/ds/bin/../lib/haswell/libpthread.so.0", O_RDONLY|O_CLOEXEC) = -1 ENOENT (No such file or directory)
248545 openat(AT_FDCWD</home/visitor/Documents/depthanything_u250_host_graph_r74_cpp_frame_graph_boundary>, "/home/visitor/anaconda3/envs/ds/bin/../lib/x86_64/libpthread.so.0", O_RDONLY|O_CLOEXEC) = -1 ENOENT (No such file or directory)
248545 openat(AT_FDCWD</home/visitor/Documents/depthanything_u250_host_graph_r74_cpp_frame_graph_boundary>, "/home/visitor/anaconda3/envs/ds/bin/../lib/libpthread.so.0", O_RDONLY|O_CLOEXEC) = -1 ENOENT (No such file or directory)
248545 openat(AT_FDCWD</home/visitor/Documents/depthanything_u250_host_graph_r74_cpp_frame_graph_boundary>, "/home/visitor/anaconda3/lib/glibc-hwcaps/x86-64-v3/libpthread.so.0", O_RDONLY|O_CLOEXEC) = -1 ENOENT (No such file or directory)
248545 openat(AT_FDCWD</home/visitor/Documents/depthanything_u250_host_graph_r74_cpp_frame_graph_boundary>, "/home/visitor/anaconda3/lib/glibc-hwcaps/x86-64-v2/libpthread.so.0", O_RDONLY|O_CLOEXEC) = -1 ENOENT (No such file or directory)
248545 openat(AT_FDCWD</home/visitor/Documents/depthanything_u250_host_graph_r74_cpp_frame_graph_boundary>, "/home/visitor/anaconda3/lib/tls/haswell/x86_64/libpthread.so.0", O_RDONLY|O_CLOEXEC) = -1 ENOENT (No such file or directory)
248545 openat(AT_FDCWD</home/visitor/Documents/depthanything_u250_host_graph_r74_cpp_frame_graph_boundary>, "/home/visitor/anaconda3/lib/tls/haswell/libpthread.so.0", O_RDONLY|O_CLOEXEC) = -1 ENOENT (No such file or directory)
248545 openat(AT_FDCWD</home/visitor/Documents/depthanything_u250_host_graph_r74_cpp_frame_graph_boundary>, "/home/visitor/anaconda3/lib/tls/x86_64/libpthread.so.0", O_RDONLY|O_CLOEXEC) = -1 ENOENT (No such file or directory)
248545 openat(AT_FDCWD</home/visitor/Documents/depthanything_u250_host_graph_r74_cpp_frame_graph_boundary>, "/home/visitor/anaconda3/lib/tls/libpthread.so.0", O_RDONLY|O_CLOEXEC) = -1 ENOENT (No such file or directory)
248545 openat(AT_FDCWD</home/visitor/Documents/depthanything_u250_host_graph_r74_cpp_frame_graph_boundary>, "/home/visitor/anaconda3/lib/haswell/x86_64/libpthread.so.0", O_RDONLY|O_CLOEXEC) = -1 ENOENT (No such file or directory)
248545 openat(AT_FDCWD</home/visitor/Documents/depthanything_u250_host_graph_r74_cpp_frame_graph_boundary>, "/home/visitor/anaconda3/lib/haswell/libpthread.so.0", O_RDONLY|O_CLOEXEC) = -1 ENOENT (No such file or directory)
248545 openat(AT_FDCWD</home/visitor/Documents/depthanything_u250_host_graph_r74_cpp_frame_graph_boundary>, "/home/visitor/anaconda3/lib/x86_64/libpthread.so.0", O_RDONLY|O_CLOEXEC) = -1 ENOENT (No such file or directory)
248545 openat(AT_FDCWD</home/visitor/Documents/depthanything_u250_host_graph_r74_cpp_frame_graph_boundary>, "/home/visitor/anaconda3/lib/libpthread.so.0", O_RDONLY|O_CLOEXEC) = -1 ENOENT (No such file or directory)
248545 openat(AT_FDCWD</home/visitor/Documents/depthanything_u250_host_graph_r74_cpp_frame_graph_boundary>, "glibc-hwcaps/x86-64-v3/libpthread.so.0", O_RDONLY|O_CLOEXEC) = -1 ENOENT (No such file or directory)
248545 openat(AT_FDCWD</home/visitor/Documents/depthanything_u250_host_graph_r74_cpp_frame_graph_boundary>, "glibc-hwcaps/x86-64-v2/libpthread.so.0", O_RDONLY|O_CLOEXEC) = -1 ENOENT (No such file or directory)
248545 openat(AT_FDCWD</home/visitor/Documents/depthanything_u250_host_graph_r74_cpp_frame_graph_boundary>, "tls/haswell/x86_64/libpthread.so.0", O_RDONLY|O_CLOEXEC) = -1 ENOENT (No such file or directory)
248545 openat(AT_FDCWD</home/visitor/Documents/depthanything_u250_host_graph_r74_cpp_frame_graph_boundary>, "tls/haswell/libpthread.so.0", O_RDONLY|O_CLOEXEC) = -1 ENOENT (No such file or directory)
248545 openat(AT_FDCWD</home/visitor/Documents/depthanything_u250_host_graph_r74_cpp_frame_graph_boundary>, "tls/x86_64/libpthread.so.0", O_RDONLY|O_CLOEXEC) = -1 ENOENT (No such file or directory)
248545 openat(AT_FDCWD</home/visitor/Documents/depthanything_u250_host_graph_r74_cpp_frame_graph_boundary>, "tls/libpthread.so.0", O_RDONLY|O_CLOEXEC) = -1 ENOENT (No such file or directory)
248545 openat(AT_FDCWD</home/visitor/Documents/depthanything_u250_host_graph_r74_cpp_frame_graph_boundary>, "haswell/x86_64/libpthread.so.0", O_RDONLY|O_CLOEXEC) = -1 ENOENT (No such file or directory)
248545 openat(AT_FDCWD</home/visitor/Documents/depthanything_u250_host_graph_r74_cpp_frame_graph_boundary>, "haswell/libpthread.so.0", O_RDONLY|O_CLOEXEC) = -1 ENOENT (No such file or directory)
248545 openat(AT_FDCWD</home/visitor/Documents/depthanything_u250_host_graph_r74_cpp_frame_graph_boundary>, "x86_64/libpthread.so.0", O_RDONLY|O_CLOEXEC) = -1 ENOENT (No such file or directory)
248545 openat(AT_FDCWD</home/visitor/Documents/depthanything_u250_host_graph_r74_cpp_frame_graph_boundary>, "libpthread.so.0", O_RDONLY|O_CLOEXEC) = -1 ENOENT (No such file or directory)
248545 openat(AT_FDCWD</home/visitor/Documents/depthanything_u250_host_graph_r74_cpp_frame_graph_boundary>, "/etc/ld.so.cache", O_RDONLY|O_CLOEXEC) = 3</etc/ld.so.cache>
248545 openat(AT_FDCWD</home/visitor/Documents/depthanything_u250_host_graph_r74_cpp_frame_graph_boundary>, "/lib/x86_64-linux-gnu/libpthread.so.0", O_RDONLY|O_CLOEXEC) = 3</usr/lib/x86_64-linux-gnu/libpthread.so.0>
248545 openat(AT_FDCWD</home/visitor/Documents/depthanything_u250_host_graph_r74_cpp_frame_graph_boundary>, "/home/visitor/anaconda3/envs/ds/bin/../lib/libdl.so.2", O_RDONLY|O_CLOEXEC) = -1 ENOENT (No such file or directory)
248545 openat(AT_FDCWD</home/visitor/Documents/depthanything_u250_host_graph_r74_cpp_frame_graph_boundary>, "/home/visitor/anaconda3/lib/libdl.so.2", O_RDONLY|O_CLOEXEC) = -1 ENOENT (No such file or directory)
248545 openat(AT_FDCWD</home/visitor/Documents/depthanything_u250_host_graph_r74_cpp_frame_graph_boundary>, "glibc-hwcaps/x86-64-v3/libdl.so.2", O_RDONLY|O_CLOEXEC) = -1 ENOENT (No such file or directory)
248545 openat(AT_FDCWD</home/visitor/Documents/depthanything_u250_host_graph_r74_cpp_frame_graph_boundary>, "glibc-hwcaps/x86-64-v2/libdl.so.2", O_RDONLY|O_CLOEXEC) = -1 ENOENT (No such file or directory)
248545 openat(AT_FDCWD</home/visitor/Documents/depthanything_u250_host_graph_r74_cpp_frame_graph_boundary>, "tls/haswell/x86_64/libdl.so.2", O_RDONLY|O_CLOEXEC) = -1 ENOENT (No such file or directory)
248545 openat(AT_FDCWD</home/visitor/Documents/depthanything_u250_host_graph_r74_cpp_frame_graph_boundary>, "tls/haswell/libdl.so.2", O_RDONLY|O_CLOEXEC) = -1 ENOENT (No such file or directory)
248545 openat(AT_FDCWD</home/visitor/Documents/depthanything_u250_host_graph_r74_cpp_frame_graph_boundary>, "tls/x86_64/libdl.so.2", O_RDONLY|O_CLOEXEC) = -1 ENOENT (No such file or directory)
248545 openat(AT_FDCWD</home/visitor/Documents/depthanything_u250_host_graph_r74_cpp_frame_graph_boundary>, "tls/libdl.so.2", O_RDONLY|O_CLOEXEC) = -1 ENOENT (No such file or directory)
248545 openat(AT_FDCWD</home/visitor/Documents/depthanything_u250_host_graph_r74_cpp_frame_graph_boundary>, "haswell/x86_64/libdl.so.2", O_RDONLY|O_CLOEXEC) = -1 ENOENT (No such file or directory)
248545 openat(AT_FDCWD</home/visitor/Documents/depthanything_u250_host_graph_r74_cpp_frame_graph_boundary>, "haswell/libdl.so.2", O_RDONLY|O_CLOEXEC) = -1 ENOENT (No such file or directory)
248545 openat(AT_FDCWD</home/visitor/Documents/depthanything_u250_host_graph_r74_cpp_frame_graph_boundary>, "x86_64/libdl.so.2", O_RDONLY|O_CLOEXEC) = -1 ENOENT (No such file or directory)
248545 openat(AT_FDCWD</home/visitor/Documents/depthanything_u250_host_graph_r74_cpp_frame_graph_boundary>, "libdl.so.2", O_RDONLY|O_CLOEXEC) = -1 ENOENT (No such file or directory)
248545 openat(AT_FDCWD</home/visitor/Documents/depthanything_u250_host_graph_r74_cpp_frame_graph_boundary>, "/lib/x86_64-linux-gnu/libdl.so.2", O_RDONLY|O_CLOEXEC) = 3</usr/lib/x86_64-linux-gnu/libdl.so.2>
248545 openat(AT_FDCWD</home/visitor/Documents/depthanything_u250_host_graph_r74_cpp_frame_graph_boundary>, "/home/visitor/anaconda3/envs/ds/bin/../lib/libutil.so.1", O_RDONLY|O_CLOEXEC) = -1 ENOENT (No such file or directory)
248545 openat(AT_FDCWD</home/visitor/Documents/depthanything_u250_host_graph_r74_cpp_frame_graph_boundary>, "/home/visitor/anaconda3/lib/libutil.so.1", O_RDONLY|O_CLOEXEC) = -1 ENOENT (No such file or directory)
248545 openat(AT_FDCWD</home/visitor/Documents/depthanything_u250_host_graph_r74_cpp_frame_graph_boundary>, "glibc-hwcaps/x86-64-v3/libutil.so.1", O_RDONLY|O_CLOEXEC) = -1 ENOENT (No such file or directory)
248545 openat(AT_FDCWD</home/visitor/Documents/depthanything_u250_host_graph_r74_cpp_frame_graph_boundary>, "glibc-hwcaps/x86-64-v2/libutil.so.1", O_RDONLY|O_CLOEXEC) = -1 ENOENT (No such file or directory)
248545 openat(AT_FDCWD</home/visitor/Documents/depthanything_u250_host_graph_r74_cpp_frame_graph_boundary>, "tls/haswell/x86_64/libutil.so.1", O_RDONLY|O_CLOEXEC) = -1 ENOENT (No such file or directory)
248545 openat(AT_FDCWD</home/visitor/Documents/depthanything_u250_host_graph_r74_cpp_frame_graph_boundary>, "tls/haswell/libutil.so.1", O_RDONLY|O_CLOEXEC) = -1 ENOENT (No such file or directory)
248545 openat(AT_FDCWD</home/visitor/Documents/depthanything_u250_host_graph_r74_cpp_frame_graph_boundary>, "tls/x86_64/libutil.so.1", O_RDONLY|O_CLOEXEC) = -1 ENOENT (No such file or directory)
248545 openat(AT_FDCWD</home/visitor/Documents/depthanything_u250_host_graph_r74_cpp_frame_graph_boundary>, "tls/libutil.so.1", O_RDONLY|O_CLOEXEC) = -1 ENOENT (No such file or directory)
248545 openat(AT_FDCWD</home/visitor/Documents/depthanything_u250_host_graph_r74_cpp_frame_graph_boundary>, "haswell/x86_64/libutil.so.1", O_RDONLY|O_CLOEXEC) = -1 ENOENT (No such file or directory)
248545 openat(AT_FDCWD</home/visitor/Documents/depthanything_u250_host_graph_r74_cpp_frame_graph_boundary>, "haswell/libutil.so.1", O_RDONLY|O_CLOEXEC) = -1 ENOENT (No such file or directory)
248545 openat(AT_FDCWD</home/visitor/Documents/depthanything_u250_host_graph_r74_cpp_frame_graph_boundary>, "x86_64/libutil.so.1", O_RDONLY|O_CLOEXEC) = -1 ENOENT (No such file or directory)
248545 openat(AT_FDCWD</home/visitor/Documents/depthanything_u250_host_graph_r74_cpp_frame_graph_boundary>, "libutil.so.1", O_RDONLY|O_CLOEXEC) = -1 ENOENT (No such file or directory)
248545 openat(AT_FDCWD</home/visitor/Documents/depthanything_u250_host_graph_r74_cpp_frame_graph_boundary>, "/lib/x86_64-linux-gnu/libutil.so.1", O_RDONLY|O_CLOEXEC) = 3</usr/lib/x86_64-linux-gnu/libutil.so.1>
248545 openat(AT_FDCWD</home/visitor/Documents/depthanything_u250_host_graph_r74_cpp_frame_graph_boundary>, "/home/visitor/anaconda3/envs/ds/bin/../lib/libm.so.6", O_RDONLY|O_CLOEXEC) = -1 ENOENT (No such file or directory)
248545 openat(AT_FDCWD</home/visitor/Documents/depthanything_u250_host_graph_r74_cpp_frame_graph_boundary>, "/home/visitor/anaconda3/lib/libm.so.6", O_RDONLY|O_CLOEXEC) = -1 ENOENT (No such file or directory)
248545 openat(AT_FDCWD</home/visitor/Documents/depthanything_u250_host_graph_r74_cpp_frame_graph_boundary>, "glibc-hwcaps/x86-64-v3/libm.so.6", O_RDONLY|O_CLOEXEC) = -1 ENOENT (No such file or directory)
248545 openat(AT_FDCWD</home/visitor/Documents/depthanything_u250_host_graph_r74_cpp_frame_graph_boundary>, "glibc-hwcaps/x86-64-v2/libm.so.6", O_RDONLY|O_CLOEXEC) = -1 ENOENT (No such file or directory)
248545 openat(AT_FDCWD</home/visitor/Documents/depthanything_u250_host_graph_r74_cpp_frame_graph_boundary>, "tls/haswell/x86_64/libm.so.6", O_RDONLY|O_CLOEXEC) = -1 ENOENT (No such file or directory)
248545 openat(AT_FDCWD</home/visitor/Documents/depthanything_u250_host_graph_r74_cpp_frame_graph_boundary>, "tls/haswell/libm.so.6", O_RDONLY|O_CLOEXEC) = -1 ENOENT (No such file or directory)
248545 openat(AT_FDCWD</home/visitor/Documents/depthanything_u250_host_graph_r74_cpp_frame_graph_boundary>, "tls/x86_64/libm.so.6", O_RDONLY|O_CLOEXEC) = -1 ENOENT (No such file or directory)
248545 openat(AT_FDCWD</home/visitor/Documents/depthanything_u250_host_graph_r74_cpp_frame_graph_boundary>, "tls/libm.so.6", O_RDONLY|O_CLOEXEC) = -1 ENOENT (No such file or directory)
248545 openat(AT_FDCWD</home/visitor/Documents/depthanything_u250_host_graph_r74_cpp_frame_graph_boundary>, "haswell/x86_64/libm.so.6", O_RDONLY|O_CLOEXEC) = -1 ENOENT (No such file or directory)
248545 openat(AT_FDCWD</home/visitor/Documents/depthanything_u250_host_graph_r74_cpp_frame_graph_boundary>, "haswell/libm.so.6", O_RDONLY|O_CLOEXEC) = -1 ENOENT (No such file or directory)
248545 openat(AT_FDCWD</home/visitor/Documents/depthanything_u250_host_graph_r74_cpp_frame_graph_boundary>, "x86_64/libm.so.6", O_RDONLY|O_CLOEXEC) = -1 ENOENT (No such file or directory)
248545 openat(AT_FDCWD</home/visitor/Documents/depthanything_u250_host_graph_r74_cpp_frame_graph_boundary>, "libm.so.6", O_RDONLY|O_CLOEXEC) = -1 ENOENT (No such file or directory)
248545 openat(AT_FDCWD</home/visitor/Documents/depthanything_u250_host_graph_r74_cpp_frame_graph_boundary>, "/lib/x86_64-linux-gnu/libm.so.6", O_RDONLY|O_CLOEXEC) = 3</usr/lib/x86_64-linux-gnu/libm.so.6>
248545 openat(AT_FDCWD</home/visitor/Documents/depthanything_u250_host_graph_r74_cpp_frame_graph_boundary>, "/home/visitor/anaconda3/envs/ds/bin/../lib/libc.so.6", O_RDONLY|O_CLOEXEC) = -1 ENOENT (No such file or directory)
248545 openat(AT_FDCWD</home/visitor/Documents/depthanything_u250_host_graph_r74_cpp_frame_graph_boundary>, "/home/visitor/anaconda3/lib/libc.so.6", O_RDONLY|O_CLOEXEC) = -1 ENOENT (No such file or directory)
248545 openat(AT_FDCWD</home/visitor/Documents/depthanything_u250_host_graph_r74_cpp_frame_graph_boundary>, "glibc-hwcaps/x86-64-v3/libc.so.6", O_RDONLY|O_CLOEXEC) = -1 ENOENT (No such file or directory)
248545 openat(AT_FDCWD</home/visitor/Documents/depthanything_u250_host_graph_r74_cpp_frame_graph_boundary>, "glibc-hwcaps/x86-64-v2/libc.so.6", O_RDONLY|O_CLOEXEC) = -1 ENOENT (No such file or directory)
248545 openat(AT_FDCWD</home/visitor/Documents/depthanything_u250_host_graph_r74_cpp_frame_graph_boundary>, "tls/haswell/x86_64/libc.so.6", O_RDONLY|O_CLOEXEC) = -1 ENOENT (No such file or directory)
248545 openat(AT_FDCWD</home/visitor/Documents/depthanything_u250_host_graph_r74_cpp_frame_graph_boundary>, "tls/haswell/libc.so.6", O_RDONLY|O_CLOEXEC) = -1 ENOENT (No such file or directory)
248545 openat(AT_FDCWD</home/visitor/Documents/depthanything_u250_host_graph_r74_cpp_frame_graph_boundary>, "tls/x86_64/libc.so.6", O_RDONLY|O_CLOEXEC) = -1 ENOENT (No such file or directory)
248545 openat(AT_FDCWD</home/visitor/Documents/depthanything_u250_host_graph_r74_cpp_frame_graph_boundary>, "tls/libc.so.6", O_RDONLY|O_CLOEXEC) = -1 ENOENT (No such file or directory)
248545 openat(AT_FDCWD</home/visitor/Documents/depthanything_u250_host_graph_r74_cpp_frame_graph_boundary>, "haswell/x86_64/libc.so.6", O_RDONLY|O_CLOEXEC) = -1 ENOENT (No such file or directory)
248545 openat(AT_FDCWD</home/visitor/Documents/depthanything_u250_host_graph_r74_cpp_frame_graph_boundary>, "haswell/libc.so.6", O_RDONLY|O_CLOEXEC) = -1 ENOENT (No such file or directory)
248545 openat(AT_FDCWD</home/visitor/Documents/depthanything_u250_host_graph_r74_cpp_frame_graph_boundary>, "x86_64/libc.so.6", O_RDONLY|O_CLOEXEC) = -1 ENOENT (No such file or directory)
248545 openat(AT_FDCWD</home/visitor/Documents/depthanything_u250_host_graph_r74_cpp_frame_graph_boundary>, "libc.so.6", O_RDONLY|O_CLOEXEC) = -1 ENOENT (No such file or directory)
248545 openat(AT_FDCWD</home/visitor/Documents/depthanything_u250_host_graph_r74_cpp_frame_graph_boundary>, "/lib/x86_64-linux-gnu/libc.so.6", O_RDONLY|O_CLOEXEC) = 3</usr/lib/x86_64-linux-gnu/libc.so.6>
248545 open("/proc/sys/vm/overcommit_memory", O_RDONLY) = 3</proc/sys/vm/overcommit_memory>
248545 openat(AT_FDCWD</home/visitor/Documents/depthanything_u250_host_graph_r74_cpp_frame_graph_boundary>, "/usr/lib/locale/locale-archive", O_RDONLY|O_CLOEXEC) = 3</usr/lib/locale/locale-archive>
248545 openat(AT_FDCWD</home/visitor/Documents/depthanything_u250_host_graph_r74_cpp_frame_graph_boundary>, "/usr/share/locale/locale.alias", O_RDONLY|O_CLOEXEC) = 3</etc/locale.alias>
248545 openat(AT_FDCWD</home/visitor/Documents/depthanything_u250_host_graph_r74_cpp_frame_graph_boundary>, "/usr/lib/locale/C.UTF-8/LC_CTYPE", O_RDONLY|O_CLOEXEC) = -1 ENOENT (No such file or directory)
248545 openat(AT_FDCWD</home/visitor/Documents/depthanything_u250_host_graph_r74_cpp_frame_graph_boundary>, "/usr/lib/locale/C.utf8/LC_CTYPE", O_RDONLY|O_CLOEXEC) = 3</usr/lib/locale/C.utf8/LC_CTYPE>
248545 openat(AT_FDCWD</home/visitor/Documents/depthanything_u250_host_graph_r74_cpp_frame_graph_boundary>, "/usr/lib/x86_64-linux-gnu/gconv/gconv-modules.cache", O_RDONLY) = 3</usr/lib/x86_64-linux-gnu/gconv/gconv-modules.cache>
248545 openat(AT_FDCWD</home/visitor/Documents/depthanything_u250_host_graph_r74_cpp_frame_graph_boundary>, "/home/visitor/anaconda3/envs/ds/pyvenv.cfg", O_RDONLY) = -1 ENOENT (No such file or directory)
248545 openat(AT_FDCWD</home/visitor/Documents/depthanything_u250_host_graph_r74_cpp_frame_graph_boundary>, "/home/visitor/anaconda3/envs/ds/bin/pyvenv.cfg", O_RDONLY) = -1 ENOENT (No such file or directory)
248545 openat(AT_FDCWD</home/visitor/Documents/depthanything_u250_host_graph_r74_cpp_frame_graph_boundary>, "/home/visitor/anaconda3/envs/ds/bin/python._pth", O_RDONLY) = -1 ENOENT (No such file or directory)
248545 openat(AT_FDCWD</home/visitor/Documents/depthanything_u250_host_graph_r74_cpp_frame_graph_boundary>, "/home/visitor/anaconda3/envs/ds/bin/python3.13._pth", O_RDONLY) = -1 ENOENT (No such file or directory)
248545 openat(AT_FDCWD</home/visitor/Documents/depthanything_u250_host_graph_r74_cpp_frame_graph_boundary>, "/home/visitor/anaconda3/envs/ds/bin/pybuilddir.txt", O_RDONLY) = -1 ENOENT (No such file or directory)
248545 openat(AT_FDCWD</home/visitor/Documents/depthanything_u250_host_graph_r74_cpp_frame_graph_boundary>, "/etc/localtime", O_RDONLY|O_CLOEXEC) = 3</usr/share/zoneinfo/Asia/Hong_Kong>
248545 openat(AT_FDCWD</home/visitor/Documents/depthanything_u250_host_graph_r74_cpp_frame_graph_boundary>, "/home/visitor/anaconda3/envs/ds/lib/python3.13", O_RDONLY|O_NONBLOCK|O_CLOEXEC|O_DIRECTORY) = 3</home/visitor/anaconda3/envs/ds/lib/python3.13>
248545 openat(AT_FDCWD</home/visitor/Documents/depthanything_u250_host_graph_r74_cpp_frame_graph_boundary>, "/home/visitor/anaconda3/envs/ds/lib/python3.13/encodings/__pycache__/__init__.cpython-313.pyc", O_RDONLY|O_CLOEXEC) = 3</home/visitor/anaconda3/envs/ds/lib/python3.13/encodings/__pycache__/__init__.cpython-313.pyc>
248545 openat(AT_FDCWD</home/visitor/Documents/depthanything_u250_host_graph_r74_cpp_frame_graph_boundary>, "/home/visitor/anaconda3/envs/ds/lib/python3.13/encodings", O_RDONLY|O_NONBLOCK|O_CLOEXEC|O_DIRECTORY) = 3</home/visitor/anaconda3/envs/ds/lib/python3.13/encodings>
248545 openat(AT_FDCWD</home/visitor/Documents/depthanything_u250_host_graph_r74_cpp_frame_graph_boundary>, "/home/visitor/anaconda3/envs/ds/lib/python3.13/encodings/__pycache__/aliases.cpython-313.pyc", O_RDONLY|O_CLOEXEC) = 3</home/visitor/anaconda3/envs/ds/lib/python3.13/encodings/__pycache__/aliases.cpython-313.pyc>
248545 openat(AT_FDCWD</home/visitor/Documents/depthanything_u250_host_graph_r74_cpp_frame_graph_boundary>, "/home/visitor/anaconda3/envs/ds/lib/python3.13/encodings/__pycache__/utf_8.cpython-313.pyc", O_RDONLY|O_CLOEXEC) = 3</home/visitor/anaconda3/envs/ds/lib/python3.13/encodings/__pycache__/utf_8.cpython-313.pyc>
248545 openat(AT_FDCWD</home/visitor/Documents/depthanything_u250_host_graph_r74_cpp_frame_graph_boundary>, "/home/visitor/anaconda3/envs/ds/lib/python3.13/site-packages", O_RDONLY|O_NONBLOCK|O_CLOEXEC|O_DIRECTORY) = 3</home/visitor/anaconda3/envs/ds/lib/python3.13/site-packages>
248545 openat(AT_FDCWD</home/visitor/Documents/depthanything_u250_host_graph_r74_cpp_frame_graph_boundary>, "/home/visitor/anaconda3/envs/ds/lib/python3.13/site-packages/conda-site.pth", O_RDONLY|O_CLOEXEC) = 3</home/visitor/anaconda3/envs/ds/lib/python3.13/site-packages/conda-site.pth>
248545 openat(AT_FDCWD</home/visitor/Documents/depthanything_u250_host_graph_r74_cpp_frame_graph_boundary>, "/home/visitor/anaconda3/envs/ds/lib/python3.13/encodings/__pycache__/utf_8_sig.cpython-313.pyc", O_RDONLY|O_CLOEXEC) = 3</home/visitor/anaconda3/envs/ds/lib/python3.13/encodings/__pycache__/utf_8_sig.cpython-313.pyc>
248545 openat(AT_FDCWD</home/visitor/Documents/depthanything_u250_host_graph_r74_cpp_frame_graph_boundary>, "/home/visitor/anaconda3/envs/ds/lib/python3.13/site-packages/distutils-precedence.pth", O_RDONLY|O_CLOEXEC) = 3</home/visitor/anaconda3/envs/ds/lib/python3.13/site-packages/distutils-precedence.pth>
248545 openat(AT_FDCWD</home/visitor/Documents/depthanything_u250_host_graph_r74_cpp_frame_graph_boundary>, "/home/visitor/anaconda3/envs/ds/lib/python3.13/lib-dynload", O_RDONLY|O_NONBLOCK|O_CLOEXEC|O_DIRECTORY) = 3</home/visitor/anaconda3/envs/ds/lib/python3.13/lib-dynload>
248545 openat(AT_FDCWD</home/visitor/Documents/depthanything_u250_host_graph_r74_cpp_frame_graph_boundary>, "/home/visitor/anaconda3/envs/ds/lib/python3.13/site-packages", O_RDONLY|O_NONBLOCK|O_CLOEXEC|O_DIRECTORY) = 3</home/visitor/anaconda3/envs/ds/lib/python3.13/site-packages>
248545 openat(AT_FDCWD</home/visitor/Documents/depthanything_u250_host_graph_r74_cpp_frame_graph_boundary>, "/home/visitor/anaconda3/envs/ds/lib/python3.13/site-packages/_distutils_hack/__pycache__/__init__.cpython-313.pyc", O_RDONLY|O_CLOEXEC) = 3</home/visitor/anaconda3/envs/ds/lib/python3.13/site-packages/_distutils_hack/__pycache__/__init__.cpython-313.pyc>
248545 openat(AT_FDCWD</home/visitor/Documents/depthanything_u250_host_graph_r74_cpp_frame_graph_boundary>, "/home/visitor/Documents/depthanything_u250_host_graph_r74_cpp_frame_graph_boundary/tools/run_u250_native_codec_controlflow.py", O_RDONLY|O_CLOEXEC) = 3</home/visitor/Documents/depthanything_u250_host_graph_r74_cpp_frame_graph_boundary/tools/run_u250_native_codec_controlflow.py>
248545 openat(AT_FDCWD</home/visitor/Documents/depthanything_u250_host_graph_r74_cpp_frame_graph_boundary>, "/home/visitor/Documents/depthanything_u250_host_graph_r74_cpp_frame_graph_boundary/tools/run_u250_native_codec_controlflow.py", O_RDONLY) = 3</home/visitor/Documents/depthanything_u250_host_graph_r74_cpp_frame_graph_boundary/tools/run_u250_native_codec_controlflow.py>
248545 openat(AT_FDCWD</home/visitor/Documents/depthanything_u250_host_graph_r74_cpp_frame_graph_boundary>, "/home/visitor/Documents/depthanything_u250_host_graph_r74_cpp_frame_graph_boundary/tools", O_RDONLY|O_NONBLOCK|O_CLOEXEC|O_DIRECTORY) = 3</home/visitor/Documents/depthanything_u250_host_graph_r74_cpp_frame_graph_boundary/tools>
248545 openat(AT_FDCWD</home/visitor/Documents/depthanything_u250_host_graph_r74_cpp_frame_graph_boundary>, "/home/visitor/anaconda3/envs/ds/lib/python3.13/__pycache__/__future__.cpython-313.pyc", O_RDONLY|O_CLOEXEC) = 3</home/visitor/anaconda3/envs/ds/lib/python3.13/__pycache__/__future__.cpython-313.pyc>
248545 openat(AT_FDCWD</home/visitor/Documents/depthanything_u250_host_graph_r74_cpp_frame_graph_boundary>, "/home/visitor/anaconda3/envs/ds/lib/python3.13/__pycache__/argparse.cpython-313.pyc", O_RDONLY|O_CLOEXEC) = 3</home/visitor/anaconda3/envs/ds/lib/python3.13/__pycache__/argparse.cpython-313.pyc>
248545 openat(AT_FDCWD</home/visitor/Documents/depthanything_u250_host_graph_r74_cpp_frame_graph_boundary>, "/home/visitor/anaconda3/envs/ds/lib/python3.13/re/__pycache__/__init__.cpython-313.pyc", O_RDONLY|O_CLOEXEC) = 3</home/visitor/anaconda3/envs/ds/lib/python3.13/re/__pycache__/__init__.cpython-313.pyc>
248545 openat(AT_FDCWD</home/visitor/Documents/depthanything_u250_host_graph_r74_cpp_frame_graph_boundary>, "/home/visitor/anaconda3/envs/ds/lib/python3.13/__pycache__/enum.cpython-313.pyc", O_RDONLY|O_CLOEXEC) = 3</home/visitor/anaconda3/envs/ds/lib/python3.13/__pycache__/enum.cpython-313.pyc>
248545 openat(AT_FDCWD</home/visitor/Documents/depthanything_u250_host_graph_r74_cpp_frame_graph_boundary>, "/home/visitor/anaconda3/envs/ds/lib/python3.13/__pycache__/functools.cpython-313.pyc", O_RDONLY|O_CLOEXEC) = 3</home/visitor/anaconda3/envs/ds/lib/python3.13/__pycache__/functools.cpython-313.pyc>
248545 openat(AT_FDCWD</home/visitor/Documents/depthanything_u250_host_graph_r74_cpp_frame_graph_boundary>, "/home/visitor/anaconda3/envs/ds/lib/python3.13/collections/__pycache__/__init__.cpython-313.pyc", O_RDONLY|O_CLOEXEC) = 3</home/visitor/anaconda3/envs/ds/lib/python3.13/collections/__pycache__/__init__.cpython-313.pyc>
248545 openat(AT_FDCWD</home/visitor/Documents/depthanything_u250_host_graph_r74_cpp_frame_graph_boundary>, "/home/visitor/anaconda3/envs/ds/lib/python3.13/__pycache__/keyword.cpython-313.pyc", O_RDONLY|O_CLOEXEC) = 3</home/visitor/anaconda3/envs/ds/lib/python3.13/__pycache__/keyword.cpython-313.pyc>
248545 openat(AT_FDCWD</home/visitor/Documents/depthanything_u250_host_graph_r74_cpp_frame_graph_boundary>, "/home/visitor/anaconda3/envs/ds/lib/python3.13/__pycache__/operator.cpython-313.pyc", O_RDONLY|O_CLOEXEC) = 3</home/visitor/anaconda3/envs/ds/lib/python3.13/__pycache__/operator.cpython-313.pyc>
248545 openat(AT_FDCWD</home/visitor/Documents/depthanything_u250_host_graph_r74_cpp_frame_graph_boundary>, "/home/visitor/anaconda3/envs/ds/lib/python3.13/__pycache__/reprlib.cpython-313.pyc", O_RDONLY|O_CLOEXEC) = 3</home/visitor/anaconda3/envs/ds/lib/python3.13/__pycache__/reprlib.cpython-313.pyc>
248545 openat(AT_FDCWD</home/visitor/Documents/depthanything_u250_host_graph_r74_cpp_frame_graph_boundary>, "/home/visitor/anaconda3/envs/ds/lib/python3.13/__pycache__/types.cpython-313.pyc", O_RDONLY|O_CLOEXEC) = 3</home/visitor/anaconda3/envs/ds/lib/python3.13/__pycache__/types.cpython-313.pyc>
248545 openat(AT_FDCWD</home/visitor/Documents/depthanything_u250_host_graph_r74_cpp_frame_graph_boundary>, "/home/visitor/anaconda3/envs/ds/lib/python3.13/re", O_RDONLY|O_NONBLOCK|O_CLOEXEC|O_DIRECTORY) = 3</home/visitor/anaconda3/envs/ds/lib/python3.13/re>
248545 openat(AT_FDCWD</home/visitor/Documents/depthanything_u250_host_graph_r74_cpp_frame_graph_boundary>, "/home/visitor/anaconda3/envs/ds/lib/python3.13/re/__pycache__/_compiler.cpython-313.pyc", O_RDONLY|O_CLOEXEC) = 3</home/visitor/anaconda3/envs/ds/lib/python3.13/re/__pycache__/_compiler.cpython-313.pyc>
248545 openat(AT_FDCWD</home/visitor/Documents/depthanything_u250_host_graph_r74_cpp_frame_graph_boundary>, "/home/visitor/anaconda3/envs/ds/lib/python3.13/re/__pycache__/_parser.cpython-313.pyc", O_RDONLY|O_CLOEXEC) = 3</home/visitor/anaconda3/envs/ds/lib/python3.13/re/__pycache__/_parser.cpython-313.pyc>
248545 openat(AT_FDCWD</home/visitor/Documents/depthanything_u250_host_graph_r74_cpp_frame_graph_boundary>, "/home/visitor/anaconda3/envs/ds/lib/python3.13/re/__pycache__/_constants.cpython-313.pyc", O_RDONLY|O_CLOEXEC) = 3</home/visitor/anaconda3/envs/ds/lib/python3.13/re/__pycache__/_constants.cpython-313.pyc>
248545 openat(AT_FDCWD</home/visitor/Documents/depthanything_u250_host_graph_r74_cpp_frame_graph_boundary>, "/home/visitor/anaconda3/envs/ds/lib/python3.13/re/__pycache__/_casefix.cpython-313.pyc", O_RDONLY|O_CLOEXEC) = 3</home/visitor/anaconda3/envs/ds/lib/python3.13/re/__pycache__/_casefix.cpython-313.pyc>
248545 openat(AT_FDCWD</home/visitor/Documents/depthanything_u250_host_graph_r74_cpp_frame_graph_boundary>, "/home/visitor/anaconda3/envs/ds/lib/python3.13/__pycache__/copyreg.cpython-313.pyc", O_RDONLY|O_CLOEXEC) = 3</home/visitor/anaconda3/envs/ds/lib/python3.13/__pycache__/copyreg.cpython-313.pyc>
248545 openat(AT_FDCWD</home/visitor/Documents/depthanything_u250_host_graph_r74_cpp_frame_graph_boundary>, "/home/visitor/anaconda3/envs/ds/lib/python3.13/__pycache__/gettext.cpython-313.pyc", O_RDONLY|O_CLOEXEC) = 3</home/visitor/anaconda3/envs/ds/lib/python3.13/__pycache__/gettext.cpython-313.pyc>
248545 openat(AT_FDCWD</home/visitor/Documents/depthanything_u250_host_graph_r74_cpp_frame_graph_boundary>, "/home/visitor/anaconda3/envs/ds/lib/python3.13/__pycache__/datetime.cpython-313.pyc", O_RDONLY|O_CLOEXEC) = 3</home/visitor/anaconda3/envs/ds/lib/python3.13/__pycache__/datetime.cpython-313.pyc>
248545 openat(AT_FDCWD</home/visitor/Documents/depthanything_u250_host_graph_r74_cpp_frame_graph_boundary>, "/home/visitor/anaconda3/envs/ds/lib/python3.13/lib-dynload/_datetime.cpython-313-x86_64-linux-gnu.so", O_RDONLY|O_CLOEXEC) = 3</home/visitor/anaconda3/envs/ds/lib/python3.13/lib-dynload/_datetime.cpython-313-x86_64-linux-gnu.so>
248545 openat(AT_FDCWD</home/visitor/Documents/depthanything_u250_host_graph_r74_cpp_frame_graph_boundary>, "/home/visitor/anaconda3/envs/ds/lib/python3.13/__pycache__/hashlib.cpython-313.pyc", O_RDONLY|O_CLOEXEC) = 3</home/visitor/anaconda3/envs/ds/lib/python3.13/__pycache__/hashlib.cpython-313.pyc>
248545 openat(AT_FDCWD</home/visitor/Documents/depthanything_u250_host_graph_r74_cpp_frame_graph_boundary>, "/home/visitor/anaconda3/envs/ds/lib/python3.13/lib-dynload/_hashlib.cpython-313-x86_64-linux-gnu.so", O_RDONLY|O_CLOEXEC) = 3</home/visitor/anaconda3/envs/ds/lib/python3.13/lib-dynload/_hashlib.cpython-313-x86_64-linux-gnu.so>
248545 openat(AT_FDCWD</home/visitor/Documents/depthanything_u250_host_graph_r74_cpp_frame_graph_boundary>, "/home/visitor/anaconda3/envs/ds/lib/python3.13/lib-dynload/../../glibc-hwcaps/x86-64-v3/libcrypto.so.3", O_RDONLY|O_CLOEXEC) = -1 ENOENT (No such file or directory)
248545 openat(AT_FDCWD</home/visitor/Documents/depthanything_u250_host_graph_r74_cpp_frame_graph_boundary>, "/home/visitor/anaconda3/envs/ds/lib/python3.13/lib-dynload/../../glibc-hwcaps/x86-64-v2/libcrypto.so.3", O_RDONLY|O_CLOEXEC) = -1 ENOENT (No such file or directory)
248545 openat(AT_FDCWD</home/visitor/Documents/depthanything_u250_host_graph_r74_cpp_frame_graph_boundary>, "/home/visitor/anaconda3/envs/ds/lib/python3.13/lib-dynload/../../tls/haswell/x86_64/libcrypto.so.3", O_RDONLY|O_CLOEXEC) = -1 ENOENT (No such file or directory)
248545 openat(AT_FDCWD</home/visitor/Documents/depthanything_u250_host_graph_r74_cpp_frame_graph_boundary>, "/home/visitor/anaconda3/envs/ds/lib/python3.13/lib-dynload/../../tls/haswell/libcrypto.so.3", O_RDONLY|O_CLOEXEC) = -1 ENOENT (No such file or directory)
248545 openat(AT_FDCWD</home/visitor/Documents/depthanything_u250_host_graph_r74_cpp_frame_graph_boundary>, "/home/visitor/anaconda3/envs/ds/lib/python3.13/lib-dynload/../../tls/x86_64/libcrypto.so.3", O_RDONLY|O_CLOEXEC) = -1 ENOENT (No such file or directory)
248545 openat(AT_FDCWD</home/visitor/Documents/depthanything_u250_host_graph_r74_cpp_frame_graph_boundary>, "/home/visitor/anaconda3/envs/ds/lib/python3.13/lib-dynload/../../tls/libcrypto.so.3", O_RDONLY|O_CLOEXEC) = -1 ENOENT (No such file or directory)
248545 openat(AT_FDCWD</home/visitor/Documents/depthanything_u250_host_graph_r74_cpp_frame_graph_boundary>, "/home/visitor/anaconda3/envs/ds/lib/python3.13/lib-dynload/../../haswell/x86_64/libcrypto.so.3", O_RDONLY|O_CLOEXEC) = -1 ENOENT (No such file or directory)
248545 openat(AT_FDCWD</home/visitor/Documents/depthanything_u250_host_graph_r74_cpp_frame_graph_boundary>, "/home/visitor/anaconda3/envs/ds/lib/python3.13/lib-dynload/../../haswell/libcrypto.so.3", O_RDONLY|O_CLOEXEC) = -1 ENOENT (No such file or directory)
248545 openat(AT_FDCWD</home/visitor/Documents/depthanything_u250_host_graph_r74_cpp_frame_graph_boundary>, "/home/visitor/anaconda3/envs/ds/lib/python3.13/lib-dynload/../../x86_64/libcrypto.so.3", O_RDONLY|O_CLOEXEC) = -1 ENOENT (No such file or directory)
248545 openat(AT_FDCWD</home/visitor/Documents/depthanything_u250_host_graph_r74_cpp_frame_graph_boundary>, "/home/visitor/anaconda3/envs/ds/lib/python3.13/lib-dynload/../../libcrypto.so.3", O_RDONLY|O_CLOEXEC) = 3</home/visitor/anaconda3/envs/ds/lib/libcrypto.so.3>
248545 openat(AT_FDCWD</home/visitor/Documents/depthanything_u250_host_graph_r74_cpp_frame_graph_boundary>, "/home/visitor/anaconda3/envs/ds/ssl/openssl.cnf", O_RDONLY) = 3</home/visitor/anaconda3/envs/ds/ssl/openssl.cnf>
248545 openat(AT_FDCWD</home/visitor/Documents/depthanything_u250_host_graph_r74_cpp_frame_graph_boundary>, "/home/visitor/anaconda3/envs/ds/lib/python3.13/lib-dynload/_blake2.cpython-313-x86_64-linux-gnu.so", O_RDONLY|O_CLOEXEC) = 3</home/visitor/anaconda3/envs/ds/lib/python3.13/lib-dynload/_blake2.cpython-313-x86_64-linux-gnu.so>
248545 openat(AT_FDCWD</home/visitor/Documents/depthanything_u250_host_graph_r74_cpp_frame_graph_boundary>, "/home/visitor/anaconda3/envs/ds/lib/python3.13/json/__pycache__/__init__.cpython-313.pyc", O_RDONLY|O_CLOEXEC) = 3</home/visitor/anaconda3/envs/ds/lib/python3.13/json/__pycache__/__init__.cpython-313.pyc>
248545 openat(AT_FDCWD</home/visitor/Documents/depthanything_u250_host_graph_r74_cpp_frame_graph_boundary>, "/home/visitor/anaconda3/envs/ds/lib/python3.13/json", O_RDONLY|O_NONBLOCK|O_CLOEXEC|O_DIRECTORY) = 3</home/visitor/anaconda3/envs/ds/lib/python3.13/json>
248545 openat(AT_FDCWD</home/visitor/Documents/depthanything_u250_host_graph_r74_cpp_frame_graph_boundary>, "/home/visitor/anaconda3/envs/ds/lib/python3.13/json/__pycache__/decoder.cpython-313.pyc", O_RDONLY|O_CLOEXEC) = 3</home/visitor/anaconda3/envs/ds/lib/python3.13/json/__pycache__/decoder.cpython-313.pyc>
248545 openat(AT_FDCWD</home/visitor/Documents/depthanything_u250_host_graph_r74_cpp_frame_graph_boundary>, "/home/visitor/anaconda3/envs/ds/lib/python3.13/json/__pycache__/scanner.cpython-313.pyc", O_RDONLY|O_CLOEXEC) = 3</home/visitor/anaconda3/envs/ds/lib/python3.13/json/__pycache__/scanner.cpython-313.pyc>
248545 openat(AT_FDCWD</home/visitor/Documents/depthanything_u250_host_graph_r74_cpp_frame_graph_boundary>, "/home/visitor/anaconda3/envs/ds/lib/python3.13/lib-dynload/_json.cpython-313-x86_64-linux-gnu.so", O_RDONLY|O_CLOEXEC) = 3</home/visitor/anaconda3/envs/ds/lib/python3.13/lib-dynload/_json.cpython-313-x86_64-linux-gnu.so>
248545 openat(AT_FDCWD</home/visitor/Documents/depthanything_u250_host_graph_r74_cpp_frame_graph_boundary>, "/home/visitor/anaconda3/envs/ds/lib/python3.13/json/__pycache__/encoder.cpython-313.pyc", O_RDONLY|O_CLOEXEC) = 3</home/visitor/anaconda3/envs/ds/lib/python3.13/json/__pycache__/encoder.cpython-313.pyc>
248545 openat(AT_FDCWD</home/visitor/Documents/depthanything_u250_host_graph_r74_cpp_frame_graph_boundary>, "/home/visitor/anaconda3/envs/ds/lib/python3.13/lib-dynload/math.cpython-313-x86_64-linux-gnu.so", O_RDONLY|O_CLOEXEC) = 3</home/visitor/anaconda3/envs/ds/lib/python3.13/lib-dynload/math.cpython-313-x86_64-linux-gnu.so>
248545 openat(AT_FDCWD</home/visitor/Documents/depthanything_u250_host_graph_r74_cpp_frame_graph_boundary>, "/home/visitor/anaconda3/envs/ds/lib/python3.13/pathlib/__pycache__/__init__.cpython-313.pyc", O_RDONLY|O_CLOEXEC) = 3</home/visitor/anaconda3/envs/ds/lib/python3.13/pathlib/__pycache__/__init__.cpython-313.pyc>
248545 openat(AT_FDCWD</home/visitor/Documents/depthanything_u250_host_graph_r74_cpp_frame_graph_boundary>, "/home/visitor/anaconda3/envs/ds/lib/python3.13/pathlib", O_RDONLY|O_NONBLOCK|O_CLOEXEC|O_DIRECTORY) = 3</home/visitor/anaconda3/envs/ds/lib/python3.13/pathlib>
248545 openat(AT_FDCWD</home/visitor/Documents/depthanything_u250_host_graph_r74_cpp_frame_graph_boundary>, "/home/visitor/anaconda3/envs/ds/lib/python3.13/pathlib/__pycache__/_abc.cpython-313.pyc", O_RDONLY|O_CLOEXEC) = 3</home/visitor/anaconda3/envs/ds/lib/python3.13/pathlib/__pycache__/_abc.cpython-313.pyc>
248545 openat(AT_FDCWD</home/visitor/Documents/depthanything_u250_host_graph_r74_cpp_frame_graph_boundary>, "/home/visitor/anaconda3/envs/ds/lib/python3.13/__pycache__/glob.cpython-313.pyc", O_RDONLY|O_CLOEXEC) = 3</home/visitor/anaconda3/envs/ds/lib/python3.13/__pycache__/glob.cpython-313.pyc>
248545 openat(AT_FDCWD</home/visitor/Documents/depthanything_u250_host_graph_r74_cpp_frame_graph_boundary>, "/home/visitor/anaconda3/envs/ds/lib/python3.13/__pycache__/contextlib.cpython-313.pyc", O_RDONLY|O_CLOEXEC) = 3</home/visitor/anaconda3/envs/ds/lib/python3.13/__pycache__/contextlib.cpython-313.pyc>
248545 openat(AT_FDCWD</home/visitor/Documents/depthanything_u250_host_graph_r74_cpp_frame_graph_boundary>, "/home/visitor/anaconda3/envs/ds/lib/python3.13/__pycache__/fnmatch.cpython-313.pyc", O_RDONLY|O_CLOEXEC) = 3</home/visitor/anaconda3/envs/ds/lib/python3.13/__pycache__/fnmatch.cpython-313.pyc>
248545 openat(AT_FDCWD</home/visitor/Documents/depthanything_u250_host_graph_r74_cpp_frame_graph_boundary>, "/home/visitor/anaconda3/envs/ds/lib/python3.13/pathlib/__pycache__/_local.cpython-313.pyc", O_RDONLY|O_CLOEXEC) = 3</home/visitor/anaconda3/envs/ds/lib/python3.13/pathlib/__pycache__/_local.cpython-313.pyc>
248545 openat(AT_FDCWD</home/visitor/Documents/depthanything_u250_host_graph_r74_cpp_frame_graph_boundary>, "/home/visitor/anaconda3/envs/ds/lib/python3.13/__pycache__/warnings.cpython-313.pyc", O_RDONLY|O_CLOEXEC) = 3</home/visitor/anaconda3/envs/ds/lib/python3.13/__pycache__/warnings.cpython-313.pyc>
248545 openat(AT_FDCWD</home/visitor/Documents/depthanything_u250_host_graph_r74_cpp_frame_graph_boundary>, "/home/visitor/anaconda3/envs/ds/lib/python3.13/lib-dynload/grp.cpython-313-x86_64-linux-gnu.so", O_RDONLY|O_CLOEXEC) = 3</home/visitor/anaconda3/envs/ds/lib/python3.13/lib-dynload/grp.cpython-313-x86_64-linux-gnu.so>
248545 openat(AT_FDCWD</home/visitor/Documents/depthanything_u250_host_graph_r74_cpp_frame_graph_boundary>, "/home/visitor/anaconda3/envs/ds/lib/python3.13/__pycache__/platform.cpython-313.pyc", O_RDONLY|O_CLOEXEC) = 3</home/visitor/anaconda3/envs/ds/lib/python3.13/__pycache__/platform.cpython-313.pyc>
248545 openat(AT_FDCWD</home/visitor/Documents/depthanything_u250_host_graph_r74_cpp_frame_graph_boundary>, "/home/visitor/anaconda3/envs/ds/lib/python3.13/__pycache__/shutil.cpython-313.pyc", O_RDONLY|O_CLOEXEC) = 3</home/visitor/anaconda3/envs/ds/lib/python3.13/__pycache__/shutil.cpython-313.pyc>
248545 openat(AT_FDCWD</home/visitor/Documents/depthanything_u250_host_graph_r74_cpp_frame_graph_boundary>, "/home/visitor/anaconda3/envs/ds/lib/python3.13/lib-dynload/zlib.cpython-313-x86_64-linux-gnu.so", O_RDONLY|O_CLOEXEC) = 3</home/visitor/anaconda3/envs/ds/lib/python3.13/lib-dynload/zlib.cpython-313-x86_64-linux-gnu.so>
248545 openat(AT_FDCWD</home/visitor/Documents/depthanything_u250_host_graph_r74_cpp_frame_graph_boundary>, "/home/visitor/anaconda3/envs/ds/lib/python3.13/lib-dynload/../../libz.so.1", O_RDONLY|O_CLOEXEC) = 3</home/visitor/anaconda3/envs/ds/lib/libz.so.1.3.1>
248545 openat(AT_FDCWD</home/visitor/Documents/depthanything_u250_host_graph_r74_cpp_frame_graph_boundary>, "/home/visitor/anaconda3/envs/ds/lib/python3.13/__pycache__/bz2.cpython-313.pyc", O_RDONLY|O_CLOEXEC) = 3</home/visitor/anaconda3/envs/ds/lib/python3.13/__pycache__/bz2.cpython-313.pyc>
248545 openat(AT_FDCWD</home/visitor/Documents/depthanything_u250_host_graph_r74_cpp_frame_graph_boundary>, "/home/visitor/anaconda3/envs/ds/lib/python3.13/__pycache__/_compression.cpython-313.pyc", O_RDONLY|O_CLOEXEC) = 3</home/visitor/anaconda3/envs/ds/lib/python3.13/__pycache__/_compression.cpython-313.pyc>
248545 openat(AT_FDCWD</home/visitor/Documents/depthanything_u250_host_graph_r74_cpp_frame_graph_boundary>, "/home/visitor/anaconda3/envs/ds/lib/python3.13/lib-dynload/_bz2.cpython-313-x86_64-linux-gnu.so", O_RDONLY|O_CLOEXEC) = 3</home/visitor/anaconda3/envs/ds/lib/python3.13/lib-dynload/_bz2.cpython-313-x86_64-linux-gnu.so>
248545 openat(AT_FDCWD</home/visitor/Documents/depthanything_u250_host_graph_r74_cpp_frame_graph_boundary>, "/home/visitor/anaconda3/envs/ds/lib/python3.13/lib-dynload/../../libbz2.so.1.0", O_RDONLY|O_CLOEXEC) = 3</home/visitor/anaconda3/envs/ds/lib/libbz2.so.1.0.8>
248545 openat(AT_FDCWD</home/visitor/Documents/depthanything_u250_host_graph_r74_cpp_frame_graph_boundary>, "/home/visitor/anaconda3/envs/ds/lib/python3.13/__pycache__/lzma.cpython-313.pyc", O_RDONLY|O_CLOEXEC) = 3</home/visitor/anaconda3/envs/ds/lib/python3.13/__pycache__/lzma.cpython-313.pyc>
248545 openat(AT_FDCWD</home/visitor/Documents/depthanything_u250_host_graph_r74_cpp_frame_graph_boundary>, "/home/visitor/anaconda3/envs/ds/lib/python3.13/lib-dynload/_lzma.cpython-313-x86_64-linux-gnu.so", O_RDONLY|O_CLOEXEC) = 3</home/visitor/anaconda3/envs/ds/lib/python3.13/lib-dynload/_lzma.cpython-313-x86_64-linux-gnu.so>
248545 openat(AT_FDCWD</home/visitor/Documents/depthanything_u250_host_graph_r74_cpp_frame_graph_boundary>, "/home/visitor/anaconda3/envs/ds/lib/python3.13/lib-dynload/../../liblzma.so.5", O_RDONLY|O_CLOEXEC) = 3</home/visitor/anaconda3/envs/ds/lib/liblzma.so.5>
248545 openat(AT_FDCWD</home/visitor/Documents/depthanything_u250_host_graph_r74_cpp_frame_graph_boundary>, "/home/visitor/anaconda3/envs/ds/lib/python3.13/__pycache__/subprocess.cpython-313.pyc", O_RDONLY|O_CLOEXEC) = 3</home/visitor/anaconda3/envs/ds/lib/python3.13/__pycache__/subprocess.cpython-313.pyc>
248545 openat(AT_FDCWD</home/visitor/Documents/depthanything_u250_host_graph_r74_cpp_frame_graph_boundary>, "/home/visitor/anaconda3/envs/ds/lib/python3.13/__pycache__/locale.cpython-313.pyc", O_RDONLY|O_CLOEXEC) = 3</home/visitor/anaconda3/envs/ds/lib/python3.13/__pycache__/locale.cpython-313.pyc>
248545 openat(AT_FDCWD</home/visitor/Documents/depthanything_u250_host_graph_r74_cpp_frame_graph_boundary>, "/home/visitor/anaconda3/envs/ds/lib/python3.13/__pycache__/signal.cpython-313.pyc", O_RDONLY|O_CLOEXEC) = 3</home/visitor/anaconda3/envs/ds/lib/python3.13/__pycache__/signal.cpython-313.pyc>
248545 openat(AT_FDCWD</home/visitor/Documents/depthanything_u250_host_graph_r74_cpp_frame_graph_boundary>, "/home/visitor/anaconda3/envs/ds/lib/python3.13/__pycache__/threading.cpython-313.pyc", O_RDONLY|O_CLOEXEC) = 3</home/visitor/anaconda3/envs/ds/lib/python3.13/__pycache__/threading.cpython-313.pyc>
248545 openat(AT_FDCWD</home/visitor/Documents/depthanything_u250_host_graph_r74_cpp_frame_graph_boundary>, "/home/visitor/anaconda3/envs/ds/lib/python3.13/__pycache__/_weakrefset.cpython-313.pyc", O_RDONLY|O_CLOEXEC) = 3</home/visitor/anaconda3/envs/ds/lib/python3.13/__pycache__/_weakrefset.cpython-313.pyc>
248545 openat(AT_FDCWD</home/visitor/Documents/depthanything_u250_host_graph_r74_cpp_frame_graph_boundary>, "/home/visitor/anaconda3/envs/ds/lib/python3.13/lib-dynload/fcntl.cpython-313-x86_64-linux-gnu.so", O_RDONLY|O_CLOEXEC) = 3</home/visitor/anaconda3/envs/ds/lib/python3.13/lib-dynload/fcntl.cpython-313-x86_64-linux-gnu.so>
248545 openat(AT_FDCWD</home/visitor/Documents/depthanything_u250_host_graph_r74_cpp_frame_graph_boundary>, "/home/visitor/anaconda3/envs/ds/lib/python3.13/lib-dynload/_posixsubprocess.cpython-313-x86_64-linux-gnu.so", O_RDONLY|O_CLOEXEC) = 3</home/visitor/anaconda3/envs/ds/lib/python3.13/lib-dynload/_posixsubprocess.cpython-313-x86_64-linux-gnu.so>
248545 openat(AT_FDCWD</home/visitor/Documents/depthanything_u250_host_graph_r74_cpp_frame_graph_boundary>, "/home/visitor/anaconda3/envs/ds/lib/python3.13/lib-dynload/select.cpython-313-x86_64-linux-gnu.so", O_RDONLY|O_CLOEXEC) = 3</home/visitor/anaconda3/envs/ds/lib/python3.13/lib-dynload/select.cpython-313-x86_64-linux-gnu.so>
248545 openat(AT_FDCWD</home/visitor/Documents/depthanything_u250_host_graph_r74_cpp_frame_graph_boundary>, "/home/visitor/anaconda3/envs/ds/lib/python3.13/__pycache__/selectors.cpython-313.pyc", O_RDONLY|O_CLOEXEC) = 3</home/visitor/anaconda3/envs/ds/lib/python3.13/__pycache__/selectors.cpython-313.pyc>
248545 openat(AT_FDCWD</home/visitor/Documents/depthanything_u250_host_graph_r74_cpp_frame_graph_boundary>, "/home/visitor/anaconda3/envs/ds/lib/python3.13/unittest/__pycache__/__init__.cpython-313.pyc", O_RDONLY|O_CLOEXEC) = 3</home/visitor/anaconda3/envs/ds/lib/python3.13/unittest/__pycache__/__init__.cpython-313.pyc>
248545 openat(AT_FDCWD</home/visitor/Documents/depthanything_u250_host_graph_r74_cpp_frame_graph_boundary>, "/home/visitor/anaconda3/envs/ds/lib/python3.13/unittest", O_RDONLY|O_NONBLOCK|O_CLOEXEC|O_DIRECTORY) = 3</home/visitor/anaconda3/envs/ds/lib/python3.13/unittest>
248545 openat(AT_FDCWD</home/visitor/Documents/depthanything_u250_host_graph_r74_cpp_frame_graph_boundary>, "/home/visitor/anaconda3/envs/ds/lib/python3.13/unittest/__pycache__/result.cpython-313.pyc", O_RDONLY|O_CLOEXEC) = 3</home/visitor/anaconda3/envs/ds/lib/python3.13/unittest/__pycache__/result.cpython-313.pyc>
248545 openat(AT_FDCWD</home/visitor/Documents/depthanything_u250_host_graph_r74_cpp_frame_graph_boundary>, "/home/visitor/anaconda3/envs/ds/lib/python3.13/__pycache__/traceback.cpython-313.pyc", O_RDONLY|O_CLOEXEC) = 3</home/visitor/anaconda3/envs/ds/lib/python3.13/__pycache__/traceback.cpython-313.pyc>
248545 openat(AT_FDCWD</home/visitor/Documents/depthanything_u250_host_graph_r74_cpp_frame_graph_boundary>, "/home/visitor/anaconda3/envs/ds/lib/python3.13/__pycache__/linecache.cpython-313.pyc", O_RDONLY|O_CLOEXEC) = 3</home/visitor/anaconda3/envs/ds/lib/python3.13/__pycache__/linecache.cpython-313.pyc>
248545 openat(AT_FDCWD</home/visitor/Documents/depthanything_u250_host_graph_r74_cpp_frame_graph_boundary>, "/home/visitor/anaconda3/envs/ds/lib/python3.13/__pycache__/textwrap.cpython-313.pyc", O_RDONLY|O_CLOEXEC) = 3</home/visitor/anaconda3/envs/ds/lib/python3.13/__pycache__/textwrap.cpython-313.pyc>
248545 openat(AT_FDCWD</home/visitor/Documents/depthanything_u250_host_graph_r74_cpp_frame_graph_boundary>, "/home/visitor/anaconda3/envs/ds/lib/python3.13/__pycache__/_colorize.cpython-313.pyc", O_RDONLY|O_CLOEXEC) = 3</home/visitor/anaconda3/envs/ds/lib/python3.13/__pycache__/_colorize.cpython-313.pyc>
248545 openat(AT_FDCWD</home/visitor/Documents/depthanything_u250_host_graph_r74_cpp_frame_graph_boundary>, "/home/visitor/anaconda3/envs/ds/lib/python3.13/unittest/__pycache__/util.cpython-313.pyc", O_RDONLY|O_CLOEXEC) = 3</home/visitor/anaconda3/envs/ds/lib/python3.13/unittest/__pycache__/util.cpython-313.pyc>
248545 openat(AT_FDCWD</home/visitor/Documents/depthanything_u250_host_graph_r74_cpp_frame_graph_boundary>, "/home/visitor/anaconda3/envs/ds/lib/python3.13/unittest/__pycache__/case.cpython-313.pyc", O_RDONLY|O_CLOEXEC) = 3</home/visitor/anaconda3/envs/ds/lib/python3.13/unittest/__pycache__/case.cpython-313.pyc>
248545 openat(AT_FDCWD</home/visitor/Documents/depthanything_u250_host_graph_r74_cpp_frame_graph_boundary>, "/home/visitor/anaconda3/envs/ds/lib/python3.13/__pycache__/difflib.cpython-313.pyc", O_RDONLY|O_CLOEXEC) = 3</home/visitor/anaconda3/envs/ds/lib/python3.13/__pycache__/difflib.cpython-313.pyc>
248545 openat(AT_FDCWD</home/visitor/Documents/depthanything_u250_host_graph_r74_cpp_frame_graph_boundary>, "/home/visitor/anaconda3/envs/ds/lib/python3.13/__pycache__/heapq.cpython-313.pyc", O_RDONLY|O_CLOEXEC) = 3</home/visitor/anaconda3/envs/ds/lib/python3.13/__pycache__/heapq.cpython-313.pyc>
248545 openat(AT_FDCWD</home/visitor/Documents/depthanything_u250_host_graph_r74_cpp_frame_graph_boundary>, "/home/visitor/anaconda3/envs/ds/lib/python3.13/lib-dynload/_heapq.cpython-313-x86_64-linux-gnu.so", O_RDONLY|O_CLOEXEC) = 3</home/visitor/anaconda3/envs/ds/lib/python3.13/lib-dynload/_heapq.cpython-313-x86_64-linux-gnu.so>
248545 openat(AT_FDCWD</home/visitor/Documents/depthanything_u250_host_graph_r74_cpp_frame_graph_boundary>, "/home/visitor/anaconda3/envs/ds/lib/python3.13/__pycache__/pprint.cpython-313.pyc", O_RDONLY|O_CLOEXEC) = 3</home/visitor/anaconda3/envs/ds/lib/python3.13/__pycache__/pprint.cpython-313.pyc>
248545 openat(AT_FDCWD</home/visitor/Documents/depthanything_u250_host_graph_r74_cpp_frame_graph_boundary>, "/home/visitor/anaconda3/envs/ds/lib/python3.13/__pycache__/dataclasses.cpython-313.pyc", O_RDONLY|O_CLOEXEC) = 3</home/visitor/anaconda3/envs/ds/lib/python3.13/__pycache__/dataclasses.cpython-313.pyc>
248545 openat(AT_FDCWD</home/visitor/Documents/depthanything_u250_host_graph_r74_cpp_frame_graph_boundary>, "/home/visitor/anaconda3/envs/ds/lib/python3.13/__pycache__/copy.cpython-313.pyc", O_RDONLY|O_CLOEXEC) = 3</home/visitor/anaconda3/envs/ds/lib/python3.13/__pycache__/copy.cpython-313.pyc>
248545 openat(AT_FDCWD</home/visitor/Documents/depthanything_u250_host_graph_r74_cpp_frame_graph_boundary>, "/home/visitor/anaconda3/envs/ds/lib/python3.13/__pycache__/weakref.cpython-313.pyc", O_RDONLY|O_CLOEXEC) = 3</home/visitor/anaconda3/envs/ds/lib/python3.13/__pycache__/weakref.cpython-313.pyc>
248545 openat(AT_FDCWD</home/visitor/Documents/depthanything_u250_host_graph_r74_cpp_frame_graph_boundary>, "/home/visitor/anaconda3/envs/ds/lib/python3.13/__pycache__/inspect.cpython-313.pyc", O_RDONLY|O_CLOEXEC) = 3</home/visitor/anaconda3/envs/ds/lib/python3.13/__pycache__/inspect.cpython-313.pyc>
248545 openat(AT_FDCWD</home/visitor/Documents/depthanything_u250_host_graph_r74_cpp_frame_graph_boundary>, "/home/visitor/anaconda3/envs/ds/lib/python3.13/__pycache__/ast.cpython-313.pyc", O_RDONLY|O_CLOEXEC) = 3</home/visitor/anaconda3/envs/ds/lib/python3.13/__pycache__/ast.cpython-313.pyc>
248545 openat(AT_FDCWD</home/visitor/Documents/depthanything_u250_host_graph_r74_cpp_frame_graph_boundary>, "/home/visitor/anaconda3/envs/ds/lib/python3.13/__pycache__/dis.cpython-313.pyc", O_RDONLY|O_CLOEXEC) = 3</home/visitor/anaconda3/envs/ds/lib/python3.13/__pycache__/dis.cpython-313.pyc>
248545 openat(AT_FDCWD</home/visitor/Documents/depthanything_u250_host_graph_r74_cpp_frame_graph_boundary>, "/home/visitor/anaconda3/envs/ds/lib/python3.13/__pycache__/opcode.cpython-313.pyc", O_RDONLY|O_CLOEXEC) = 3</home/visitor/anaconda3/envs/ds/lib/python3.13/__pycache__/opcode.cpython-313.pyc>
248545 openat(AT_FDCWD</home/visitor/Documents/depthanything_u250_host_graph_r74_cpp_frame_graph_boundary>, "/home/visitor/anaconda3/envs/ds/lib/python3.13/lib-dynload/_opcode.cpython-313-x86_64-linux-gnu.so", O_RDONLY|O_CLOEXEC) = 3</home/visitor/anaconda3/envs/ds/lib/python3.13/lib-dynload/_opcode.cpython-313-x86_64-linux-gnu.so>
248545 openat(AT_FDCWD</home/visitor/Documents/depthanything_u250_host_graph_r74_cpp_frame_graph_boundary>, "/home/visitor/anaconda3/envs/ds/lib/python3.13/__pycache__/_opcode_metadata.cpython-313.pyc", O_RDONLY|O_CLOEXEC) = 3</home/visitor/anaconda3/envs/ds/lib/python3.13/__pycache__/_opcode_metadata.cpython-313.pyc>
248545 openat(AT_FDCWD</home/visitor/Documents/depthanything_u250_host_graph_r74_cpp_frame_graph_boundary>, "/home/visitor/anaconda3/envs/ds/lib/python3.13/importlib/__pycache__/__init__.cpython-313.pyc", O_RDONLY|O_CLOEXEC) = 3</home/visitor/anaconda3/envs/ds/lib/python3.13/importlib/__pycache__/__init__.cpython-313.pyc>
248545 openat(AT_FDCWD</home/visitor/Documents/depthanything_u250_host_graph_r74_cpp_frame_graph_boundary>, "/home/visitor/anaconda3/envs/ds/lib/python3.13/__pycache__/tokenize.cpython-313.pyc", O_RDONLY|O_CLOEXEC) = 3</home/visitor/anaconda3/envs/ds/lib/python3.13/__pycache__/tokenize.cpython-313.pyc>
248545 openat(AT_FDCWD</home/visitor/Documents/depthanything_u250_host_graph_r74_cpp_frame_graph_boundary>, "/home/visitor/anaconda3/envs/ds/lib/python3.13/__pycache__/token.cpython-313.pyc", O_RDONLY|O_CLOEXEC) = 3</home/visitor/anaconda3/envs/ds/lib/python3.13/__pycache__/token.cpython-313.pyc>
248545 openat(AT_FDCWD</home/visitor/Documents/depthanything_u250_host_graph_r74_cpp_frame_graph_boundary>, "/home/visitor/anaconda3/envs/ds/lib/python3.13/unittest/__pycache__/suite.cpython-313.pyc", O_RDONLY|O_CLOEXEC) = 3</home/visitor/anaconda3/envs/ds/lib/python3.13/unittest/__pycache__/suite.cpython-313.pyc>
248545 openat(AT_FDCWD</home/visitor/Documents/depthanything_u250_host_graph_r74_cpp_frame_graph_boundary>, "/home/visitor/anaconda3/envs/ds/lib/python3.13/unittest/__pycache__/loader.cpython-313.pyc", O_RDONLY|O_CLOEXEC) = 3</home/visitor/anaconda3/envs/ds/lib/python3.13/unittest/__pycache__/loader.cpython-313.pyc>
248545 openat(AT_FDCWD</home/visitor/Documents/depthanything_u250_host_graph_r74_cpp_frame_graph_boundary>, "/home/visitor/anaconda3/envs/ds/lib/python3.13/unittest/__pycache__/main.cpython-313.pyc", O_RDONLY|O_CLOEXEC) = 3</home/visitor/anaconda3/envs/ds/lib/python3.13/unittest/__pycache__/main.cpython-313.pyc>
248545 openat(AT_FDCWD</home/visitor/Documents/depthanything_u250_host_graph_r74_cpp_frame_graph_boundary>, "/home/visitor/anaconda3/envs/ds/lib/python3.13/unittest/__pycache__/runner.cpython-313.pyc", O_RDONLY|O_CLOEXEC) = 3</home/visitor/anaconda3/envs/ds/lib/python3.13/unittest/__pycache__/runner.cpython-313.pyc>
248545 openat(AT_FDCWD</home/visitor/Documents/depthanything_u250_host_graph_r74_cpp_frame_graph_boundary>, "/home/visitor/anaconda3/envs/ds/lib/python3.13/unittest/__pycache__/signals.cpython-313.pyc", O_RDONLY|O_CLOEXEC) = 3</home/visitor/anaconda3/envs/ds/lib/python3.13/unittest/__pycache__/signals.cpython-313.pyc>
248545 openat(AT_FDCWD</home/visitor/Documents/depthanything_u250_host_graph_r74_cpp_frame_graph_boundary>, "/home/visitor/anaconda3/envs/ds/lib/python3.13/unittest/__pycache__/mock.cpython-313.pyc", O_RDONLY|O_CLOEXEC) = 3</home/visitor/anaconda3/envs/ds/lib/python3.13/unittest/__pycache__/mock.cpython-313.pyc>
248545 openat(AT_FDCWD</home/visitor/Documents/depthanything_u250_host_graph_r74_cpp_frame_graph_boundary>, "/home/visitor/anaconda3/envs/ds/lib/python3.13/asyncio/__pycache__/__init__.cpython-313.pyc", O_RDONLY|O_CLOEXEC) = 3</home/visitor/anaconda3/envs/ds/lib/python3.13/asyncio/__pycache__/__init__.cpython-313.pyc>
248545 openat(AT_FDCWD</home/visitor/Documents/depthanything_u250_host_graph_r74_cpp_frame_graph_boundary>, "/home/visitor/anaconda3/envs/ds/lib/python3.13/asyncio", O_RDONLY|O_NONBLOCK|O_CLOEXEC|O_DIRECTORY) = 3</home/visitor/anaconda3/envs/ds/lib/python3.13/asyncio>
248545 openat(AT_FDCWD</home/visitor/Documents/depthanything_u250_host_graph_r74_cpp_frame_graph_boundary>, "/home/visitor/anaconda3/envs/ds/lib/python3.13/asyncio/__pycache__/base_events.cpython-313.pyc", O_RDONLY|O_CLOEXEC) = 3</home/visitor/anaconda3/envs/ds/lib/python3.13/asyncio/__pycache__/base_events.cpython-313.pyc>
248545 openat(AT_FDCWD</home/visitor/Documents/depthanything_u250_host_graph_r74_cpp_frame_graph_boundary>, "/home/visitor/anaconda3/envs/ds/lib/python3.13/concurrent/__pycache__/__init__.cpython-313.pyc", O_RDONLY|O_CLOEXEC) = 3</home/visitor/anaconda3/envs/ds/lib/python3.13/concurrent/__pycache__/__init__.cpython-313.pyc>
248545 openat(AT_FDCWD</home/visitor/Documents/depthanything_u250_host_graph_r74_cpp_frame_graph_boundary>, "/home/visitor/anaconda3/envs/ds/lib/python3.13/concurrent", O_RDONLY|O_NONBLOCK|O_CLOEXEC|O_DIRECTORY) = 3</home/visitor/anaconda3/envs/ds/lib/python3.13/concurrent>
248545 openat(AT_FDCWD</home/visitor/Documents/depthanything_u250_host_graph_r74_cpp_frame_graph_boundary>, "/home/visitor/anaconda3/envs/ds/lib/python3.13/concurrent/futures/__pycache__/__init__.cpython-313.pyc", O_RDONLY|O_CLOEXEC) = 3</home/visitor/anaconda3/envs/ds/lib/python3.13/concurrent/futures/__pycache__/__init__.cpython-313.pyc>
248545 openat(AT_FDCWD</home/visitor/Documents/depthanything_u250_host_graph_r74_cpp_frame_graph_boundary>, "/home/visitor/anaconda3/envs/ds/lib/python3.13/concurrent/futures", O_RDONLY|O_NONBLOCK|O_CLOEXEC|O_DIRECTORY) = 3</home/visitor/anaconda3/envs/ds/lib/python3.13/concurrent/futures>
248545 openat(AT_FDCWD</home/visitor/Documents/depthanything_u250_host_graph_r74_cpp_frame_graph_boundary>, "/home/visitor/anaconda3/envs/ds/lib/python3.13/concurrent/futures/__pycache__/_base.cpython-313.pyc", O_RDONLY|O_CLOEXEC) = 3</home/visitor/anaconda3/envs/ds/lib/python3.13/concurrent/futures/__pycache__/_base.cpython-313.pyc>
248545 openat(AT_FDCWD</home/visitor/Documents/depthanything_u250_host_graph_r74_cpp_frame_graph_boundary>, "/home/visitor/anaconda3/envs/ds/lib/python3.13/logging/__pycache__/__init__.cpython-313.pyc", O_RDONLY|O_CLOEXEC) = 3</home/visitor/anaconda3/envs/ds/lib/python3.13/logging/__pycache__/__init__.cpython-313.pyc>
248545 openat(AT_FDCWD</home/visitor/Documents/depthanything_u250_host_graph_r74_cpp_frame_graph_boundary>, "/home/visitor/anaconda3/envs/ds/lib/python3.13/__pycache__/string.cpython-313.pyc", O_RDONLY|O_CLOEXEC) = 3</home/visitor/anaconda3/envs/ds/lib/python3.13/__pycache__/string.cpython-313.pyc>
248545 openat(AT_FDCWD</home/visitor/Documents/depthanything_u250_host_graph_r74_cpp_frame_graph_boundary>, "/home/visitor/anaconda3/envs/ds/lib/python3.13/__pycache__/socket.cpython-313.pyc", O_RDONLY|O_CLOEXEC) = 3</home/visitor/anaconda3/envs/ds/lib/python3.13/__pycache__/socket.cpython-313.pyc>
248545 openat(AT_FDCWD</home/visitor/Documents/depthanything_u250_host_graph_r74_cpp_frame_graph_boundary>, "/home/visitor/anaconda3/envs/ds/lib/python3.13/lib-dynload/_socket.cpython-313-x86_64-linux-gnu.so", O_RDONLY|O_CLOEXEC) = 3</home/visitor/anaconda3/envs/ds/lib/python3.13/lib-dynload/_socket.cpython-313-x86_64-linux-gnu.so>
248545 openat(AT_FDCWD</home/visitor/Documents/depthanything_u250_host_graph_r74_cpp_frame_graph_boundary>, "/home/visitor/anaconda3/envs/ds/lib/python3.13/lib-dynload/array.cpython-313-x86_64-linux-gnu.so", O_RDONLY|O_CLOEXEC) = 3</home/visitor/anaconda3/envs/ds/lib/python3.13/lib-dynload/array.cpython-313-x86_64-linux-gnu.so>
248545 openat(AT_FDCWD</home/visitor/Documents/depthanything_u250_host_graph_r74_cpp_frame_graph_boundary>, "/home/visitor/anaconda3/envs/ds/lib/python3.13/__pycache__/ssl.cpython-313.pyc", O_RDONLY|O_CLOEXEC) = 3</home/visitor/anaconda3/envs/ds/lib/python3.13/__pycache__/ssl.cpython-313.pyc>
248545 openat(AT_FDCWD</home/visitor/Documents/depthanything_u250_host_graph_r74_cpp_frame_graph_boundary>, "/home/visitor/anaconda3/envs/ds/lib/python3.13/lib-dynload/_ssl.cpython-313-x86_64-linux-gnu.so", O_RDONLY|O_CLOEXEC) = 3</home/visitor/anaconda3/envs/ds/lib/python3.13/lib-dynload/_ssl.cpython-313-x86_64-linux-gnu.so>
248545 openat(AT_FDCWD</home/visitor/Documents/depthanything_u250_host_graph_r74_cpp_frame_graph_boundary>, "/home/visitor/anaconda3/envs/ds/lib/python3.13/lib-dynload/../../libssl.so.3", O_RDONLY|O_CLOEXEC) = 3</home/visitor/anaconda3/envs/ds/lib/libssl.so.3>
248545 openat(AT_FDCWD</home/visitor/Documents/depthanything_u250_host_graph_r74_cpp_frame_graph_boundary>, "/home/visitor/anaconda3/envs/ds/lib/python3.13/__pycache__/base64.cpython-313.pyc", O_RDONLY|O_CLOEXEC) = 3</home/visitor/anaconda3/envs/ds/lib/python3.13/__pycache__/base64.cpython-313.pyc>
248545 openat(AT_FDCWD</home/visitor/Documents/depthanything_u250_host_graph_r74_cpp_frame_graph_boundary>, "/home/visitor/anaconda3/envs/ds/lib/python3.13/__pycache__/struct.cpython-313.pyc", O_RDONLY|O_CLOEXEC) = 3</home/visitor/anaconda3/envs/ds/lib/python3.13/__pycache__/struct.cpython-313.pyc>
248545 openat(AT_FDCWD</home/visitor/Documents/depthanything_u250_host_graph_r74_cpp_frame_graph_boundary>, "/home/visitor/anaconda3/envs/ds/lib/python3.13/lib-dynload/_struct.cpython-313-x86_64-linux-gnu.so", O_RDONLY|O_CLOEXEC) = 3</home/visitor/anaconda3/envs/ds/lib/python3.13/lib-dynload/_struct.cpython-313-x86_64-linux-gnu.so>
248545 openat(AT_FDCWD</home/visitor/Documents/depthanything_u250_host_graph_r74_cpp_frame_graph_boundary>, "/home/visitor/anaconda3/envs/ds/lib/python3.13/lib-dynload/binascii.cpython-313-x86_64-linux-gnu.so", O_RDONLY|O_CLOEXEC) = 3</home/visitor/anaconda3/envs/ds/lib/python3.13/lib-dynload/binascii.cpython-313-x86_64-linux-gnu.so>
248545 openat(AT_FDCWD</home/visitor/Documents/depthanything_u250_host_graph_r74_cpp_frame_graph_boundary>, "/home/visitor/anaconda3/envs/ds/lib/python3.13/asyncio/__pycache__/constants.cpython-313.pyc", O_RDONLY|O_CLOEXEC) = 3</home/visitor/anaconda3/envs/ds/lib/python3.13/asyncio/__pycache__/constants.cpython-313.pyc>
248545 openat(AT_FDCWD</home/visitor/Documents/depthanything_u250_host_graph_r74_cpp_frame_graph_boundary>, "/home/visitor/anaconda3/envs/ds/lib/python3.13/asyncio/__pycache__/coroutines.cpython-313.pyc", O_RDONLY|O_CLOEXEC) = 3</home/visitor/anaconda3/envs/ds/lib/python3.13/asyncio/__pycache__/coroutines.cpython-313.pyc>
248545 openat(AT_FDCWD</home/visitor/Documents/depthanything_u250_host_graph_r74_cpp_frame_graph_boundary>, "/home/visitor/anaconda3/envs/ds/lib/python3.13/asyncio/__pycache__/events.cpython-313.pyc", O_RDONLY|O_CLOEXEC) = 3</home/visitor/anaconda3/envs/ds/lib/python3.13/asyncio/__pycache__/events.cpython-313.pyc>
248545 openat(AT_FDCWD</home/visitor/Documents/depthanything_u250_host_graph_r74_cpp_frame_graph_boundary>, "/home/visitor/anaconda3/envs/ds/lib/python3.13/__pycache__/contextvars.cpython-313.pyc", O_RDONLY|O_CLOEXEC) = 3</home/visitor/anaconda3/envs/ds/lib/python3.13/__pycache__/contextvars.cpython-313.pyc>
248545 openat(AT_FDCWD</home/visitor/Documents/depthanything_u250_host_graph_r74_cpp_frame_graph_boundary>, "/home/visitor/anaconda3/envs/ds/lib/python3.13/lib-dynload/_contextvars.cpython-313-x86_64-linux-gnu.so", O_RDONLY|O_CLOEXEC) = 3</home/visitor/anaconda3/envs/ds/lib/python3.13/lib-dynload/_contextvars.cpython-313-x86_64-linux-gnu.so>
248545 openat(AT_FDCWD</home/visitor/Documents/depthanything_u250_host_graph_r74_cpp_frame_graph_boundary>, "/home/visitor/anaconda3/envs/ds/lib/python3.13/asyncio/__pycache__/format_helpers.cpython-313.pyc", O_RDONLY|O_CLOEXEC) = 3</home/visitor/anaconda3/envs/ds/lib/python3.13/asyncio/__pycache__/format_helpers.cpython-313.pyc>
248545 openat(AT_FDCWD</home/visitor/Documents/depthanything_u250_host_graph_r74_cpp_frame_graph_boundary>, "/home/visitor/anaconda3/envs/ds/lib/python3.13/lib-dynload/_asyncio.cpython-313-x86_64-linux-gnu.so", O_RDONLY|O_CLOEXEC) = 3</home/visitor/anaconda3/envs/ds/lib/python3.13/lib-dynload/_asyncio.cpython-313-x86_64-linux-gnu.so>
248545 openat(AT_FDCWD</home/visitor/Documents/depthanything_u250_host_graph_r74_cpp_frame_graph_boundary>, "/home/visitor/anaconda3/envs/ds/lib/python3.13/asyncio/__pycache__/base_futures.cpython-313.pyc", O_RDONLY|O_CLOEXEC) = 3</home/visitor/anaconda3/envs/ds/lib/python3.13/asyncio/__pycache__/base_futures.cpython-313.pyc>
248545 openat(AT_FDCWD</home/visitor/Documents/depthanything_u250_host_graph_r74_cpp_frame_graph_boundary>, "/home/visitor/anaconda3/envs/ds/lib/python3.13/asyncio/__pycache__/exceptions.cpython-313.pyc", O_RDONLY|O_CLOEXEC) = 3</home/visitor/anaconda3/envs/ds/lib/python3.13/asyncio/__pycache__/exceptions.cpython-313.pyc>
248545 openat(AT_FDCWD</home/visitor/Documents/depthanything_u250_host_graph_r74_cpp_frame_graph_boundary>, "/home/visitor/anaconda3/envs/ds/lib/python3.13/asyncio/__pycache__/base_tasks.cpython-313.pyc", O_RDONLY|O_CLOEXEC) = 3</home/visitor/anaconda3/envs/ds/lib/python3.13/asyncio/__pycache__/base_tasks.cpython-313.pyc>
248545 openat(AT_FDCWD</home/visitor/Documents/depthanything_u250_host_graph_r74_cpp_frame_graph_boundary>, "/home/visitor/anaconda3/envs/ds/lib/python3.13/asyncio/__pycache__/futures.cpython-313.pyc", O_RDONLY|O_CLOEXEC) = 3</home/visitor/anaconda3/envs/ds/lib/python3.13/asyncio/__pycache__/futures.cpython-313.pyc>
248545 openat(AT_FDCWD</home/visitor/Documents/depthanything_u250_host_graph_r74_cpp_frame_graph_boundary>, "/home/visitor/anaconda3/envs/ds/lib/python3.13/asyncio/__pycache__/protocols.cpython-313.pyc", O_RDONLY|O_CLOEXEC) = 3</home/visitor/anaconda3/envs/ds/lib/python3.13/asyncio/__pycache__/protocols.cpython-313.pyc>
248545 openat(AT_FDCWD</home/visitor/Documents/depthanything_u250_host_graph_r74_cpp_frame_graph_boundary>, "/home/visitor/anaconda3/envs/ds/lib/python3.13/asyncio/__pycache__/sslproto.cpython-313.pyc", O_RDONLY|O_CLOEXEC) = 3</home/visitor/anaconda3/envs/ds/lib/python3.13/asyncio/__pycache__/sslproto.cpython-313.pyc>
248545 openat(AT_FDCWD</home/visitor/Documents/depthanything_u250_host_graph_r74_cpp_frame_graph_boundary>, "/home/visitor/anaconda3/envs/ds/lib/python3.13/asyncio/__pycache__/transports.cpython-313.pyc", O_RDONLY|O_CLOEXEC) = 3</home/visitor/anaconda3/envs/ds/lib/python3.13/asyncio/__pycache__/transports.cpython-313.pyc>
248545 openat(AT_FDCWD</home/visitor/Documents/depthanything_u250_host_graph_r74_cpp_frame_graph_boundary>, "/home/visitor/anaconda3/envs/ds/lib/python3.13/asyncio/__pycache__/log.cpython-313.pyc", O_RDONLY|O_CLOEXEC) = 3</home/visitor/anaconda3/envs/ds/lib/python3.13/asyncio/__pycache__/log.cpython-313.pyc>
248545 openat(AT_FDCWD</home/visitor/Documents/depthanything_u250_host_graph_r74_cpp_frame_graph_boundary>, "/home/visitor/anaconda3/envs/ds/lib/python3.13/asyncio/__pycache__/staggered.cpython-313.pyc", O_RDONLY|O_CLOEXEC) = 3</home/visitor/anaconda3/envs/ds/lib/python3.13/asyncio/__pycache__/staggered.cpython-313.pyc>
248545 openat(AT_FDCWD</home/visitor/Documents/depthanything_u250_host_graph_r74_cpp_frame_graph_boundary>, "/home/visitor/anaconda3/envs/ds/lib/python3.13/asyncio/__pycache__/locks.cpython-313.pyc", O_RDONLY|O_CLOEXEC) = 3</home/visitor/anaconda3/envs/ds/lib/python3.13/asyncio/__pycache__/locks.cpython-313.pyc>
248545 openat(AT_FDCWD</home/visitor/Documents/depthanything_u250_host_graph_r74_cpp_frame_graph_boundary>, "/home/visitor/anaconda3/envs/ds/lib/python3.13/asyncio/__pycache__/mixins.cpython-313.pyc", O_RDONLY|O_CLOEXEC) = 3</home/visitor/anaconda3/envs/ds/lib/python3.13/asyncio/__pycache__/mixins.cpython-313.pyc>
248545 openat(AT_FDCWD</home/visitor/Documents/depthanything_u250_host_graph_r74_cpp_frame_graph_boundary>, "/home/visitor/anaconda3/envs/ds/lib/python3.13/asyncio/__pycache__/tasks.cpython-313.pyc", O_RDONLY|O_CLOEXEC) = 3</home/visitor/anaconda3/envs/ds/lib/python3.13/asyncio/__pycache__/tasks.cpython-313.pyc>
248545 openat(AT_FDCWD</home/visitor/Documents/depthanything_u250_host_graph_r74_cpp_frame_graph_boundary>, "/home/visitor/anaconda3/envs/ds/lib/python3.13/asyncio/__pycache__/queues.cpython-313.pyc", O_RDONLY|O_CLOEXEC) = 3</home/visitor/anaconda3/envs/ds/lib/python3.13/asyncio/__pycache__/queues.cpython-313.pyc>
248545 openat(AT_FDCWD</home/visitor/Documents/depthanything_u250_host_graph_r74_cpp_frame_graph_boundary>, "/home/visitor/anaconda3/envs/ds/lib/python3.13/asyncio/__pycache__/timeouts.cpython-313.pyc", O_RDONLY|O_CLOEXEC) = 3</home/visitor/anaconda3/envs/ds/lib/python3.13/asyncio/__pycache__/timeouts.cpython-313.pyc>
248545 openat(AT_FDCWD</home/visitor/Documents/depthanything_u250_host_graph_r74_cpp_frame_graph_boundary>, "/home/visitor/anaconda3/envs/ds/lib/python3.13/__pycache__/typing.cpython-313.pyc", O_RDONLY|O_CLOEXEC) = 3</home/visitor/anaconda3/envs/ds/lib/python3.13/__pycache__/typing.cpython-313.pyc>
248545 openat(AT_FDCWD</home/visitor/Documents/depthanything_u250_host_graph_r74_cpp_frame_graph_boundary>, "/home/visitor/anaconda3/envs/ds/lib/python3.13/asyncio/__pycache__/trsock.cpython-313.pyc", O_RDONLY|O_CLOEXEC) = 3</home/visitor/anaconda3/envs/ds/lib/python3.13/asyncio/__pycache__/trsock.cpython-313.pyc>
248545 openat(AT_FDCWD</home/visitor/Documents/depthanything_u250_host_graph_r74_cpp_frame_graph_boundary>, "/home/visitor/anaconda3/envs/ds/lib/python3.13/asyncio/__pycache__/runners.cpython-313.pyc", O_RDONLY|O_CLOEXEC) = 3</home/visitor/anaconda3/envs/ds/lib/python3.13/asyncio/__pycache__/runners.cpython-313.pyc>
248545 openat(AT_FDCWD</home/visitor/Documents/depthanything_u250_host_graph_r74_cpp_frame_graph_boundary>, "/home/visitor/anaconda3/envs/ds/lib/python3.13/asyncio/__pycache__/streams.cpython-313.pyc", O_RDONLY|O_CLOEXEC) = 3</home/visitor/anaconda3/envs/ds/lib/python3.13/asyncio/__pycache__/streams.cpython-313.pyc>
248545 openat(AT_FDCWD</home/visitor/Documents/depthanything_u250_host_graph_r74_cpp_frame_graph_boundary>, "/home/visitor/anaconda3/envs/ds/lib/python3.13/asyncio/__pycache__/subprocess.cpython-313.pyc", O_RDONLY|O_CLOEXEC) = 3</home/visitor/anaconda3/envs/ds/lib/python3.13/asyncio/__pycache__/subprocess.cpython-313.pyc>
248545 openat(AT_FDCWD</home/visitor/Documents/depthanything_u250_host_graph_r74_cpp_frame_graph_boundary>, "/home/visitor/anaconda3/envs/ds/lib/python3.13/asyncio/__pycache__/taskgroups.cpython-313.pyc", O_RDONLY|O_CLOEXEC) = 3</home/visitor/anaconda3/envs/ds/lib/python3.13/asyncio/__pycache__/taskgroups.cpython-313.pyc>
248545 openat(AT_FDCWD</home/visitor/Documents/depthanything_u250_host_graph_r74_cpp_frame_graph_boundary>, "/home/visitor/anaconda3/envs/ds/lib/python3.13/asyncio/__pycache__/threads.cpython-313.pyc", O_RDONLY|O_CLOEXEC) = 3</home/visitor/anaconda3/envs/ds/lib/python3.13/asyncio/__pycache__/threads.cpython-313.pyc>
248545 openat(AT_FDCWD</home/visitor/Documents/depthanything_u250_host_graph_r74_cpp_frame_graph_boundary>, "/home/visitor/anaconda3/envs/ds/lib/python3.13/asyncio/__pycache__/unix_events.cpython-313.pyc", O_RDONLY|O_CLOEXEC) = 3</home/visitor/anaconda3/envs/ds/lib/python3.13/asyncio/__pycache__/unix_events.cpython-313.pyc>
248545 openat(AT_FDCWD</home/visitor/Documents/depthanything_u250_host_graph_r74_cpp_frame_graph_boundary>, "/home/visitor/anaconda3/envs/ds/lib/python3.13/asyncio/__pycache__/base_subprocess.cpython-313.pyc", O_RDONLY|O_CLOEXEC) = 3</home/visitor/anaconda3/envs/ds/lib/python3.13/asyncio/__pycache__/base_subprocess.cpython-313.pyc>
248545 openat(AT_FDCWD</home/visitor/Documents/depthanything_u250_host_graph_r74_cpp_frame_graph_boundary>, "/home/visitor/anaconda3/envs/ds/lib/python3.13/asyncio/__pycache__/selector_events.cpython-313.pyc", O_RDONLY|O_CLOEXEC) = 3</home/visitor/anaconda3/envs/ds/lib/python3.13/asyncio/__pycache__/selector_events.cpython-313.pyc>
248545 openat(AT_FDCWD</home/visitor/Documents/depthanything_u250_host_graph_r74_cpp_frame_graph_boundary>, "/home/visitor/anaconda3/envs/ds/lib/python3.13/__pycache__/pkgutil.cpython-313.pyc", O_RDONLY|O_CLOEXEC) = 3</home/visitor/anaconda3/envs/ds/lib/python3.13/__pycache__/pkgutil.cpython-313.pyc>
248545 openat(AT_FDCWD</home/visitor/Documents/depthanything_u250_host_graph_r74_cpp_frame_graph_boundary>, "/home/visitor/anaconda3/envs/ds/lib/python3.13/importlib", O_RDONLY|O_NONBLOCK|O_CLOEXEC|O_DIRECTORY) = 3</home/visitor/anaconda3/envs/ds/lib/python3.13/importlib>
248545 openat(AT_FDCWD</home/visitor/Documents/depthanything_u250_host_graph_r74_cpp_frame_graph_boundary>, "/home/visitor/anaconda3/envs/ds/lib/python3.13/importlib/__pycache__/_abc.cpython-313.pyc", O_RDONLY|O_CLOEXEC) = 3</home/visitor/anaconda3/envs/ds/lib/python3.13/importlib/__pycache__/_abc.cpython-313.pyc>
248545 openat(AT_FDCWD</home/visitor/Documents/depthanything_u250_host_graph_r74_cpp_frame_graph_boundary>, "/home/visitor/anaconda3/envs/ds/lib/python3.13/site-packages/numpy/__pycache__/__init__.cpython-313.pyc", O_RDONLY|O_CLOEXEC) = 3</home/visitor/anaconda3/envs/ds/lib/python3.13/site-packages/numpy/__pycache__/__init__.cpython-313.pyc>
248545 openat(AT_FDCWD</home/visitor/Documents/depthanything_u250_host_graph_r74_cpp_frame_graph_boundary>, "/home/visitor/anaconda3/envs/ds/lib/python3.13/site-packages/numpy", O_RDONLY|O_NONBLOCK|O_CLOEXEC|O_DIRECTORY) = 3</home/visitor/anaconda3/envs/ds/lib/python3.13/site-packages/numpy>
248545 openat(AT_FDCWD</home/visitor/Documents/depthanything_u250_host_graph_r74_cpp_frame_graph_boundary>, "/home/visitor/anaconda3/envs/ds/lib/python3.13/site-packages/numpy/__pycache__/_globals.cpython-313.pyc", O_RDONLY|O_CLOEXEC) = 3</home/visitor/anaconda3/envs/ds/lib/python3.13/site-packages/numpy/__pycache__/_globals.cpython-313.pyc>
248545 openat(AT_FDCWD</home/visitor/Documents/depthanything_u250_host_graph_r74_cpp_frame_graph_boundary>, "/home/visitor/anaconda3/envs/ds/lib/python3.13/site-packages/numpy/_utils/__pycache__/__init__.cpython-313.pyc", O_RDONLY|O_CLOEXEC) = 3</home/visitor/anaconda3/envs/ds/lib/python3.13/site-packages/numpy/_utils/__pycache__/__init__.cpython-313.pyc>
248545 openat(AT_FDCWD</home/visitor/Documents/depthanything_u250_host_graph_r74_cpp_frame_graph_boundary>, "/home/visitor/anaconda3/envs/ds/lib/python3.13/site-packages/numpy/_utils", O_RDONLY|O_NONBLOCK|O_CLOEXEC|O_DIRECTORY) = 3</home/visitor/anaconda3/envs/ds/lib/python3.13/site-packages/numpy/_utils>
248545 openat(AT_FDCWD</home/visitor/Documents/depthanything_u250_host_graph_r74_cpp_frame_graph_boundary>, "/home/visitor/anaconda3/envs/ds/lib/python3.13/site-packages/numpy/_utils/__pycache__/_convertions.cpython-313.pyc", O_RDONLY|O_CLOEXEC) = 3</home/visitor/anaconda3/envs/ds/lib/python3.13/site-packages/numpy/_utils/__pycache__/_convertions.cpython-313.pyc>
248545 openat(AT_FDCWD</home/visitor/Documents/depthanything_u250_host_graph_r74_cpp_frame_graph_boundary>, "/home/visitor/anaconda3/envs/ds/lib/python3.13/site-packages/numpy/__pycache__/_expired_attrs_2_0.cpython-313.pyc", O_RDONLY|O_CLOEXEC) = 3</home/visitor/anaconda3/envs/ds/lib/python3.13/site-packages/numpy/__pycache__/_expired_attrs_2_0.cpython-313.pyc>
248545 openat(AT_FDCWD</home/visitor/Documents/depthanything_u250_host_graph_r74_cpp_frame_graph_boundary>, "/home/visitor/anaconda3/envs/ds/lib/python3.13/site-packages/numpy/__pycache__/version.cpython-313.pyc", O_RDONLY|O_CLOEXEC) = 3</home/visitor/anaconda3/envs/ds/lib/python3.13/site-packages/numpy/__pycache__/version.cpython-313.pyc>
248545 openat(AT_FDCWD</home/visitor/Documents/depthanything_u250_host_graph_r74_cpp_frame_graph_boundary>, "/home/visitor/anaconda3/envs/ds/lib/python3.13/site-packages/numpy/__pycache__/_distributor_init.cpython-313.pyc", O_RDONLY|O_CLOEXEC) = 3</home/visitor/anaconda3/envs/ds/lib/python3.13/site-packages/numpy/__pycache__/_distributor_init.cpython-313.pyc>
248545 openat(AT_FDCWD</home/visitor/Documents/depthanything_u250_host_graph_r74_cpp_frame_graph_boundary>, "/home/visitor/anaconda3/envs/ds/lib/python3.13/site-packages/numpy/__pycache__/__config__.cpython-313.pyc", O_RDONLY|O_CLOEXEC) = 3</home/visitor/anaconda3/envs/ds/lib/python3.13/site-packages/numpy/__pycache__/__config__.cpython-313.pyc>
248545 openat(AT_FDCWD</home/visitor/Documents/depthanything_u250_host_graph_r74_cpp_frame_graph_boundary>, "/home/visitor/anaconda3/envs/ds/lib/python3.13/site-packages/numpy/_core/__pycache__/__init__.cpython-313.pyc", O_RDONLY|O_CLOEXEC) = 3</home/visitor/anaconda3/envs/ds/lib/python3.13/site-packages/numpy/_core/__pycache__/__init__.cpython-313.pyc>
248545 openat(AT_FDCWD</home/visitor/Documents/depthanything_u250_host_graph_r74_cpp_frame_graph_boundary>, "/home/visitor/anaconda3/envs/ds/lib/python3.13/site-packages/numpy/_core", O_RDONLY|O_NONBLOCK|O_CLOEXEC|O_DIRECTORY) = 3</home/visitor/anaconda3/envs/ds/lib/python3.13/site-packages/numpy/_core>
248545 openat(AT_FDCWD</home/visitor/Documents/depthanything_u250_host_graph_r74_cpp_frame_graph_boundary>, "/home/visitor/anaconda3/envs/ds/lib/python3.13/site-packages/numpy/_core/__pycache__/multiarray.cpython-313.pyc", O_RDONLY|O_CLOEXEC) = 3</home/visitor/anaconda3/envs/ds/lib/python3.13/site-packages/numpy/_core/__pycache__/multiarray.cpython-313.pyc>
248545 openat(AT_FDCWD</home/visitor/Documents/depthanything_u250_host_graph_r74_cpp_frame_graph_boundary>, "/home/visitor/anaconda3/envs/ds/lib/python3.13/site-packages/numpy/_core/__pycache__/overrides.cpython-313.pyc", O_RDONLY|O_CLOEXEC) = 3</home/visitor/anaconda3/envs/ds/lib/python3.13/site-packages/numpy/_core/__pycache__/overrides.cpython-313.pyc>
248545 openat(AT_FDCWD</home/visitor/Documents/depthanything_u250_host_graph_r74_cpp_frame_graph_boundary>, "/home/visitor/anaconda3/envs/ds/lib/python3.13/site-packages/numpy/_utils/__pycache__/_inspect.cpython-313.pyc", O_RDONLY|O_CLOEXEC) = 3</home/visitor/anaconda3/envs/ds/lib/python3.13/site-packages/numpy/_utils/__pycache__/_inspect.cpython-313.pyc>
248545 openat(AT_FDCWD</home/visitor/Documents/depthanything_u250_host_graph_r74_cpp_frame_graph_boundary>, "/home/visitor/anaconda3/envs/ds/lib/python3.13/site-packages/numpy/_core/_multiarray_umath.cpython-313-x86_64-linux-gnu.so", O_RDONLY|O_CLOEXEC) = 3</home/visitor/anaconda3/envs/ds/lib/python3.13/site-packages/numpy/_core/_multiarray_umath.cpython-313-x86_64-linux-gnu.so>
248545 openat(AT_FDCWD</home/visitor/Documents/depthanything_u250_host_graph_r74_cpp_frame_graph_boundary>, "/home/visitor/anaconda3/envs/ds/lib/python3.13/site-packages/numpy/_core/../../numpy.libs/glibc-hwcaps/x86-64-v3/libscipy_openblas64_-56d6093b.so", O_RDONLY|O_CLOEXEC) = -1 ENOENT (No such file or directory)
248545 openat(AT_FDCWD</home/visitor/Documents/depthanything_u250_host_graph_r74_cpp_frame_graph_boundary>, "/home/visitor/anaconda3/envs/ds/lib/python3.13/site-packages/numpy/_core/../../numpy.libs/glibc-hwcaps/x86-64-v2/libscipy_openblas64_-56d6093b.so", O_RDONLY|O_CLOEXEC) = -1 ENOENT (No such file or directory)
248545 openat(AT_FDCWD</home/visitor/Documents/depthanything_u250_host_graph_r74_cpp_frame_graph_boundary>, "/home/visitor/anaconda3/envs/ds/lib/python3.13/site-packages/numpy/_core/../../numpy.libs/tls/haswell/x86_64/libscipy_openblas64_-56d6093b.so", O_RDONLY|O_CLOEXEC) = -1 ENOENT (No such file or directory)
248545 openat(AT_FDCWD</home/visitor/Documents/depthanything_u250_host_graph_r74_cpp_frame_graph_boundary>, "/home/visitor/anaconda3/envs/ds/lib/python3.13/site-packages/numpy/_core/../../numpy.libs/tls/haswell/libscipy_openblas64_-56d6093b.so", O_RDONLY|O_CLOEXEC) = -1 ENOENT (No such file or directory)
248545 openat(AT_FDCWD</home/visitor/Documents/depthanything_u250_host_graph_r74_cpp_frame_graph_boundary>, "/home/visitor/anaconda3/envs/ds/lib/python3.13/site-packages/numpy/_core/../../numpy.libs/tls/x86_64/libscipy_openblas64_-56d6093b.so", O_RDONLY|O_CLOEXEC) = -1 ENOENT (No such file or directory)
248545 openat(AT_FDCWD</home/visitor/Documents/depthanything_u250_host_graph_r74_cpp_frame_graph_boundary>, "/home/visitor/anaconda3/envs/ds/lib/python3.13/site-packages/numpy/_core/../../numpy.libs/tls/libscipy_openblas64_-56d6093b.so", O_RDONLY|O_CLOEXEC) = -1 ENOENT (No such file or directory)
248545 openat(AT_FDCWD</home/visitor/Documents/depthanything_u250_host_graph_r74_cpp_frame_graph_boundary>, "/home/visitor/anaconda3/envs/ds/lib/python3.13/site-packages/numpy/_core/../../numpy.libs/haswell/x86_64/libscipy_openblas64_-56d6093b.so", O_RDONLY|O_CLOEXEC) = -1 ENOENT (No such file or directory)
248545 openat(AT_FDCWD</home/visitor/Documents/depthanything_u250_host_graph_r74_cpp_frame_graph_boundary>, "/home/visitor/anaconda3/envs/ds/lib/python3.13/site-packages/numpy/_core/../../numpy.libs/haswell/libscipy_openblas64_-56d6093b.so", O_RDONLY|O_CLOEXEC) = -1 ENOENT (No such file or directory)
248545 openat(AT_FDCWD</home/visitor/Documents/depthanything_u250_host_graph_r74_cpp_frame_graph_boundary>, "/home/visitor/anaconda3/envs/ds/lib/python3.13/site-packages/numpy/_core/../../numpy.libs/x86_64/libscipy_openblas64_-56d6093b.so", O_RDONLY|O_CLOEXEC) = -1 ENOENT (No such file or directory)
248545 openat(AT_FDCWD</home/visitor/Documents/depthanything_u250_host_graph_r74_cpp_frame_graph_boundary>, "/home/visitor/anaconda3/envs/ds/lib/python3.13/site-packages/numpy/_core/../../numpy.libs/libscipy_openblas64_-56d6093b.so", O_RDONLY|O_CLOEXEC) = 3</home/visitor/anaconda3/envs/ds/lib/python3.13/site-packages/numpy.libs/libscipy_openblas64_-56d6093b.so>
248545 openat(AT_FDCWD</home/visitor/Documents/depthanything_u250_host_graph_r74_cpp_frame_graph_boundary>, "/home/visitor/anaconda3/envs/ds/lib/python3.13/site-packages/numpy/_core/../../numpy.libs/libstdc++.so.6", O_RDONLY|O_CLOEXEC) = -1 ENOENT (No such file or directory)
248545 openat(AT_FDCWD</home/visitor/Documents/depthanything_u250_host_graph_r74_cpp_frame_graph_boundary>, "/home/visitor/anaconda3/envs/ds/bin/../lib/libstdc++.so.6", O_RDONLY|O_CLOEXEC) = 3</home/visitor/anaconda3/envs/ds/lib/libstdc++.so.6.0.34>
248545 openat(AT_FDCWD</home/visitor/Documents/depthanything_u250_host_graph_r74_cpp_frame_graph_boundary>, "/home/visitor/anaconda3/envs/ds/lib/python3.13/site-packages/numpy/_core/../../numpy.libs/libgcc_s.so.1", O_RDONLY|O_CLOEXEC) = -1 ENOENT (No such file or directory)
248545 openat(AT_FDCWD</home/visitor/Documents/depthanything_u250_host_graph_r74_cpp_frame_graph_boundary>, "/home/visitor/anaconda3/envs/ds/bin/../lib/libgcc_s.so.1", O_RDONLY|O_CLOEXEC) = 3</home/visitor/anaconda3/envs/ds/lib/libgcc_s.so.1>
248545 openat(AT_FDCWD</home/visitor/Documents/depthanything_u250_host_graph_r74_cpp_frame_graph_boundary>, "/home/visitor/anaconda3/envs/ds/lib/python3.13/site-packages/numpy/_core/../../numpy.libs/libgfortran-040039e1-0352e75f.so.5.0.0", O_RDONLY|O_CLOEXEC) = 3</home/visitor/anaconda3/envs/ds/lib/python3.13/site-packages/numpy.libs/libgfortran-040039e1-0352e75f.so.5.0.0>
248545 openat(AT_FDCWD</home/visitor/Documents/depthanything_u250_host_graph_r74_cpp_frame_graph_boundary>, "/home/visitor/anaconda3/envs/ds/lib/python3.13/site-packages/numpy/_core/../../numpy.libs/libquadmath-96973f99-934c22de.so.0.0.0", O_RDONLY|O_CLOEXEC) = 3</home/visitor/anaconda3/envs/ds/lib/python3.13/site-packages/numpy.libs/libquadmath-96973f99-934c22de.so.0.0.0>
248545 openat(AT_FDCWD</home/visitor/Documents/depthanything_u250_host_graph_r74_cpp_frame_graph_boundary>, "/sys/devices/system/cpu", O_RDONLY|O_NONBLOCK|O_CLOEXEC|O_DIRECTORY) = 3</sys/devices/system/cpu>
248545 openat(AT_FDCWD</home/visitor/Documents/depthanything_u250_host_graph_r74_cpp_frame_graph_boundary>, "/home/visitor/anaconda3/envs/ds/lib/python3.13/site-packages/numpy/__pycache__/exceptions.cpython-313.pyc", O_RDONLY|O_CLOEXEC) = 3</home/visitor/anaconda3/envs/ds/lib/python3.13/site-packages/numpy/__pycache__/exceptions.cpython-313.pyc>
248545 openat(AT_FDCWD</home/visitor/Documents/depthanything_u250_host_graph_r74_cpp_frame_graph_boundary>, "/home/visitor/anaconda3/envs/ds/lib/python3.13/site-packages/numpy/_core/__pycache__/_exceptions.cpython-313.pyc", O_RDONLY|O_CLOEXEC) = 3</home/visitor/anaconda3/envs/ds/lib/python3.13/site-packages/numpy/_core/__pycache__/_exceptions.cpython-313.pyc>
248545 openat(AT_FDCWD</home/visitor/Documents/depthanything_u250_host_graph_r74_cpp_frame_graph_boundary>, "/home/visitor/anaconda3/envs/ds/lib/python3.13/site-packages/numpy/_core/__pycache__/printoptions.cpython-313.pyc", O_RDONLY|O_CLOEXEC) = 3</home/visitor/anaconda3/envs/ds/lib/python3.13/site-packages/numpy/_core/__pycache__/printoptions.cpython-313.pyc>
248545 openat(AT_FDCWD</home/visitor/Documents/depthanything_u250_host_graph_r74_cpp_frame_graph_boundary>, "/home/visitor/anaconda3/envs/ds/lib/python3.13/site-packages/numpy/__pycache__/dtypes.cpython-313.pyc", O_RDONLY|O_CLOEXEC) = 3</home/visitor/anaconda3/envs/ds/lib/python3.13/site-packages/numpy/__pycache__/dtypes.cpython-313.pyc>
248545 openat(AT_FDCWD</home/visitor/Documents/depthanything_u250_host_graph_r74_cpp_frame_graph_boundary>, "/home/visitor/anaconda3/envs/ds/lib/python3.13/site-packages/numpy/_core/__pycache__/umath.cpython-313.pyc", O_RDONLY|O_CLOEXEC) = 3</home/visitor/anaconda3/envs/ds/lib/python3.13/site-packages/numpy/_core/__pycache__/umath.cpython-313.pyc>
248545 openat(AT_FDCWD</home/visitor/Documents/depthanything_u250_host_graph_r74_cpp_frame_graph_boundary>, "/home/visitor/anaconda3/envs/ds/lib/python3.13/site-packages/numpy/_core/__pycache__/numerictypes.cpython-313.pyc", O_RDONLY|O_CLOEXEC) = 3</home/visitor/anaconda3/envs/ds/lib/python3.13/site-packages/numpy/_core/__pycache__/numerictypes.cpython-313.pyc>
248545 openat(AT_FDCWD</home/visitor/Documents/depthanything_u250_host_graph_r74_cpp_frame_graph_boundary>, "/home/visitor/anaconda3/envs/ds/lib/python3.13/__pycache__/numbers.cpython-313.pyc", O_RDONLY|O_CLOEXEC) = 3</home/visitor/anaconda3/envs/ds/lib/python3.13/__pycache__/numbers.cpython-313.pyc>
248545 openat(AT_FDCWD</home/visitor/Documents/depthanything_u250_host_graph_r74_cpp_frame_graph_boundary>, "/home/visitor/anaconda3/envs/ds/lib/python3.13/site-packages/numpy/_core/__pycache__/_string_helpers.cpython-313.pyc", O_RDONLY|O_CLOEXEC) = 3</home/visitor/anaconda3/envs/ds/lib/python3.13/site-packages/numpy/_core/__pycache__/_string_helpers.cpython-313.pyc>
248545 openat(AT_FDCWD</home/visitor/Documents/depthanything_u250_host_graph_r74_cpp_frame_graph_boundary>, "/home/visitor/anaconda3/envs/ds/lib/python3.13/site-packages/numpy/_core/__pycache__/_type_aliases.cpython-313.pyc", O_RDONLY|O_CLOEXEC) = 3</home/visitor/anaconda3/envs/ds/lib/python3.13/site-packages/numpy/_core/__pycache__/_type_aliases.cpython-313.pyc>
248545 openat(AT_FDCWD</home/visitor/Documents/depthanything_u250_host_graph_r74_cpp_frame_graph_boundary>, "/home/visitor/anaconda3/envs/ds/lib/python3.13/site-packages/numpy/_core/__pycache__/_dtype.cpython-313.pyc", O_RDONLY|O_CLOEXEC) = 3</home/visitor/anaconda3/envs/ds/lib/python3.13/site-packages/numpy/_core/__pycache__/_dtype.cpython-313.pyc>
248545 openat(AT_FDCWD</home/visitor/Documents/depthanything_u250_host_graph_r74_cpp_frame_graph_boundary>, "/home/visitor/anaconda3/envs/ds/lib/python3.13/site-packages/numpy/_core/__pycache__/numeric.cpython-313.pyc", O_RDONLY|O_CLOEXEC) = 3</home/visitor/anaconda3/envs/ds/lib/python3.13/site-packages/numpy/_core/__pycache__/numeric.cpython-313.pyc>
248545 openat(AT_FDCWD</home/visitor/Documents/depthanything_u250_host_graph_r74_cpp_frame_graph_boundary>, "/home/visitor/anaconda3/envs/ds/lib/python3.13/site-packages/numpy/_core/__pycache__/shape_base.cpython-313.pyc", O_RDONLY|O_CLOEXEC) = 3</home/visitor/anaconda3/envs/ds/lib/python3.13/site-packages/numpy/_core/__pycache__/shape_base.cpython-313.pyc>
248545 openat(AT_FDCWD</home/visitor/Documents/depthanything_u250_host_graph_r74_cpp_frame_graph_boundary>, "/home/visitor/anaconda3/envs/ds/lib/python3.13/site-packages/numpy/_core/__pycache__/fromnumeric.cpython-313.pyc", O_RDONLY|O_CLOEXEC) = 3</home/visitor/anaconda3/envs/ds/lib/python3.13/site-packages/numpy/_core/__pycache__/fromnumeric.cpython-313.pyc>
248545 openat(AT_FDCWD</home/visitor/Documents/depthanything_u250_host_graph_r74_cpp_frame_graph_boundary>, "/home/visitor/anaconda3/envs/ds/lib/python3.13/site-packages/numpy/_core/__pycache__/_methods.cpython-313.pyc", O_RDONLY|O_CLOEXEC) = 3</home/visitor/anaconda3/envs/ds/lib/python3.13/site-packages/numpy/_core/__pycache__/_methods.cpython-313.pyc>
248545 openat(AT_FDCWD</home/visitor/Documents/depthanything_u250_host_graph_r74_cpp_frame_graph_boundary>, "/home/visitor/anaconda3/envs/ds/lib/python3.13/__pycache__/pickle.cpython-313.pyc", O_RDONLY|O_CLOEXEC) = 3</home/visitor/anaconda3/envs/ds/lib/python3.13/__pycache__/pickle.cpython-313.pyc>
248545 openat(AT_FDCWD</home/visitor/Documents/depthanything_u250_host_graph_r74_cpp_frame_graph_boundary>, "/home/visitor/anaconda3/envs/ds/lib/python3.13/__pycache__/_compat_pickle.cpython-313.pyc", O_RDONLY|O_CLOEXEC) = 3</home/visitor/anaconda3/envs/ds/lib/python3.13/__pycache__/_compat_pickle.cpython-313.pyc>
248545 openat(AT_FDCWD</home/visitor/Documents/depthanything_u250_host_graph_r74_cpp_frame_graph_boundary>, "/home/visitor/anaconda3/envs/ds/lib/python3.13/lib-dynload/_pickle.cpython-313-x86_64-linux-gnu.so", O_RDONLY|O_CLOEXEC) = 3</home/visitor/anaconda3/envs/ds/lib/python3.13/lib-dynload/_pickle.cpython-313-x86_64-linux-gnu.so>
248545 openat(AT_FDCWD</home/visitor/Documents/depthanything_u250_host_graph_r74_cpp_frame_graph_boundary>, "/home/visitor/anaconda3/envs/ds/lib/python3.13/site-packages/numpy/_core/__pycache__/_ufunc_config.cpython-313.pyc", O_RDONLY|O_CLOEXEC) = 3</home/visitor/anaconda3/envs/ds/lib/python3.13/site-packages/numpy/_core/__pycache__/_ufunc_config.cpython-313.pyc>
248545 openat(AT_FDCWD</home/visitor/Documents/depthanything_u250_host_graph_r74_cpp_frame_graph_boundary>, "/home/visitor/anaconda3/envs/ds/lib/python3.13/site-packages/numpy/_core/__pycache__/arrayprint.cpython-313.pyc", O_RDONLY|O_CLOEXEC) = 3</home/visitor/anaconda3/envs/ds/lib/python3.13/site-packages/numpy/_core/__pycache__/arrayprint.cpython-313.pyc>
248545 openat(AT_FDCWD</home/visitor/Documents/depthanything_u250_host_graph_r74_cpp_frame_graph_boundary>, "/home/visitor/anaconda3/envs/ds/lib/python3.13/site-packages/numpy/_core/__pycache__/_asarray.cpython-313.pyc", O_RDONLY|O_CLOEXEC) = 3</home/visitor/anaconda3/envs/ds/lib/python3.13/site-packages/numpy/_core/__pycache__/_asarray.cpython-313.pyc>
248545 openat(AT_FDCWD</home/visitor/Documents/depthanything_u250_host_graph_r74_cpp_frame_graph_boundary>, "/home/visitor/anaconda3/envs/ds/lib/python3.13/site-packages/numpy/_core/__pycache__/records.cpython-313.pyc", O_RDONLY|O_CLOEXEC) = 3</home/visitor/anaconda3/envs/ds/lib/python3.13/site-packages/numpy/_core/__pycache__/records.cpython-313.pyc>
248545 openat(AT_FDCWD</home/visitor/Documents/depthanything_u250_host_graph_r74_cpp_frame_graph_boundary>, "/home/visitor/anaconda3/envs/ds/lib/python3.13/site-packages/numpy/_core/__pycache__/memmap.cpython-313.pyc", O_RDONLY|O_CLOEXEC) = 3</home/visitor/anaconda3/envs/ds/lib/python3.13/site-packages/numpy/_core/__pycache__/memmap.cpython-313.pyc>
248545 openat(AT_FDCWD</home/visitor/Documents/depthanything_u250_host_graph_r74_cpp_frame_graph_boundary>, "/home/visitor/anaconda3/envs/ds/lib/python3.13/site-packages/numpy/_core/__pycache__/function_base.cpython-313.pyc", O_RDONLY|O_CLOEXEC) = 3</home/visitor/anaconda3/envs/ds/lib/python3.13/site-packages/numpy/_core/__pycache__/function_base.cpython-313.pyc>
248545 openat(AT_FDCWD</home/visitor/Documents/depthanything_u250_host_graph_r74_cpp_frame_graph_boundary>, "/home/visitor/anaconda3/envs/ds/lib/python3.13/site-packages/numpy/_core/__pycache__/_machar.cpython-313.pyc", O_RDONLY|O_CLOEXEC) = 3</home/visitor/anaconda3/envs/ds/lib/python3.13/site-packages/numpy/_core/__pycache__/_machar.cpython-313.pyc>
248545 openat(AT_FDCWD</home/visitor/Documents/depthanything_u250_host_graph_r74_cpp_frame_graph_boundary>, "/home/visitor/anaconda3/envs/ds/lib/python3.13/site-packages/numpy/_core/__pycache__/getlimits.cpython-313.pyc", O_RDONLY|O_CLOEXEC) = 3</home/visitor/anaconda3/envs/ds/lib/python3.13/site-packages/numpy/_core/__pycache__/getlimits.cpython-313.pyc>
248545 openat(AT_FDCWD</home/visitor/Documents/depthanything_u250_host_graph_r74_cpp_frame_graph_boundary>, "/home/visitor/anaconda3/envs/ds/lib/python3.13/site-packages/numpy/_core/__pycache__/einsumfunc.cpython-313.pyc", O_RDONLY|O_CLOEXEC) = 3</home/visitor/anaconda3/envs/ds/lib/python3.13/site-packages/numpy/_core/__pycache__/einsumfunc.cpython-313.pyc>
248545 openat(AT_FDCWD</home/visitor/Documents/depthanything_u250_host_graph_r74_cpp_frame_graph_boundary>, "/home/visitor/anaconda3/envs/ds/lib/python3.13/site-packages/numpy/_core/__pycache__/_add_newdocs.cpython-313.pyc", O_RDONLY|O_CLOEXEC) = 3</home/visitor/anaconda3/envs/ds/lib/python3.13/site-packages/numpy/_core/__pycache__/_add_newdocs.cpython-313.pyc>
248545 openat(AT_FDCWD</home/visitor/Documents/depthanything_u250_host_graph_r74_cpp_frame_graph_boundary>, "/home/visitor/anaconda3/envs/ds/lib/python3.13/site-packages/numpy/_core/__pycache__/_add_newdocs_scalars.cpython-313.pyc", O_RDONLY|O_CLOEXEC) = 3</home/visitor/anaconda3/envs/ds/lib/python3.13/site-packages/numpy/_core/__pycache__/_add_newdocs_scalars.cpython-313.pyc>
248545 openat(AT_FDCWD</home/visitor/Documents/depthanything_u250_host_graph_r74_cpp_frame_graph_boundary>, "/home/visitor/anaconda3/envs/ds/lib/python3.13/site-packages/numpy/_core/__pycache__/_dtype_ctypes.cpython-313.pyc", O_RDONLY|O_CLOEXEC) = 3</home/visitor/anaconda3/envs/ds/lib/python3.13/site-packages/numpy/_core/__pycache__/_dtype_ctypes.cpython-313.pyc>
248545 openat(AT_FDCWD</home/visitor/Documents/depthanything_u250_host_graph_r74_cpp_frame_graph_boundary>, "/home/visitor/anaconda3/envs/ds/lib/python3.13/site-packages/numpy/_core/__pycache__/_internal.cpython-313.pyc", O_RDONLY|O_CLOEXEC) = 3</home/visitor/anaconda3/envs/ds/lib/python3.13/site-packages/numpy/_core/__pycache__/_internal.cpython-313.pyc>
248545 openat(AT_FDCWD</home/visitor/Documents/depthanything_u250_host_graph_r74_cpp_frame_graph_boundary>, "/home/visitor/anaconda3/envs/ds/lib/python3.13/ctypes/__pycache__/__init__.cpython-313.pyc", O_RDONLY|O_CLOEXEC) = 3</home/visitor/anaconda3/envs/ds/lib/python3.13/ctypes/__pycache__/__init__.cpython-313.pyc>
248545 openat(AT_FDCWD</home/visitor/Documents/depthanything_u250_host_graph_r74_cpp_frame_graph_boundary>, "/home/visitor/anaconda3/envs/ds/lib/python3.13/sysconfig/__pycache__/__init__.cpython-313.pyc", O_RDONLY|O_CLOEXEC) = 3</home/visitor/anaconda3/envs/ds/lib/python3.13/sysconfig/__pycache__/__init__.cpython-313.pyc>
248545 openat(AT_FDCWD</home/visitor/Documents/depthanything_u250_host_graph_r74_cpp_frame_graph_boundary>, "/home/visitor/anaconda3/envs/ds/lib/python3.13/lib-dynload/_ctypes.cpython-313-x86_64-linux-gnu.so", O_RDONLY|O_CLOEXEC) = 3</home/visitor/anaconda3/envs/ds/lib/python3.13/lib-dynload/_ctypes.cpython-313-x86_64-linux-gnu.so>
248545 openat(AT_FDCWD</home/visitor/Documents/depthanything_u250_host_graph_r74_cpp_frame_graph_boundary>, "/home/visitor/anaconda3/envs/ds/lib/python3.13/lib-dynload/../../libffi.so.8", O_RDONLY|O_CLOEXEC) = 3</home/visitor/anaconda3/envs/ds/lib/libffi.so.8.2.0>
248545 openat(AT_FDCWD</home/visitor/Documents/depthanything_u250_host_graph_r74_cpp_frame_graph_boundary>, "/home/visitor/anaconda3/envs/ds/lib/python3.13/ctypes", O_RDONLY|O_NONBLOCK|O_CLOEXEC|O_DIRECTORY) = 3</home/visitor/anaconda3/envs/ds/lib/python3.13/ctypes>
248545 openat(AT_FDCWD</home/visitor/Documents/depthanything_u250_host_graph_r74_cpp_frame_graph_boundary>, "/home/visitor/anaconda3/envs/ds/lib/python3.13/ctypes/__pycache__/_endian.cpython-313.pyc", O_RDONLY|O_CLOEXEC) = 3</home/visitor/anaconda3/envs/ds/lib/python3.13/ctypes/__pycache__/_endian.cpython-313.pyc>
248545 openat(AT_FDCWD</home/visitor/Documents/depthanything_u250_host_graph_r74_cpp_frame_graph_boundary>, "/home/visitor/anaconda3/envs/ds/lib/python3.13/site-packages/numpy/__pycache__/_pytesttester.cpython-313.pyc", O_RDONLY|O_CLOEXEC) = 3</home/visitor/anaconda3/envs/ds/lib/python3.13/site-packages/numpy/__pycache__/_pytesttester.cpython-313.pyc>
248545 openat(AT_FDCWD</home/visitor/Documents/depthanything_u250_host_graph_r74_cpp_frame_graph_boundary>, "/home/visitor/anaconda3/envs/ds/lib/python3.13/site-packages/numpy/lib/__pycache__/__init__.cpython-313.pyc", O_RDONLY|O_CLOEXEC) = 3</home/visitor/anaconda3/envs/ds/lib/python3.13/site-packages/numpy/lib/__pycache__/__init__.cpython-313.pyc>
248545 openat(AT_FDCWD</home/visitor/Documents/depthanything_u250_host_graph_r74_cpp_frame_graph_boundary>, "/home/visitor/anaconda3/envs/ds/lib/python3.13/site-packages/numpy/lib", O_RDONLY|O_NONBLOCK|O_CLOEXEC|O_DIRECTORY) = 3</home/visitor/anaconda3/envs/ds/lib/python3.13/site-packages/numpy/lib>
248545 openat(AT_FDCWD</home/visitor/Documents/depthanything_u250_host_graph_r74_cpp_frame_graph_boundary>, "/home/visitor/anaconda3/envs/ds/lib/python3.13/site-packages/numpy/lib/__pycache__/array_utils.cpython-313.pyc", O_RDONLY|O_CLOEXEC) = 3</home/visitor/anaconda3/envs/ds/lib/python3.13/site-packages/numpy/lib/__pycache__/array_utils.cpython-313.pyc>
248545 openat(AT_FDCWD</home/visitor/Documents/depthanything_u250_host_graph_r74_cpp_frame_graph_boundary>, "/home/visitor/anaconda3/envs/ds/lib/python3.13/site-packages/numpy/lib/__pycache__/_array_utils_impl.cpython-313.pyc", O_RDONLY|O_CLOEXEC) = 3</home/visitor/anaconda3/envs/ds/lib/python3.13/site-packages/numpy/lib/__pycache__/_array_utils_impl.cpython-313.pyc>
248545 openat(AT_FDCWD</home/visitor/Documents/depthanything_u250_host_graph_r74_cpp_frame_graph_boundary>, "/home/visitor/anaconda3/envs/ds/lib/python3.13/site-packages/numpy/lib/__pycache__/introspect.cpython-313.pyc", O_RDONLY|O_CLOEXEC) = 3</home/visitor/anaconda3/envs/ds/lib/python3.13/site-packages/numpy/lib/__pycache__/introspect.cpython-313.pyc>
248545 openat(AT_FDCWD</home/visitor/Documents/depthanything_u250_host_graph_r74_cpp_frame_graph_boundary>, "/home/visitor/anaconda3/envs/ds/lib/python3.13/site-packages/numpy/lib/__pycache__/mixins.cpython-313.pyc", O_RDONLY|O_CLOEXEC) = 3</home/visitor/anaconda3/envs/ds/lib/python3.13/site-packages/numpy/lib/__pycache__/mixins.cpython-313.pyc>
248545 openat(AT_FDCWD</home/visitor/Documents/depthanything_u250_host_graph_r74_cpp_frame_graph_boundary>, "/home/visitor/anaconda3/envs/ds/lib/python3.13/site-packages/numpy/lib/__pycache__/npyio.cpython-313.pyc", O_RDONLY|O_CLOEXEC) = 3</home/visitor/anaconda3/envs/ds/lib/python3.13/site-packages/numpy/lib/__pycache__/npyio.cpython-313.pyc>
248545 openat(AT_FDCWD</home/visitor/Documents/depthanything_u250_host_graph_r74_cpp_frame_graph_boundary>, "/home/visitor/anaconda3/envs/ds/lib/python3.13/site-packages/numpy/lib/__pycache__/_npyio_impl.cpython-313.pyc", O_RDONLY|O_CLOEXEC) = 3</home/visitor/anaconda3/envs/ds/lib/python3.13/site-packages/numpy/lib/__pycache__/_npyio_impl.cpython-313.pyc>
248545 openat(AT_FDCWD</home/visitor/Documents/depthanything_u250_host_graph_r74_cpp_frame_graph_boundary>, "/home/visitor/anaconda3/envs/ds/lib/python3.13/site-packages/numpy/lib/__pycache__/format.cpython-313.pyc", O_RDONLY|O_CLOEXEC) = 3</home/visitor/anaconda3/envs/ds/lib/python3.13/site-packages/numpy/lib/__pycache__/format.cpython-313.pyc>
248545 openat(AT_FDCWD</home/visitor/Documents/depthanything_u250_host_graph_r74_cpp_frame_graph_boundary>, "/home/visitor/anaconda3/envs/ds/lib/python3.13/site-packages/numpy/lib/__pycache__/_utils_impl.cpython-313.pyc", O_RDONLY|O_CLOEXEC) = 3</home/visitor/anaconda3/envs/ds/lib/python3.13/site-packages/numpy/lib/__pycache__/_utils_impl.cpython-313.pyc>
248545 openat(AT_FDCWD</home/visitor/Documents/depthanything_u250_host_graph_r74_cpp_frame_graph_boundary>, "/home/visitor/anaconda3/envs/ds/lib/python3.13/site-packages/numpy/lib/__pycache__/_datasource.cpython-313.pyc", O_RDONLY|O_CLOEXEC) = 3</home/visitor/anaconda3/envs/ds/lib/python3.13/site-packages/numpy/lib/__pycache__/_datasource.cpython-313.pyc>
248545 openat(AT_FDCWD</home/visitor/Documents/depthanything_u250_host_graph_r74_cpp_frame_graph_boundary>, "/home/visitor/anaconda3/envs/ds/lib/python3.13/site-packages/numpy/lib/__pycache__/_iotools.cpython-313.pyc", O_RDONLY|O_CLOEXEC) = 3</home/visitor/anaconda3/envs/ds/lib/python3.13/site-packages/numpy/lib/__pycache__/_iotools.cpython-313.pyc>
248545 openat(AT_FDCWD</home/visitor/Documents/depthanything_u250_host_graph_r74_cpp_frame_graph_boundary>, "/home/visitor/anaconda3/envs/ds/lib/python3.13/site-packages/numpy/lib/__pycache__/scimath.cpython-313.pyc", O_RDONLY|O_CLOEXEC) = 3</home/visitor/anaconda3/envs/ds/lib/python3.13/site-packages/numpy/lib/__pycache__/scimath.cpython-313.pyc>
248545 openat(AT_FDCWD</home/visitor/Documents/depthanything_u250_host_graph_r74_cpp_frame_graph_boundary>, "/home/visitor/anaconda3/envs/ds/lib/python3.13/site-packages/numpy/lib/__pycache__/_scimath_impl.cpython-313.pyc", O_RDONLY|O_CLOEXEC) = 3</home/visitor/anaconda3/envs/ds/lib/python3.13/site-packages/numpy/lib/__pycache__/_scimath_impl.cpython-313.pyc>
248545 openat(AT_FDCWD</home/visitor/Documents/depthanything_u250_host_graph_r74_cpp_frame_graph_boundary>, "/home/visitor/anaconda3/envs/ds/lib/python3.13/site-packages/numpy/lib/__pycache__/_type_check_impl.cpython-313.pyc", O_RDONLY|O_CLOEXEC) = 3</home/visitor/anaconda3/envs/ds/lib/python3.13/site-packages/numpy/lib/__pycache__/_type_check_impl.cpython-313.pyc>
248545 openat(AT_FDCWD</home/visitor/Documents/depthanything_u250_host_graph_r74_cpp_frame_graph_boundary>, "/home/visitor/anaconda3/envs/ds/lib/python3.13/site-packages/numpy/lib/__pycache__/_ufunclike_impl.cpython-313.pyc", O_RDONLY|O_CLOEXEC) = 3</home/visitor/anaconda3/envs/ds/lib/python3.13/site-packages/numpy/lib/__pycache__/_ufunclike_impl.cpython-313.pyc>
248545 openat(AT_FDCWD</home/visitor/Documents/depthanything_u250_host_graph_r74_cpp_frame_graph_boundary>, "/home/visitor/anaconda3/envs/ds/lib/python3.13/site-packages/numpy/lib/__pycache__/stride_tricks.cpython-313.pyc", O_RDONLY|O_CLOEXEC) = 3</home/visitor/anaconda3/envs/ds/lib/python3.13/site-packages/numpy/lib/__pycache__/stride_tricks.cpython-313.pyc>
248545 openat(AT_FDCWD</home/visitor/Documents/depthanything_u250_host_graph_r74_cpp_frame_graph_boundary>, "/home/visitor/anaconda3/envs/ds/lib/python3.13/site-packages/numpy/lib/__pycache__/_stride_tricks_impl.cpython-313.pyc", O_RDONLY|O_CLOEXEC) = 3</home/visitor/anaconda3/envs/ds/lib/python3.13/site-packages/numpy/lib/__pycache__/_stride_tricks_impl.cpython-313.pyc>
248545 openat(AT_FDCWD</home/visitor/Documents/depthanything_u250_host_graph_r74_cpp_frame_graph_boundary>, "/home/visitor/anaconda3/envs/ds/lib/python3.13/site-packages/numpy/lib/__pycache__/_index_tricks_impl.cpython-313.pyc", O_RDONLY|O_CLOEXEC) = 3</home/visitor/anaconda3/envs/ds/lib/python3.13/site-packages/numpy/lib/__pycache__/_index_tricks_impl.cpython-313.pyc>
248545 openat(AT_FDCWD</home/visitor/Documents/depthanything_u250_host_graph_r74_cpp_frame_graph_boundary>, "/home/visitor/anaconda3/envs/ds/lib/python3.13/site-packages/numpy/matrixlib/__pycache__/__init__.cpython-313.pyc", O_RDONLY|O_CLOEXEC) = 3</home/visitor/anaconda3/envs/ds/lib/python3.13/site-packages/numpy/matrixlib/__pycache__/__init__.cpython-313.pyc>
248545 openat(AT_FDCWD</home/visitor/Documents/depthanything_u250_host_graph_r74_cpp_frame_graph_boundary>, "/home/visitor/anaconda3/envs/ds/lib/python3.13/site-packages/numpy/matrixlib", O_RDONLY|O_NONBLOCK|O_CLOEXEC|O_DIRECTORY) = 3</home/visitor/anaconda3/envs/ds/lib/python3.13/site-packages/numpy/matrixlib>
248545 openat(AT_FDCWD</home/visitor/Documents/depthanything_u250_host_graph_r74_cpp_frame_graph_boundary>, "/home/visitor/anaconda3/envs/ds/lib/python3.13/site-packages/numpy/matrixlib/__pycache__/defmatrix.cpython-313.pyc", O_RDONLY|O_CLOEXEC) = 3</home/visitor/anaconda3/envs/ds/lib/python3.13/site-packages/numpy/matrixlib/__pycache__/defmatrix.cpython-313.pyc>
248545 openat(AT_FDCWD</home/visitor/Documents/depthanything_u250_host_graph_r74_cpp_frame_graph_boundary>, "/home/visitor/anaconda3/envs/ds/lib/python3.13/site-packages/numpy/linalg/__pycache__/__init__.cpython-313.pyc", O_RDONLY|O_CLOEXEC) = 3</home/visitor/anaconda3/envs/ds/lib/python3.13/site-packages/numpy/linalg/__pycache__/__init__.cpython-313.pyc>
248545 openat(AT_FDCWD</home/visitor/Documents/depthanything_u250_host_graph_r74_cpp_frame_graph_boundary>, "/home/visitor/anaconda3/envs/ds/lib/python3.13/site-packages/numpy/linalg", O_RDONLY|O_NONBLOCK|O_CLOEXEC|O_DIRECTORY) = 3</home/visitor/anaconda3/envs/ds/lib/python3.13/site-packages/numpy/linalg>
248545 openat(AT_FDCWD</home/visitor/Documents/depthanything_u250_host_graph_r74_cpp_frame_graph_boundary>, "/home/visitor/anaconda3/envs/ds/lib/python3.13/site-packages/numpy/linalg/__pycache__/linalg.cpython-313.pyc", O_RDONLY|O_CLOEXEC) = 3</home/visitor/anaconda3/envs/ds/lib/python3.13/site-packages/numpy/linalg/__pycache__/linalg.cpython-313.pyc>
248545 openat(AT_FDCWD</home/visitor/Documents/depthanything_u250_host_graph_r74_cpp_frame_graph_boundary>, "/home/visitor/anaconda3/envs/ds/lib/python3.13/site-packages/numpy/linalg/__pycache__/_linalg.cpython-313.pyc", O_RDONLY|O_CLOEXEC) = 3</home/visitor/anaconda3/envs/ds/lib/python3.13/site-packages/numpy/linalg/__pycache__/_linalg.cpython-313.pyc>
248545 openat(AT_FDCWD</home/visitor/Documents/depthanything_u250_host_graph_r74_cpp_frame_graph_boundary>, "/home/visitor/anaconda3/envs/ds/lib/python3.13/site-packages/numpy/lib/__pycache__/_twodim_base_impl.cpython-313.pyc", O_RDONLY|O_CLOEXEC) = 3</home/visitor/anaconda3/envs/ds/lib/python3.13/site-packages/numpy/lib/__pycache__/_twodim_base_impl.cpython-313.pyc>
248545 openat(AT_FDCWD</home/visitor/Documents/depthanything_u250_host_graph_r74_cpp_frame_graph_boundary>, "/home/visitor/anaconda3/envs/ds/lib/python3.13/site-packages/numpy/linalg/_umath_linalg.cpython-313-x86_64-linux-gnu.so", O_RDONLY|O_CLOEXEC) = 3</home/visitor/anaconda3/envs/ds/lib/python3.13/site-packages/numpy/linalg/_umath_linalg.cpython-313-x86_64-linux-gnu.so>
248545 openat(AT_FDCWD</home/visitor/Documents/depthanything_u250_host_graph_r74_cpp_frame_graph_boundary>, "/home/visitor/anaconda3/envs/ds/lib/python3.13/site-packages/numpy/_typing/__pycache__/__init__.cpython-313.pyc", O_RDONLY|O_CLOEXEC) = 3</home/visitor/anaconda3/envs/ds/lib/python3.13/site-packages/numpy/_typing/__pycache__/__init__.cpython-313.pyc>
248545 openat(AT_FDCWD</home/visitor/Documents/depthanything_u250_host_graph_r74_cpp_frame_graph_boundary>, "/home/visitor/anaconda3/envs/ds/lib/python3.13/site-packages/numpy/_typing", O_RDONLY|O_NONBLOCK|O_CLOEXEC|O_DIRECTORY) = 3</home/visitor/anaconda3/envs/ds/lib/python3.13/site-packages/numpy/_typing>
248545 openat(AT_FDCWD</home/visitor/Documents/depthanything_u250_host_graph_r74_cpp_frame_graph_boundary>, "/home/visitor/anaconda3/envs/ds/lib/python3.13/site-packages/numpy/_typing/__pycache__/_nested_sequence.cpython-313.pyc", O_RDONLY|O_CLOEXEC) = 3</home/visitor/anaconda3/envs/ds/lib/python3.13/site-packages/numpy/_typing/__pycache__/_nested_sequence.cpython-313.pyc>
248545 openat(AT_FDCWD</home/visitor/Documents/depthanything_u250_host_graph_r74_cpp_frame_graph_boundary>, "/home/visitor/anaconda3/envs/ds/lib/python3.13/site-packages/numpy/_typing/__pycache__/_nbit_base.cpython-313.pyc", O_RDONLY|O_CLOEXEC) = 3</home/visitor/anaconda3/envs/ds/lib/python3.13/site-packages/numpy/_typing/__pycache__/_nbit_base.cpython-313.pyc>
248545 openat(AT_FDCWD</home/visitor/Documents/depthanything_u250_host_graph_r74_cpp_frame_graph_boundary>, "/home/visitor/anaconda3/envs/ds/lib/python3.13/site-packages/numpy/_typing/__pycache__/_nbit.cpython-313.pyc", O_RDONLY|O_CLOEXEC) = 3</home/visitor/anaconda3/envs/ds/lib/python3.13/site-packages/numpy/_typing/__pycache__/_nbit.cpython-313.pyc>
248545 openat(AT_FDCWD</home/visitor/Documents/depthanything_u250_host_graph_r74_cpp_frame_graph_boundary>, "/home/visitor/anaconda3/envs/ds/lib/python3.13/site-packages/numpy/_typing/__pycache__/_char_codes.cpython-313.pyc", O_RDONLY|O_CLOEXEC) = 3</home/visitor/anaconda3/envs/ds/lib/python3.13/site-packages/numpy/_typing/__pycache__/_char_codes.cpython-313.pyc>
248545 openat(AT_FDCWD</home/visitor/Documents/depthanything_u250_host_graph_r74_cpp_frame_graph_boundary>, "/home/visitor/anaconda3/envs/ds/lib/python3.13/site-packages/numpy/_typing/__pycache__/_scalars.cpython-313.pyc", O_RDONLY|O_CLOEXEC) = 3</home/visitor/anaconda3/envs/ds/lib/python3.13/site-packages/numpy/_typing/__pycache__/_scalars.cpython-313.pyc>
248545 openat(AT_FDCWD</home/visitor/Documents/depthanything_u250_host_graph_r74_cpp_frame_graph_boundary>, "/home/visitor/anaconda3/envs/ds/lib/python3.13/site-packages/numpy/_typing/__pycache__/_shape.cpython-313.pyc", O_RDONLY|O_CLOEXEC) = 3</home/visitor/anaconda3/envs/ds/lib/python3.13/site-packages/numpy/_typing/__pycache__/_shape.cpython-313.pyc>
248545 openat(AT_FDCWD</home/visitor/Documents/depthanything_u250_host_graph_r74_cpp_frame_graph_boundary>, "/home/visitor/anaconda3/envs/ds/lib/python3.13/site-packages/numpy/_typing/__pycache__/_dtype_like.cpython-313.pyc", O_RDONLY|O_CLOEXEC) = 3</home/visitor/anaconda3/envs/ds/lib/python3.13/site-packages/numpy/_typing/__pycache__/_dtype_like.cpython-313.pyc>
248545 openat(AT_FDCWD</home/visitor/Documents/depthanything_u250_host_graph_r74_cpp_frame_graph_boundary>, "/home/visitor/anaconda3/envs/ds/lib/python3.13/site-packages/numpy/_typing/__pycache__/_array_like.cpython-313.pyc", O_RDONLY|O_CLOEXEC) = 3</home/visitor/anaconda3/envs/ds/lib/python3.13/site-packages/numpy/_typing/__pycache__/_array_like.cpython-313.pyc>
248545 openat(AT_FDCWD</home/visitor/Documents/depthanything_u250_host_graph_r74_cpp_frame_graph_boundary>, "/home/visitor/anaconda3/envs/ds/lib/python3.13/site-packages/numpy/_typing/__pycache__/_ufunc.cpython-313.pyc", O_RDONLY|O_CLOEXEC) = 3</home/visitor/anaconda3/envs/ds/lib/python3.13/site-packages/numpy/_typing/__pycache__/_ufunc.cpython-313.pyc>
248545 openat(AT_FDCWD</home/visitor/Documents/depthanything_u250_host_graph_r74_cpp_frame_graph_boundary>, "/home/visitor/anaconda3/envs/ds/lib/python3.13/site-packages/numpy/lib/__pycache__/_function_base_impl.cpython-313.pyc", O_RDONLY|O_CLOEXEC) = 3</home/visitor/anaconda3/envs/ds/lib/python3.13/site-packages/numpy/lib/__pycache__/_function_base_impl.cpython-313.pyc>
248545 openat(AT_FDCWD</home/visitor/Documents/depthanything_u250_host_graph_r74_cpp_frame_graph_boundary>, "/home/visitor/anaconda3/envs/ds/lib/python3.13/site-packages/numpy/lib/__pycache__/_histograms_impl.cpython-313.pyc", O_RDONLY|O_CLOEXEC) = 3</home/visitor/anaconda3/envs/ds/lib/python3.13/site-packages/numpy/lib/__pycache__/_histograms_impl.cpython-313.pyc>
248545 openat(AT_FDCWD</home/visitor/Documents/depthanything_u250_host_graph_r74_cpp_frame_graph_boundary>, "/home/visitor/anaconda3/envs/ds/lib/python3.13/site-packages/numpy/lib/__pycache__/_nanfunctions_impl.cpython-313.pyc", O_RDONLY|O_CLOEXEC) = 3</home/visitor/anaconda3/envs/ds/lib/python3.13/site-packages/numpy/lib/__pycache__/_nanfunctions_impl.cpython-313.pyc>
248545 openat(AT_FDCWD</home/visitor/Documents/depthanything_u250_host_graph_r74_cpp_frame_graph_boundary>, "/home/visitor/anaconda3/envs/ds/lib/python3.13/site-packages/numpy/lib/__pycache__/_shape_base_impl.cpython-313.pyc", O_RDONLY|O_CLOEXEC) = 3</home/visitor/anaconda3/envs/ds/lib/python3.13/site-packages/numpy/lib/__pycache__/_shape_base_impl.cpython-313.pyc>
248545 openat(AT_FDCWD</home/visitor/Documents/depthanything_u250_host_graph_r74_cpp_frame_graph_boundary>, "/home/visitor/anaconda3/envs/ds/lib/python3.13/site-packages/numpy/lib/__pycache__/_arraysetops_impl.cpython-313.pyc", O_RDONLY|O_CLOEXEC) = 3</home/visitor/anaconda3/envs/ds/lib/python3.13/site-packages/numpy/lib/__pycache__/_arraysetops_impl.cpython-313.pyc>
248545 openat(AT_FDCWD</home/visitor/Documents/depthanything_u250_host_graph_r74_cpp_frame_graph_boundary>, "/home/visitor/anaconda3/envs/ds/lib/python3.13/site-packages/numpy/lib/__pycache__/_polynomial_impl.cpython-313.pyc", O_RDONLY|O_CLOEXEC) = 3</home/visitor/anaconda3/envs/ds/lib/python3.13/site-packages/numpy/lib/__pycache__/_polynomial_impl.cpython-313.pyc>
248545 openat(AT_FDCWD</home/visitor/Documents/depthanything_u250_host_graph_r74_cpp_frame_graph_boundary>, "/home/visitor/anaconda3/envs/ds/lib/python3.13/site-packages/numpy/lib/__pycache__/_arrayterator_impl.cpython-313.pyc", O_RDONLY|O_CLOEXEC) = 3</home/visitor/anaconda3/envs/ds/lib/python3.13/site-packages/numpy/lib/__pycache__/_arrayterator_impl.cpython-313.pyc>
248545 openat(AT_FDCWD</home/visitor/Documents/depthanything_u250_host_graph_r74_cpp_frame_graph_boundary>, "/home/visitor/anaconda3/envs/ds/lib/python3.13/site-packages/numpy/lib/__pycache__/_arraypad_impl.cpython-313.pyc", O_RDONLY|O_CLOEXEC) = 3</home/visitor/anaconda3/envs/ds/lib/python3.13/site-packages/numpy/lib/__pycache__/_arraypad_impl.cpython-313.pyc>
248545 openat(AT_FDCWD</home/visitor/Documents/depthanything_u250_host_graph_r74_cpp_frame_graph_boundary>, "/home/visitor/anaconda3/envs/ds/lib/python3.13/site-packages/numpy/lib/__pycache__/_version.cpython-313.pyc", O_RDONLY|O_CLOEXEC) = 3</home/visitor/anaconda3/envs/ds/lib/python3.13/site-packages/numpy/lib/__pycache__/_version.cpython-313.pyc>
248545 openat(AT_FDCWD</home/visitor/Documents/depthanything_u250_host_graph_r74_cpp_frame_graph_boundary>, "/home/visitor/anaconda3/envs/ds/lib/python3.13/site-packages/numpy/__pycache__/_array_api_info.cpython-313.pyc", O_RDONLY|O_CLOEXEC) = 3</home/visitor/anaconda3/envs/ds/lib/python3.13/site-packages/numpy/__pycache__/_array_api_info.cpython-313.pyc>
248545 openat(AT_FDCWD</home/visitor/Documents/depthanything_u250_host_graph_r74_cpp_frame_graph_boundary>, "/home/visitor/Documents/depthanything_u250_host_graph_r74_cpp_frame_graph_boundary/tools/__pycache__/run_u250_depthanything_hybrid.cpython-313.pyc", O_RDONLY|O_CLOEXEC) = 3</home/visitor/Documents/depthanything_u250_host_graph_r74_cpp_frame_graph_boundary/tools/__pycache__/run_u250_depthanything_hybrid.cpython-313.pyc>
248545 openat(AT_FDCWD</home/visitor/Documents/depthanything_u250_host_graph_r74_cpp_frame_graph_boundary>, "/home/visitor/Documents/depthanything_u250_host_graph_r74_cpp_frame_graph_boundary/tools/__pycache__/u250_cpp_mapped_runtime.cpython-313.pyc", O_RDONLY|O_CLOEXEC) = 3</home/visitor/Documents/depthanything_u250_host_graph_r74_cpp_frame_graph_boundary/tools/__pycache__/u250_cpp_mapped_runtime.cpython-313.pyc>
248545 openat(AT_FDCWD</home/visitor/Documents/depthanything_u250_host_graph_r74_cpp_frame_graph_boundary>, "/home/visitor/Documents/depthanything_u250_host_graph_r74_cpp_frame_graph_boundary/tools/__pycache__/u250_layout_descriptors.cpython-313.pyc", O_RDONLY|O_CLOEXEC) = 3</home/visitor/Documents/depthanything_u250_host_graph_r74_cpp_frame_graph_boundary/tools/__pycache__/u250_layout_descriptors.cpython-313.pyc>
248545 openat(AT_FDCWD</home/visitor/Documents/depthanything_u250_host_graph_r74_cpp_frame_graph_boundary>, "/home/visitor/Documents/depthanything_u250_host_graph_r74_cpp_frame_graph_boundary/tools/__pycache__/u250_host_executor.cpython-313.pyc", O_RDONLY|O_CLOEXEC) = 3</home/visitor/Documents/depthanything_u250_host_graph_r74_cpp_frame_graph_boundary/tools/__pycache__/u250_host_executor.cpython-313.pyc>
248545 openat(AT_FDCWD</home/visitor/Documents/depthanything_u250_host_graph_r74_cpp_frame_graph_boundary>, "/home/visitor/Documents/depthanything_u250_host_graph_r74_cpp_frame_graph_boundary/tools/__pycache__/u250_host_profile.cpython-313.pyc", O_RDONLY|O_CLOEXEC) = 3</home/visitor/Documents/depthanything_u250_host_graph_r74_cpp_frame_graph_boundary/tools/__pycache__/u250_host_profile.cpython-313.pyc>
248545 openat(AT_FDCWD</home/visitor/Documents/depthanything_u250_host_graph_r74_cpp_frame_graph_boundary>, "/home/visitor/Documents/depthanything_u250_host_graph_r74_cpp_frame_graph_boundary/build/native_codec", O_RDONLY|O_NONBLOCK|O_CLOEXEC|O_DIRECTORY) = 3</home/visitor/Documents/depthanything_u250_host_graph_r74_cpp_frame_graph_boundary/build/native_codec>
248545 openat(AT_FDCWD</home/visitor/Documents/depthanything_u250_host_graph_r74_cpp_frame_graph_boundary>, "/home/visitor/Documents/depthanything_u250_host_graph_r74_cpp_frame_graph_boundary/build/native_codec/fpgaDmaBatch.cpython-313-x86_64-linux-gnu.so", O_RDONLY|O_CLOEXEC) = 3</home/visitor/Documents/depthanything_u250_host_graph_r74_cpp_frame_graph_boundary/build/native_codec/fpgaDmaBatch.cpython-313-x86_64-linux-gnu.so>
248545 openat(AT_FDCWD</home/visitor/Documents/depthanything_u250_host_graph_r74_cpp_frame_graph_boundary>, "/home/visitor/Documents/depthanything_u250_host_graph_r74_cpp_frame_graph_boundary/build/native_codec/fpgaDmaBatch.cpython-313-x86_64-linux-gnu.so", O_RDONLY|O_CLOEXEC) = 3</home/visitor/Documents/depthanything_u250_host_graph_r74_cpp_frame_graph_boundary/build/native_codec/fpgaDmaBatch.cpython-313-x86_64-linux-gnu.so>
248545 openat(AT_FDCWD</home/visitor/Documents/depthanything_u250_host_graph_r74_cpp_frame_graph_boundary>, "/home/visitor/Documents/depthanything_u250_host_graph_r74_cpp_frame_graph_boundary", O_RDONLY|O_NONBLOCK|O_CLOEXEC|O_DIRECTORY) = 3</home/visitor/Documents/depthanything_u250_host_graph_r74_cpp_frame_graph_boundary>
248545 openat(AT_FDCWD</home/visitor/Documents/depthanything_u250_host_graph_r74_cpp_frame_graph_boundary>, "/home/visitor/Documents/nn_inference", O_RDONLY|O_NONBLOCK|O_CLOEXEC|O_DIRECTORY) = 3</home/visitor/Documents/nn_inference>
248545 openat(AT_FDCWD</home/visitor/Documents/depthanything_u250_host_graph_r74_cpp_frame_graph_boundary>, "/home/visitor/Documents/nn_inference/npz2bin.cpython-313-x86_64-linux-gnu.so", O_RDONLY|O_CLOEXEC) = 3</home/visitor/Documents/nn_inference/npz2bin.cpython-313-x86_64-linux-gnu.so>
248545 openat(AT_FDCWD</home/visitor/Documents/depthanything_u250_host_graph_r74_cpp_frame_graph_boundary>, "/home/visitor/Documents/depthanything_u250_host_graph_r74_cpp_frame_graph_boundary/__pycache__/npz_util.cpython-313.pyc", O_RDONLY|O_CLOEXEC) = 3</home/visitor/Documents/depthanything_u250_host_graph_r74_cpp_frame_graph_boundary/__pycache__/npz_util.cpython-313.pyc>
248545 openat(AT_FDCWD</home/visitor/Documents/depthanything_u250_host_graph_r74_cpp_frame_graph_boundary>, "/home/visitor/Documents/depthanything_u250_host_graph_r74_cpp_frame_graph_boundary/__pycache__/run_u250_resident_compiled_case.cpython-313.pyc", O_RDONLY|O_CLOEXEC) = 3</home/visitor/Documents/depthanything_u250_host_graph_r74_cpp_frame_graph_boundary/__pycache__/run_u250_resident_compiled_case.cpython-313.pyc>
248545 openat(AT_FDCWD</home/visitor/Documents/depthanything_u250_host_graph_r74_cpp_frame_graph_boundary>, "/dev/null", O_WRONLY|O_CLOEXEC) = 4</dev/null<char 1:3>>
248545 openat(AT_FDCWD</home/visitor/Documents/depthanything_u250_host_graph_r74_cpp_frame_graph_boundary>, "/home/visitor/Documents/nn_inference/arch_16_mono.yaml", O_RDONLY) = 5</home/visitor/Documents/nn_inference/arch_16_mono.yaml>
248545 openat(AT_FDCWD</home/visitor/Documents/depthanything_u250_host_graph_r74_cpp_frame_graph_boundary>, "/home/visitor/Documents/nn_inference/arch_256_mono.yaml", O_RDONLY) = 5</home/visitor/Documents/nn_inference/arch_256_mono.yaml>
248545 openat(AT_FDCWD</home/visitor/Documents/depthanything_u250_host_graph_r74_cpp_frame_graph_boundary>, "/home/visitor/Documents/depthanything_u250_host_graph_r74_cpp_frame_graph_boundary/resident_kernel_bank_manifest.json", O_RDONLY|O_CLOEXEC) = 3</home/visitor/Documents/depthanything_u250_host_graph_r74_cpp_frame_graph_boundary/resident_kernel_bank_manifest.json>
248545 openat(AT_FDCWD</home/visitor/Documents/depthanything_u250_host_graph_r74_cpp_frame_graph_boundary>, "/home/visitor/Documents/depthanything_u250_host_graph_r74_cpp_frame_graph_boundary/depthanything_u250_runtime_contract.json", O_RDONLY|O_CLOEXEC) = 3</home/visitor/Documents/depthanything_u250_host_graph_r74_cpp_frame_graph_boundary/depthanything_u250_runtime_contract.json>
248545 openat(AT_FDCWD</home/visitor/Documents/depthanything_u250_host_graph_r74_cpp_frame_graph_boundary>, "/home/visitor/Documents/depthanything_u250_host_graph_r74_cpp_frame_graph_boundary/depthanything_u250_host_plan.json", O_RDONLY|O_CLOEXEC) = 3</home/visitor/Documents/depthanything_u250_host_graph_r74_cpp_frame_graph_boundary/depthanything_u250_host_plan.json>
248545 openat(AT_FDCWD</home/visitor/Documents/depthanything_u250_host_graph_r74_cpp_frame_graph_boundary>, "/home/visitor/Documents/depthanything_u250_host_graph_r74_cpp_frame_graph_boundary/cfg/attention2_l00_h00_cfg.txt", O_RDONLY|O_CLOEXEC) = 3</home/visitor/Documents/depthanything_u250_host_graph_r74_cpp_frame_graph_boundary/cfg/attention2_l00_h00_cfg.txt>
248545 openat(AT_FDCWD</home/visitor/Documents/depthanything_u250_host_graph_r74_cpp_frame_graph_boundary>, "/home/visitor/Documents/depthanything_u250_host_graph_r74_cpp_frame_graph_boundary/cfg/attention2_l00_h01_cfg.txt", O_RDONLY|O_CLOEXEC) = 3</home/visitor/Documents/depthanything_u250_host_graph_r74_cpp_frame_graph_boundary/cfg/attention2_l00_h01_cfg.txt>
248545 openat(AT_FDCWD</home/visitor/Documents/depthanything_u250_host_graph_r74_cpp_frame_graph_boundary>, "/home/visitor/Documents/depthanything_u250_host_graph_r74_cpp_frame_graph_boundary/cfg/attention2_l00_h02_cfg.txt", O_RDONLY|O_CLOEXEC) = 3</home/visitor/Documents/depthanything_u250_host_graph_r74_cpp_frame_graph_boundary/cfg/attention2_l00_h02_cfg.txt>
248545 openat(AT_FDCWD</home/visitor/Documents/depthanything_u250_host_graph_r74_cpp_frame_graph_boundary>, "/home/visitor/Documents/depthanything_u250_host_graph_r74_cpp_frame_graph_boundary/cfg/attention2_l00_h03_cfg.txt", O_RDONLY|O_CLOEXEC) = 3</home/visitor/Documents/depthanything_u250_host_graph_r74_cpp_frame_graph_boundary/cfg/attention2_l00_h03_cfg.txt>
248545 openat(AT_FDCWD</home/visitor/Documents/depthanything_u250_host_graph_r74_cpp_frame_graph_boundary>, "/home/visitor/Documents/depthanything_u250_host_graph_r74_cpp_frame_graph_boundary/cfg/attention2_l00_h04_cfg.txt", O_RDONLY|O_CLOEXEC) = 3</home/visitor/Documents/depthanything_u250_host_graph_r74_cpp_frame_graph_boundary/cfg/attention2_l00_h04_cfg.txt>
248545 openat(AT_FDCWD</home/visitor/Documents/depthanything_u250_host_graph_r74_cpp_frame_graph_boundary>, "/home/visitor/Documents/depthanything_u250_host_graph_r74_cpp_frame_graph_boundary/cfg/attention2_l00_h05_cfg.txt", O_RDONLY|O_CLOEXEC) = 3</home/visitor/Documents/depthanything_u250_host_graph_r74_cpp_frame_graph_boundary/cfg/attention2_l00_h05_cfg.txt>
248545 openat(AT_FDCWD</home/visitor/Documents/depthanything_u250_host_graph_r74_cpp_frame_graph_boundary>, "/home/visitor/Documents/depthanything_u250_host_graph_r74_cpp_frame_graph_boundary/cfg/attention2_l01_h00_cfg.txt", O_RDONLY|O_CLOEXEC) = 3</home/visitor/Documents/depthanything_u250_host_graph_r74_cpp_frame_graph_boundary/cfg/attention2_l01_h00_cfg.txt>
248545 openat(AT_FDCWD</home/visitor/Documents/depthanything_u250_host_graph_r74_cpp_frame_graph_boundary>, "/home/visitor/Documents/depthanything_u250_host_graph_r74_cpp_frame_graph_boundary/cfg/attention2_l01_h01_cfg.txt", O_RDONLY|O_CLOEXEC) = 3</home/visitor/Documents/depthanything_u250_host_graph_r74_cpp_frame_graph_boundary/cfg/attention2_l01_h01_cfg.txt>
248545 openat(AT_FDCWD</home/visitor/Documents/depthanything_u250_host_graph_r74_cpp_frame_graph_boundary>, "/home/visitor/Documents/depthanything_u250_host_graph_r74_cpp_frame_graph_boundary/cfg/attention2_l01_h02_cfg.txt", O_RDONLY|O_CLOEXEC) = 3</home/visitor/Documents/depthanything_u250_host_graph_r74_cpp_frame_graph_boundary/cfg/attention2_l01_h02_cfg.txt>
248545 openat(AT_FDCWD</home/visitor/Documents/depthanything_u250_host_graph_r74_cpp_frame_graph_boundary>, "/home/visitor/Documents/depthanything_u250_host_graph_r74_cpp_frame_graph_boundary/cfg/attention2_l01_h03_cfg.txt", O_RDONLY|O_CLOEXEC) = 3</home/visitor/Documents/depthanything_u250_host_graph_r74_cpp_frame_graph_boundary/cfg/attention2_l01_h03_cfg.txt>
248545 openat(AT_FDCWD</home/visitor/Documents/depthanything_u250_host_graph_r74_cpp_frame_graph_boundary>, "/home/visitor/Documents/depthanything_u250_host_graph_r74_cpp_frame_graph_boundary/cfg/attention2_l01_h04_cfg.txt", O_RDONLY|O_CLOEXEC) = 3</home/visitor/Documents/depthanything_u250_host_graph_r74_cpp_frame_graph_boundary/cfg/attention2_l01_h04_cfg.txt>
248545 openat(AT_FDCWD</home/visitor/Documents/depthanything_u250_host_graph_r74_cpp_frame_graph_boundary>, "/home/visitor/Documents/depthanything_u250_host_graph_r74_cpp_frame_graph_boundary/cfg/attention2_l01_h05_cfg.txt", O_RDONLY|O_CLOEXEC) = 3</home/visitor/Documents/depthanything_u250_host_graph_r74_cpp_frame_graph_boundary/cfg/attention2_l01_h05_cfg.txt>
248545 openat(AT_FDCWD</home/visitor/Documents/depthanything_u250_host_graph_r74_cpp_frame_graph_boundary>, "/home/visitor/Documents/depthanything_u250_host_graph_r74_cpp_frame_graph_boundary/cfg/attention2_l02_h00_cfg.txt", O_RDONLY|O_CLOEXEC) = 3</home/visitor/Documents/depthanything_u250_host_graph_r74_cpp_frame_graph_boundary/cfg/attention2_l02_h00_cfg.txt>
248545 openat(AT_FDCWD</home/visitor/Documents/depthanything_u250_host_graph_r74_cpp_frame_graph_boundary>, "/home/visitor/Documents/depthanything_u250_host_graph_r74_cpp_frame_graph_boundary/cfg/attention2_l02_h01_cfg.txt", O_RDONLY|O_CLOEXEC) = 3</home/visitor/Documents/depthanything_u250_host_graph_r74_cpp_frame_graph_boundary/cfg/attention2_l02_h01_cfg.txt>
248545 openat(AT_FDCWD</home/visitor/Documents/depthanything_u250_host_graph_r74_cpp_frame_graph_boundary>, "/home/visitor/Documents/depthanything_u250_host_graph_r74_cpp_frame_graph_boundary/cfg/attention2_l02_h02_cfg.txt", O_RDONLY|O_CLOEXEC) = 3</home/visitor/Documents/depthanything_u250_host_graph_r74_cpp_frame_graph_boundary/cfg/attention2_l02_h02_cfg.txt>
248545 openat(AT_FDCWD</home/visitor/Documents/depthanything_u250_host_graph_r74_cpp_frame_graph_boundary>, "/home/visitor/Documents/depthanything_u250_host_graph_r74_cpp_frame_graph_boundary/cfg/attention2_l02_h03_cfg.txt", O_RDONLY|O_CLOEXEC) = 3</home/visitor/Documents/depthanything_u250_host_graph_r74_cpp_frame_graph_boundary/cfg/attention2_l02_h03_cfg.txt>
248545 openat(AT_FDCWD</home/visitor/Documents/depthanything_u250_host_graph_r74_cpp_frame_graph_boundary>, "/home/visitor/Documents/depthanything_u250_host_graph_r74_cpp_frame_graph_boundary/cfg/attention2_l02_h04_cfg.txt", O_RDONLY|O_CLOEXEC) = 3</home/visitor/Documents/depthanything_u250_host_graph_r74_cpp_frame_graph_boundary/cfg/attention2_l02_h04_cfg.txt>
248545 openat(AT_FDCWD</home/visitor/Documents/depthanything_u250_host_graph_r74_cpp_frame_graph_boundary>, "/home/visitor/Documents/depthanything_u250_host_graph_r74_cpp_frame_graph_boundary/cfg/attention2_l02_h05_cfg.txt", O_RDONLY|O_CLOEXEC) = 3</home/visitor/Documents/depthanything_u250_host_graph_r74_cpp_frame_graph_boundary/cfg/attention2_l02_h05_cfg.txt>
248545 openat(AT_FDCWD</home/visitor/Documents/depthanything_u250_host_graph_r74_cpp_frame_graph_boundary>, "/home/visitor/Documents/depthanything_u250_host_graph_r74_cpp_frame_graph_boundary/cfg/attention2_l03_h00_cfg.txt", O_RDONLY|O_CLOEXEC) = 3</home/visitor/Documents/depthanything_u250_host_graph_r74_cpp_frame_graph_boundary/cfg/attention2_l03_h00_cfg.txt>
248545 openat(AT_FDCWD</home/visitor/Documents/depthanything_u250_host_graph_r74_cpp_frame_graph_boundary>, "/home/visitor/Documents/depthanything_u250_host_graph_r74_cpp_frame_graph_boundary/cfg/attention2_l03_h01_cfg.txt", O_RDONLY|O_CLOEXEC) = 3</home/visitor/Documents/depthanything_u250_host_graph_r74_cpp_frame_graph_boundary/cfg/attention2_l03_h01_cfg.txt>
248545 openat(AT_FDCWD</home/visitor/Documents/depthanything_u250_host_graph_r74_cpp_frame_graph_boundary>, "/home/visitor/Documents/depthanything_u250_host_graph_r74_cpp_frame_graph_boundary/cfg/attention2_l03_h02_cfg.txt", O_RDONLY|O_CLOEXEC) = 3</home/visitor/Documents/depthanything_u250_host_graph_r74_cpp_frame_graph_boundary/cfg/attention2_l03_h02_cfg.txt>
248545 openat(AT_FDCWD</home/visitor/Documents/depthanything_u250_host_graph_r74_cpp_frame_graph_boundary>, "/home/visitor/Documents/depthanything_u250_host_graph_r74_cpp_frame_graph_boundary/cfg/attention2_l03_h03_cfg.txt", O_RDONLY|O_CLOEXEC) = 3</home/visitor/Documents/depthanything_u250_host_graph_r74_cpp_frame_graph_boundary/cfg/attention2_l03_h03_cfg.txt>
248545 openat(AT_FDCWD</home/visitor/Documents/depthanything_u250_host_graph_r74_cpp_frame_graph_boundary>, "/home/visitor/Documents/depthanything_u250_host_graph_r74_cpp_frame_graph_boundary/cfg/attention2_l03_h04_cfg.txt", O_RDONLY|O_CLOEXEC) = 3</home/visitor/Documents/depthanything_u250_host_graph_r74_cpp_frame_graph_boundary/cfg/attention2_l03_h04_cfg.txt>
248545 openat(AT_FDCWD</home/visitor/Documents/depthanything_u250_host_graph_r74_cpp_frame_graph_boundary>, "/home/visitor/Documents/depthanything_u250_host_graph_r74_cpp_frame_graph_boundary/cfg/attention2_l03_h05_cfg.txt", O_RDONLY|O_CLOEXEC) = 3</home/visitor/Documents/depthanything_u250_host_graph_r74_cpp_frame_graph_boundary/cfg/attention2_l03_h05_cfg.txt>
248545 openat(AT_FDCWD</home/visitor/Documents/depthanything_u250_host_graph_r74_cpp_frame_graph_boundary>, "/home/visitor/Documents/depthanything_u250_host_graph_r74_cpp_frame_graph_boundary/cfg/attention2_l04_h00_cfg.txt", O_RDONLY|O_CLOEXEC) = 3</home/visitor/Documents/depthanything_u250_host_graph_r74_cpp_frame_graph_boundary/cfg/attention2_l04_h00_cfg.txt>
248545 openat(AT_FDCWD</home/visitor/Documents/depthanything_u250_host_graph_r74_cpp_frame_graph_boundary>, "/home/visitor/Documents/depthanything_u250_host_graph_r74_cpp_frame_graph_boundary/cfg/attention2_l04_h01_cfg.txt", O_RDONLY|O_CLOEXEC) = 3</home/visitor/Documents/depthanything_u250_host_graph_r74_cpp_frame_graph_boundary/cfg/attention2_l04_h01_cfg.txt>
248545 openat(AT_FDCWD</home/visitor/Documents/depthanything_u250_host_graph_r74_cpp_frame_graph_boundary>, "/home/visitor/Documents/depthanything_u250_host_graph_r74_cpp_frame_graph_boundary/cfg/attention2_l04_h02_cfg.txt", O_RDONLY|O_CLOEXEC) = 3</home/visitor/Documents/depthanything_u250_host_graph_r74_cpp_frame_graph_boundary/cfg/attention2_l04_h02_cfg.txt>
248545 openat(AT_FDCWD</home/visitor/Documents/depthanything_u250_host_graph_r74_cpp_frame_graph_boundary>, "/home/visitor/Documents/depthanything_u250_host_graph_r74_cpp_frame_graph_boundary/cfg/attention2_l04_h03_cfg.txt", O_RDONLY|O_CLOEXEC) = 3</home/visitor/Documents/depthanything_u250_host_graph_r74_cpp_frame_graph_boundary/cfg/attention2_l04_h03_cfg.txt>
248545 openat(AT_FDCWD</home/visitor/Documents/depthanything_u250_host_graph_r74_cpp_frame_graph_boundary>, "/home/visitor/Documents/depthanything_u250_host_graph_r74_cpp_frame_graph_boundary/cfg/attention2_l04_h04_cfg.txt", O_RDONLY|O_CLOEXEC) = 3</home/visitor/Documents/depthanything_u250_host_graph_r74_cpp_frame_graph_boundary/cfg/attention2_l04_h04_cfg.txt>
248545 openat(AT_FDCWD</home/visitor/Documents/depthanything_u250_host_graph_r74_cpp_frame_graph_boundary>, "/home/visitor/Documents/depthanything_u250_host_graph_r74_cpp_frame_graph_boundary/cfg/attention2_l04_h05_cfg.txt", O_RDONLY|O_CLOEXEC) = 3</home/visitor/Documents/depthanything_u250_host_graph_r74_cpp_frame_graph_boundary/cfg/attention2_l04_h05_cfg.txt>
248545 openat(AT_FDCWD</home/visitor/Documents/depthanything_u250_host_graph_r74_cpp_frame_graph_boundary>, "/home/visitor/Documents/depthanything_u250_host_graph_r74_cpp_frame_graph_boundary/cfg/attention2_l05_h00_cfg.txt", O_RDONLY|O_CLOEXEC) = 3</home/visitor/Documents/depthanything_u250_host_graph_r74_cpp_frame_graph_boundary/cfg/attention2_l05_h00_cfg.txt>
248545 openat(AT_FDCWD</home/visitor/Documents/depthanything_u250_host_graph_r74_cpp_frame_graph_boundary>, "/home/visitor/Documents/depthanything_u250_host_graph_r74_cpp_frame_graph_boundary/cfg/attention2_l05_h01_cfg.txt", O_RDONLY|O_CLOEXEC) = 3</home/visitor/Documents/depthanything_u250_host_graph_r74_cpp_frame_graph_boundary/cfg/attention2_l05_h01_cfg.txt>
248545 openat(AT_FDCWD</home/visitor/Documents/depthanything_u250_host_graph_r74_cpp_frame_graph_boundary>, "/home/visitor/Documents/depthanything_u250_host_graph_r74_cpp_frame_graph_boundary/cfg/attention2_l05_h02_cfg.txt", O_RDONLY|O_CLOEXEC) = 3</home/visitor/Documents/depthanything_u250_host_graph_r74_cpp_frame_graph_boundary/cfg/attention2_l05_h02_cfg.txt>
248545 openat(AT_FDCWD</home/visitor/Documents/depthanything_u250_host_graph_r74_cpp_frame_graph_boundary>, "/home/visitor/Documents/depthanything_u250_host_graph_r74_cpp_frame_graph_boundary/cfg/attention2_l05_h03_cfg.txt", O_RDONLY|O_CLOEXEC) = 3</home/visitor/Documents/depthanything_u250_host_graph_r74_cpp_frame_graph_boundary/cfg/attention2_l05_h03_cfg.txt>
248545 openat(AT_FDCWD</home/visitor/Documents/depthanything_u250_host_graph_r74_cpp_frame_graph_boundary>, "/home/visitor/Documents/depthanything_u250_host_graph_r74_cpp_frame_graph_boundary/cfg/attention2_l05_h04_cfg.txt", O_RDONLY|O_CLOEXEC) = 3</home/visitor/Documents/depthanything_u250_host_graph_r74_cpp_frame_graph_boundary/cfg/attention2_l05_h04_cfg.txt>
248545 openat(AT_FDCWD</home/visitor/Documents/depthanything_u250_host_graph_r74_cpp_frame_graph_boundary>, "/home/visitor/Documents/depthanything_u250_host_graph_r74_cpp_frame_graph_boundary/cfg/attention2_l05_h05_cfg.txt", O_RDONLY|O_CLOEXEC) = 3</home/visitor/Documents/depthanything_u250_host_graph_r74_cpp_frame_graph_boundary/cfg/attention2_l05_h05_cfg.txt>
248545 openat(AT_FDCWD</home/visitor/Documents/depthanything_u250_host_graph_r74_cpp_frame_graph_boundary>, "/home/visitor/Documents/depthanything_u250_host_graph_r74_cpp_frame_graph_boundary/cfg/attention2_l06_h00_cfg.txt", O_RDONLY|O_CLOEXEC) = 3</home/visitor/Documents/depthanything_u250_host_graph_r74_cpp_frame_graph_boundary/cfg/attention2_l06_h00_cfg.txt>
248545 openat(AT_FDCWD</home/visitor/Documents/depthanything_u250_host_graph_r74_cpp_frame_graph_boundary>, "/home/visitor/Documents/depthanything_u250_host_graph_r74_cpp_frame_graph_boundary/cfg/attention2_l06_h01_cfg.txt", O_RDONLY|O_CLOEXEC) = 3</home/visitor/Documents/depthanything_u250_host_graph_r74_cpp_frame_graph_boundary/cfg/attention2_l06_h01_cfg.txt>
248545 openat(AT_FDCWD</home/visitor/Documents/depthanything_u250_host_graph_r74_cpp_frame_graph_boundary>, "/home/visitor/Documents/depthanything_u250_host_graph_r74_cpp_frame_graph_boundary/cfg/attention2_l06_h02_cfg.txt", O_RDONLY|O_CLOEXEC) = 3</home/visitor/Documents/depthanything_u250_host_graph_r74_cpp_frame_graph_boundary/cfg/attention2_l06_h02_cfg.txt>
248545 openat(AT_FDCWD</home/visitor/Documents/depthanything_u250_host_graph_r74_cpp_frame_graph_boundary>, "/home/visitor/Documents/depthanything_u250_host_graph_r74_cpp_frame_graph_boundary/cfg/attention2_l06_h03_cfg.txt", O_RDONLY|O_CLOEXEC) = 3</home/visitor/Documents/depthanything_u250_host_graph_r74_cpp_frame_graph_boundary/cfg/attention2_l06_h03_cfg.txt>
248545 openat(AT_FDCWD</home/visitor/Documents/depthanything_u250_host_graph_r74_cpp_frame_graph_boundary>, "/home/visitor/Documents/depthanything_u250_host_graph_r74_cpp_frame_graph_boundary/cfg/attention2_l06_h04_cfg.txt", O_RDONLY|O_CLOEXEC) = 3</home/visitor/Documents/depthanything_u250_host_graph_r74_cpp_frame_graph_boundary/cfg/attention2_l06_h04_cfg.txt>
248545 openat(AT_FDCWD</home/visitor/Documents/depthanything_u250_host_graph_r74_cpp_frame_graph_boundary>, "/home/visitor/Documents/depthanything_u250_host_graph_r74_cpp_frame_graph_boundary/cfg/attention2_l06_h05_cfg.txt", O_RDONLY|O_CLOEXEC) = 3</home/visitor/Documents/depthanything_u250_host_graph_r74_cpp_frame_graph_boundary/cfg/attention2_l06_h05_cfg.txt>
248545 openat(AT_FDCWD</home/visitor/Documents/depthanything_u250_host_graph_r74_cpp_frame_graph_boundary>, "/home/visitor/Documents/depthanything_u250_host_graph_r74_cpp_frame_graph_boundary/cfg/attention2_l07_h00_cfg.txt", O_RDONLY|O_CLOEXEC) = 3</home/visitor/Documents/depthanything_u250_host_graph_r74_cpp_frame_graph_boundary/cfg/attention2_l07_h00_cfg.txt>
248545 openat(AT_FDCWD</home/visitor/Documents/depthanything_u250_host_graph_r74_cpp_frame_graph_boundary>, "/home/visitor/Documents/depthanything_u250_host_graph_r74_cpp_frame_graph_boundary/cfg/attention2_l07_h01_cfg.txt", O_RDONLY|O_CLOEXEC) = 3</home/visitor/Documents/depthanything_u250_host_graph_r74_cpp_frame_graph_boundary/cfg/attention2_l07_h01_cfg.txt>
248545 openat(AT_FDCWD</home/visitor/Documents/depthanything_u250_host_graph_r74_cpp_frame_graph_boundary>, "/home/visitor/Documents/depthanything_u250_host_graph_r74_cpp_frame_graph_boundary/cfg/attention2_l07_h02_cfg.txt", O_RDONLY|O_CLOEXEC) = 3</home/visitor/Documents/depthanything_u250_host_graph_r74_cpp_frame_graph_boundary/cfg/attention2_l07_h02_cfg.txt>
248545 openat(AT_FDCWD</home/visitor/Documents/depthanything_u250_host_graph_r74_cpp_frame_graph_boundary>, "/home/visitor/Documents/depthanything_u250_host_graph_r74_cpp_frame_graph_boundary/cfg/attention2_l07_h03_cfg.txt", O_RDONLY|O_CLOEXEC) = 3</home/visitor/Documents/depthanything_u250_host_graph_r74_cpp_frame_graph_boundary/cfg/attention2_l07_h03_cfg.txt>
248545 openat(AT_FDCWD</home/visitor/Documents/depthanything_u250_host_graph_r74_cpp_frame_graph_boundary>, "/home/visitor/Documents/depthanything_u250_host_graph_r74_cpp_frame_graph_boundary/cfg/attention2_l07_h04_cfg.txt", O_RDONLY|O_CLOEXEC) = 3</home/visitor/Documents/depthanything_u250_host_graph_r74_cpp_frame_graph_boundary/cfg/attention2_l07_h04_cfg.txt>
248545 openat(AT_FDCWD</home/visitor/Documents/depthanything_u250_host_graph_r74_cpp_frame_graph_boundary>, "/home/visitor/Documents/depthanything_u250_host_graph_r74_cpp_frame_graph_boundary/cfg/attention2_l07_h05_cfg.txt", O_RDONLY|O_CLOEXEC) = 3</home/visitor/Documents/depthanything_u250_host_graph_r74_cpp_frame_graph_boundary/cfg/attention2_l07_h05_cfg.txt>
248545 openat(AT_FDCWD</home/visitor/Documents/depthanything_u250_host_graph_r74_cpp_frame_graph_boundary>, "/home/visitor/Documents/depthanything_u250_host_graph_r74_cpp_frame_graph_boundary/cfg/attention2_l08_h00_cfg.txt", O_RDONLY|O_CLOEXEC) = 3</home/visitor/Documents/depthanything_u250_host_graph_r74_cpp_frame_graph_boundary/cfg/attention2_l08_h00_cfg.txt>
248545 openat(AT_FDCWD</home/visitor/Documents/depthanything_u250_host_graph_r74_cpp_frame_graph_boundary>, "/home/visitor/Documents/depthanything_u250_host_graph_r74_cpp_frame_graph_boundary/cfg/attention2_l08_h01_cfg.txt", O_RDONLY|O_CLOEXEC) = 3</home/visitor/Documents/depthanything_u250_host_graph_r74_cpp_frame_graph_boundary/cfg/attention2_l08_h01_cfg.txt>
248545 openat(AT_FDCWD</home/visitor/Documents/depthanything_u250_host_graph_r74_cpp_frame_graph_boundary>, "/home/visitor/Documents/depthanything_u250_host_graph_r74_cpp_frame_graph_boundary/cfg/attention2_l08_h02_cfg.txt", O_RDONLY|O_CLOEXEC) = 3</home/visitor/Documents/depthanything_u250_host_graph_r74_cpp_frame_graph_boundary/cfg/attention2_l08_h02_cfg.txt>
248545 openat(AT_FDCWD</home/visitor/Documents/depthanything_u250_host_graph_r74_cpp_frame_graph_boundary>, "/home/visitor/Documents/depthanything_u250_host_graph_r74_cpp_frame_graph_boundary/cfg/attention2_l08_h03_cfg.txt", O_RDONLY|O_CLOEXEC) = 3</home/visitor/Documents/depthanything_u250_host_graph_r74_cpp_frame_graph_boundary/cfg/attention2_l08_h03_cfg.txt>
248545 openat(AT_FDCWD</home/visitor/Documents/depthanything_u250_host_graph_r74_cpp_frame_graph_boundary>, "/home/visitor/Documents/depthanything_u250_host_graph_r74_cpp_frame_graph_boundary/cfg/attention2_l08_h04_cfg.txt", O_RDONLY|O_CLOEXEC) = 3</home/visitor/Documents/depthanything_u250_host_graph_r74_cpp_frame_graph_boundary/cfg/attention2_l08_h04_cfg.txt>
248545 openat(AT_FDCWD</home/visitor/Documents/depthanything_u250_host_graph_r74_cpp_frame_graph_boundary>, "/home/visitor/Documents/depthanything_u250_host_graph_r74_cpp_frame_graph_boundary/cfg/attention2_l08_h05_cfg.txt", O_RDONLY|O_CLOEXEC) = 3</home/visitor/Documents/depthanything_u250_host_graph_r74_cpp_frame_graph_boundary/cfg/attention2_l08_h05_cfg.txt>
248545 openat(AT_FDCWD</home/visitor/Documents/depthanything_u250_host_graph_r74_cpp_frame_graph_boundary>, "/home/visitor/Documents/depthanything_u250_host_graph_r74_cpp_frame_graph_boundary/cfg/attention2_l09_h00_cfg.txt", O_RDONLY|O_CLOEXEC) = 3</home/visitor/Documents/depthanything_u250_host_graph_r74_cpp_frame_graph_boundary/cfg/attention2_l09_h00_cfg.txt>
248545 openat(AT_FDCWD</home/visitor/Documents/depthanything_u250_host_graph_r74_cpp_frame_graph_boundary>, "/home/visitor/Documents/depthanything_u250_host_graph_r74_cpp_frame_graph_boundary/cfg/attention2_l09_h01_cfg.txt", O_RDONLY|O_CLOEXEC) = 3</home/visitor/Documents/depthanything_u250_host_graph_r74_cpp_frame_graph_boundary/cfg/attention2_l09_h01_cfg.txt>
248545 openat(AT_FDCWD</home/visitor/Documents/depthanything_u250_host_graph_r74_cpp_frame_graph_boundary>, "/home/visitor/Documents/depthanything_u250_host_graph_r74_cpp_frame_graph_boundary/cfg/attention2_l09_h02_cfg.txt", O_RDONLY|O_CLOEXEC) = 3</home/visitor/Documents/depthanything_u250_host_graph_r74_cpp_frame_graph_boundary/cfg/attention2_l09_h02_cfg.txt>
248545 openat(AT_FDCWD</home/visitor/Documents/depthanything_u250_host_graph_r74_cpp_frame_graph_boundary>, "/home/visitor/Documents/depthanything_u250_host_graph_r74_cpp_frame_graph_boundary/cfg/attention2_l09_h03_cfg.txt", O_RDONLY|O_CLOEXEC) = 3</home/visitor/Documents/depthanything_u250_host_graph_r74_cpp_frame_graph_boundary/cfg/attention2_l09_h03_cfg.txt>
248545 openat(AT_FDCWD</home/visitor/Documents/depthanything_u250_host_graph_r74_cpp_frame_graph_boundary>, "/home/visitor/Documents/depthanything_u250_host_graph_r74_cpp_frame_graph_boundary/cfg/attention2_l09_h04_cfg.txt", O_RDONLY|O_CLOEXEC) = 3</home/visitor/Documents/depthanything_u250_host_graph_r74_cpp_frame_graph_boundary/cfg/attention2_l09_h04_cfg.txt>
248545 openat(AT_FDCWD</home/visitor/Documents/depthanything_u250_host_graph_r74_cpp_frame_graph_boundary>, "/home/visitor/Documents/depthanything_u250_host_graph_r74_cpp_frame_graph_boundary/cfg/attention2_l09_h05_cfg.txt", O_RDONLY|O_CLOEXEC) = 3</home/visitor/Documents/depthanything_u250_host_graph_r74_cpp_frame_graph_boundary/cfg/attention2_l09_h05_cfg.txt>
248545 openat(AT_FDCWD</home/visitor/Documents/depthanything_u250_host_graph_r74_cpp_frame_graph_boundary>, "/home/visitor/Documents/depthanything_u250_host_graph_r74_cpp_frame_graph_boundary/cfg/attention2_l10_h00_cfg.txt", O_RDONLY|O_CLOEXEC) = 3</home/visitor/Documents/depthanything_u250_host_graph_r74_cpp_frame_graph_boundary/cfg/attention2_l10_h00_cfg.txt>
248545 openat(AT_FDCWD</home/visitor/Documents/depthanything_u250_host_graph_r74_cpp_frame_graph_boundary>, "/home/visitor/Documents/depthanything_u250_host_graph_r74_cpp_frame_graph_boundary/cfg/attention2_l10_h01_cfg.txt", O_RDONLY|O_CLOEXEC) = 3</home/visitor/Documents/depthanything_u250_host_graph_r74_cpp_frame_graph_boundary/cfg/attention2_l10_h01_cfg.txt>
248545 openat(AT_FDCWD</home/visitor/Documents/depthanything_u250_host_graph_r74_cpp_frame_graph_boundary>, "/home/visitor/Documents/depthanything_u250_host_graph_r74_cpp_frame_graph_boundary/cfg/attention2_l10_h02_cfg.txt", O_RDONLY|O_CLOEXEC) = 3</home/visitor/Documents/depthanything_u250_host_graph_r74_cpp_frame_graph_boundary/cfg/attention2_l10_h02_cfg.txt>
248545 openat(AT_FDCWD</home/visitor/Documents/depthanything_u250_host_graph_r74_cpp_frame_graph_boundary>, "/home/visitor/Documents/depthanything_u250_host_graph_r74_cpp_frame_graph_boundary/cfg/attention2_l10_h03_cfg.txt", O_RDONLY|O_CLOEXEC) = 3</home/visitor/Documents/depthanything_u250_host_graph_r74_cpp_frame_graph_boundary/cfg/attention2_l10_h03_cfg.txt>
248545 openat(AT_FDCWD</home/visitor/Documents/depthanything_u250_host_graph_r74_cpp_frame_graph_boundary>, "/home/visitor/Documents/depthanything_u250_host_graph_r74_cpp_frame_graph_boundary/cfg/attention2_l10_h04_cfg.txt", O_RDONLY|O_CLOEXEC) = 3</home/visitor/Documents/depthanything_u250_host_graph_r74_cpp_frame_graph_boundary/cfg/attention2_l10_h04_cfg.txt>
248545 openat(AT_FDCWD</home/visitor/Documents/depthanything_u250_host_graph_r74_cpp_frame_graph_boundary>, "/home/visitor/Documents/depthanything_u250_host_graph_r74_cpp_frame_graph_boundary/cfg/attention2_l10_h05_cfg.txt", O_RDONLY|O_CLOEXEC) = 3</home/visitor/Documents/depthanything_u250_host_graph_r74_cpp_frame_graph_boundary/cfg/attention2_l10_h05_cfg.txt>
248545 openat(AT_FDCWD</home/visitor/Documents/depthanything_u250_host_graph_r74_cpp_frame_graph_boundary>, "/home/visitor/Documents/depthanything_u250_host_graph_r74_cpp_frame_graph_boundary/cfg/attention2_l11_h00_cfg.txt", O_RDONLY|O_CLOEXEC) = 3</home/visitor/Documents/depthanything_u250_host_graph_r74_cpp_frame_graph_boundary/cfg/attention2_l11_h00_cfg.txt>
248545 openat(AT_FDCWD</home/visitor/Documents/depthanything_u250_host_graph_r74_cpp_frame_graph_boundary>, "/home/visitor/Documents/depthanything_u250_host_graph_r74_cpp_frame_graph_boundary/cfg/attention2_l11_h01_cfg.txt", O_RDONLY|O_CLOEXEC) = 3</home/visitor/Documents/depthanything_u250_host_graph_r74_cpp_frame_graph_boundary/cfg/attention2_l11_h01_cfg.txt>
248545 openat(AT_FDCWD</home/visitor/Documents/depthanything_u250_host_graph_r74_cpp_frame_graph_boundary>, "/home/visitor/Documents/depthanything_u250_host_graph_r74_cpp_frame_graph_boundary/cfg/attention2_l11_h02_cfg.txt", O_RDONLY|O_CLOEXEC) = 3</home/visitor/Documents/depthanything_u250_host_graph_r74_cpp_frame_graph_boundary/cfg/attention2_l11_h02_cfg.txt>
248545 openat(AT_FDCWD</home/visitor/Documents/depthanything_u250_host_graph_r74_cpp_frame_graph_boundary>, "/home/visitor/Documents/depthanything_u250_host_graph_r74_cpp_frame_graph_boundary/cfg/attention2_l11_h03_cfg.txt", O_RDONLY|O_CLOEXEC) = 3</home/visitor/Documents/depthanything_u250_host_graph_r74_cpp_frame_graph_boundary/cfg/attention2_l11_h03_cfg.txt>
248545 openat(AT_FDCWD</home/visitor/Documents/depthanything_u250_host_graph_r74_cpp_frame_graph_boundary>, "/home/visitor/Documents/depthanything_u250_host_graph_r74_cpp_frame_graph_boundary/cfg/attention2_l11_h04_cfg.txt", O_RDONLY|O_CLOEXEC) = 3</home/visitor/Documents/depthanything_u250_host_graph_r74_cpp_frame_graph_boundary/cfg/attention2_l11_h04_cfg.txt>
248545 openat(AT_FDCWD</home/visitor/Documents/depthanything_u250_host_graph_r74_cpp_frame_graph_boundary>, "/home/visitor/Documents/depthanything_u250_host_graph_r74_cpp_frame_graph_boundary/cfg/attention2_l11_h05_cfg.txt", O_RDONLY|O_CLOEXEC) = 3</home/visitor/Documents/depthanything_u250_host_graph_r74_cpp_frame_graph_boundary/cfg/attention2_l11_h05_cfg.txt>
248545 openat(AT_FDCWD</home/visitor/Documents/depthanything_u250_host_graph_r74_cpp_frame_graph_boundary>, "/home/visitor/Documents/depthanything_u250_host_graph_r74_cpp_frame_graph_boundary/cfg/decoder_conv_00_cfg.txt", O_RDONLY|O_CLOEXEC) = 3</home/visitor/Documents/depthanything_u250_host_graph_r74_cpp_frame_graph_boundary/cfg/decoder_conv_00_cfg.txt>
248545 openat(AT_FDCWD</home/visitor/Documents/depthanything_u250_host_graph_r74_cpp_frame_graph_boundary>, "/home/visitor/Documents/depthanything_u250_host_graph_r74_cpp_frame_graph_boundary/cfg/decoder_conv_01_co000_064_cfg.txt", O_RDONLY|O_CLOEXEC) = 3</home/visitor/Documents/depthanything_u250_host_graph_r74_cpp_frame_graph_boundary/cfg/decoder_conv_01_co000_064_cfg.txt>
248545 openat(AT_FDCWD</home/visitor/Documents/depthanything_u250_host_graph_r74_cpp_frame_graph_boundary>, "/home/visitor/Documents/depthanything_u250_host_graph_r74_cpp_frame_graph_boundary/cfg/decoder_conv_01_co064_128_cfg.txt", O_RDONLY|O_CLOEXEC) = 3</home/visitor/Documents/depthanything_u250_host_graph_r74_cpp_frame_graph_boundary/cfg/decoder_conv_01_co064_128_cfg.txt>
248545 openat(AT_FDCWD</home/visitor/Documents/depthanything_u250_host_graph_r74_cpp_frame_graph_boundary>, "/home/visitor/Documents/depthanything_u250_host_graph_r74_cpp_frame_graph_boundary/cfg/decoder_conv_01_co128_192_cfg.txt", O_RDONLY|O_CLOEXEC) = 3</home/visitor/Documents/depthanything_u250_host_graph_r74_cpp_frame_graph_boundary/cfg/decoder_conv_01_co128_192_cfg.txt>
248545 openat(AT_FDCWD</home/visitor/Documents/depthanything_u250_host_graph_r74_cpp_frame_graph_boundary>, "/home/visitor/Documents/depthanything_u250_host_graph_r74_cpp_frame_graph_boundary/cfg/decoder_conv_01_co192_256_cfg.txt", O_RDONLY|O_CLOEXEC) = 3</home/visitor/Documents/depthanything_u250_host_graph_r74_cpp_frame_graph_boundary/cfg/decoder_conv_01_co192_256_cfg.txt>
248545 openat(AT_FDCWD</home/visitor/Documents/depthanything_u250_host_graph_r74_cpp_frame_graph_boundary>, "/home/visitor/Documents/depthanything_u250_host_graph_r74_cpp_frame_graph_boundary/cfg/decoder_conv_01_co256_320_cfg.txt", O_RDONLY|O_CLOEXEC) = 3</home/visitor/Documents/depthanything_u250_host_graph_r74_cpp_frame_graph_boundary/cfg/decoder_conv_01_co256_320_cfg.txt>
248545 openat(AT_FDCWD</home/visitor/Documents/depthanything_u250_host_graph_r74_cpp_frame_graph_boundary>, "/home/visitor/Documents/depthanything_u250_host_graph_r74_cpp_frame_graph_boundary/cfg/decoder_conv_01_co320_384_cfg.txt", O_RDONLY|O_CLOEXEC) = 3</home/visitor/Documents/depthanything_u250_host_graph_r74_cpp_frame_graph_boundary/cfg/decoder_conv_01_co320_384_cfg.txt>
248545 openat(AT_FDCWD</home/visitor/Documents/depthanything_u250_host_graph_r74_cpp_frame_graph_boundary>, "/home/visitor/Documents/depthanything_u250_host_graph_r74_cpp_frame_graph_boundary/cfg/decoder_conv_01_co384_448_cfg.txt", O_RDONLY|O_CLOEXEC) = 3</home/visitor/Documents/depthanything_u250_host_graph_r74_cpp_frame_graph_boundary/cfg/decoder_conv_01_co384_448_cfg.txt>
248545 openat(AT_FDCWD</home/visitor/Documents/depthanything_u250_host_graph_r74_cpp_frame_graph_boundary>, "/home/visitor/Documents/depthanything_u250_host_graph_r74_cpp_frame_graph_boundary/cfg/decoder_conv_01_co448_512_cfg.txt", O_RDONLY|O_CLOEXEC) = 3</home/visitor/Documents/depthanything_u250_host_graph_r74_cpp_frame_graph_boundary/cfg/decoder_conv_01_co448_512_cfg.txt>
248545 openat(AT_FDCWD</home/visitor/Documents/depthanything_u250_host_graph_r74_cpp_frame_graph_boundary>, "/home/visitor/Documents/depthanything_u250_host_graph_r74_cpp_frame_graph_boundary/cfg/decoder_conv_01_co512_576_cfg.txt", O_RDONLY|O_CLOEXEC) = 3</home/visitor/Documents/depthanything_u250_host_graph_r74_cpp_frame_graph_boundary/cfg/decoder_conv_01_co512_576_cfg.txt>
248545 openat(AT_FDCWD</home/visitor/Documents/depthanything_u250_host_graph_r74_cpp_frame_graph_boundary>, "/home/visitor/Documents/depthanything_u250_host_graph_r74_cpp_frame_graph_boundary/cfg/decoder_conv_01_co576_640_cfg.txt", O_RDONLY|O_CLOEXEC) = 3</home/visitor/Documents/depthanything_u250_host_graph_r74_cpp_frame_graph_boundary/cfg/decoder_conv_01_co576_640_cfg.txt>
248545 openat(AT_FDCWD</home/visitor/Documents/depthanything_u250_host_graph_r74_cpp_frame_graph_boundary>, "/home/visitor/Documents/depthanything_u250_host_graph_r74_cpp_frame_graph_boundary/cfg/decoder_conv_01_co640_704_cfg.txt", O_RDONLY|O_CLOEXEC) = 3</home/visitor/Documents/depthanything_u250_host_graph_r74_cpp_frame_graph_boundary/cfg/decoder_conv_01_co640_704_cfg.txt>
248545 openat(AT_FDCWD</home/visitor/Documents/depthanything_u250_host_graph_r74_cpp_frame_graph_boundary>, "/home/visitor/Documents/depthanything_u250_host_graph_r74_cpp_frame_graph_boundary/cfg/decoder_conv_01_co704_768_cfg.txt", O_RDONLY|O_CLOEXEC) = 3</home/visitor/Documents/depthanything_u250_host_graph_r74_cpp_frame_graph_boundary/cfg/decoder_conv_01_co704_768_cfg.txt>
248545 openat(AT_FDCWD</home/visitor/Documents/depthanything_u250_host_graph_r74_cpp_frame_graph_boundary>, "/home/visitor/Documents/depthanything_u250_host_graph_r74_cpp_frame_graph_boundary/cfg/decoder_conv_02_co000_064_cfg.txt", O_RDONLY|O_CLOEXEC) = 3</home/visitor/Documents/depthanything_u250_host_graph_r74_cpp_frame_graph_boundary/cfg/decoder_conv_02_co000_064_cfg.txt>
248545 openat(AT_FDCWD</home/visitor/Documents/depthanything_u250_host_graph_r74_cpp_frame_graph_boundary>, "/home/visitor/Documents/depthanything_u250_host_graph_r74_cpp_frame_graph_boundary/cfg/decoder_conv_02_co064_096_cfg.txt", O_RDONLY|O_CLOEXEC) = 3</home/visitor/Documents/depthanything_u250_host_graph_r74_cpp_frame_graph_boundary/cfg/decoder_conv_02_co064_096_cfg.txt>
248545 openat(AT_FDCWD</home/visitor/Documents/depthanything_u250_host_graph_r74_cpp_frame_graph_boundary>, "/home/visitor/Documents/depthanything_u250_host_graph_r74_cpp_frame_graph_boundary/cfg/decoder_conv_03_co000_064_cfg.txt", O_RDONLY|O_CLOEXEC) = 3</home/visitor/Documents/depthanything_u250_host_graph_r74_cpp_frame_graph_boundary/cfg/decoder_conv_03_co000_064_cfg.txt>
248545 openat(AT_FDCWD</home/visitor/Documents/depthanything_u250_host_graph_r74_cpp_frame_graph_boundary>, "/home/visitor/Documents/depthanything_u250_host_graph_r74_cpp_frame_graph_boundary/cfg/decoder_conv_03_co064_128_cfg.txt", O_RDONLY|O_CLOEXEC) = 3</home/visitor/Documents/depthanything_u250_host_graph_r74_cpp_frame_graph_boundary/cfg/decoder_conv_03_co064_128_cfg.txt>
248545 openat(AT_FDCWD</home/visitor/Documents/depthanything_u250_host_graph_r74_cpp_frame_graph_boundary>, "/home/visitor/Documents/depthanything_u250_host_graph_r74_cpp_frame_graph_boundary/cfg/decoder_conv_03_co128_192_cfg.txt", O_RDONLY|O_CLOEXEC) = 3</home/visitor/Documents/depthanything_u250_host_graph_r74_cpp_frame_graph_boundary/cfg/decoder_conv_03_co128_192_cfg.txt>
248545 openat(AT_FDCWD</home/visitor/Documents/depthanything_u250_host_graph_r74_cpp_frame_graph_boundary>, "/home/visitor/Documents/depthanything_u250_host_graph_r74_cpp_frame_graph_boundary/cfg/decoder_conv_03_co192_256_cfg.txt", O_RDONLY|O_CLOEXEC) = 3</home/visitor/Documents/depthanything_u250_host_graph_r74_cpp_frame_graph_boundary/cfg/decoder_conv_03_co192_256_cfg.txt>
248545 openat(AT_FDCWD</home/visitor/Documents/depthanything_u250_host_graph_r74_cpp_frame_graph_boundary>, "/home/visitor/Documents/depthanything_u250_host_graph_r74_cpp_frame_graph_boundary/cfg/decoder_conv_03_co256_320_cfg.txt", O_RDONLY|O_CLOEXEC) = 3</home/visitor/Documents/depthanything_u250_host_graph_r74_cpp_frame_graph_boundary/cfg/decoder_conv_03_co256_320_cfg.txt>
248545 openat(AT_FDCWD</home/visitor/Documents/depthanything_u250_host_graph_r74_cpp_frame_graph_boundary>, "/home/visitor/Documents/depthanything_u250_host_graph_r74_cpp_frame_graph_boundary/cfg/decoder_conv_03_co320_384_cfg.txt", O_RDONLY|O_CLOEXEC) = 3</home/visitor/Documents/depthanything_u250_host_graph_r74_cpp_frame_graph_boundary/cfg/decoder_conv_03_co320_384_cfg.txt>
248545 openat(AT_FDCWD</home/visitor/Documents/depthanything_u250_host_graph_r74_cpp_frame_graph_boundary>, "/home/visitor/Documents/depthanything_u250_host_graph_r74_cpp_frame_graph_boundary/cfg/decoder_conv_04_co000_064_cfg.txt", O_RDONLY|O_CLOEXEC) = 3</home/visitor/Documents/depthanything_u250_host_graph_r74_cpp_frame_graph_boundary/cfg/decoder_conv_04_co000_064_cfg.txt>
248545 openat(AT_FDCWD</home/visitor/Documents/depthanything_u250_host_graph_r74_cpp_frame_graph_boundary>, "/home/visitor/Documents/depthanything_u250_host_graph_r74_cpp_frame_graph_boundary/cfg/decoder_conv_04_co064_128_cfg.txt", O_RDONLY|O_CLOEXEC) = 3</home/visitor/Documents/depthanything_u250_host_graph_r74_cpp_frame_graph_boundary/cfg/decoder_conv_04_co064_128_cfg.txt>
248545 openat(AT_FDCWD</home/visitor/Documents/depthanything_u250_host_graph_r74_cpp_frame_graph_boundary>, "/home/visitor/Documents/depthanything_u250_host_graph_r74_cpp_frame_graph_boundary/cfg/decoder_conv_04_co128_192_cfg.txt", O_RDONLY|O_CLOEXEC) = 3</home/visitor/Documents/depthanything_u250_host_graph_r74_cpp_frame_graph_boundary/cfg/decoder_conv_04_co128_192_cfg.txt>
248545 openat(AT_FDCWD</home/visitor/Documents/depthanything_u250_host_graph_r74_cpp_frame_graph_boundary>, "/home/visitor/Documents/depthanything_u250_host_graph_r74_cpp_frame_graph_boundary/cfg/decoder_conv_05_co000_064_cfg.txt", O_RDONLY|O_CLOEXEC) = 3</home/visitor/Documents/depthanything_u250_host_graph_r74_cpp_frame_graph_boundary/cfg/decoder_conv_05_co000_064_cfg.txt>
248545 openat(AT_FDCWD</home/visitor/Documents/depthanything_u250_host_graph_r74_cpp_frame_graph_boundary>, "/home/visitor/Documents/depthanything_u250_host_graph_r74_cpp_frame_graph_boundary/cfg/decoder_conv_05_co064_128_cfg.txt", O_RDONLY|O_CLOEXEC) = 3</home/visitor/Documents/depthanything_u250_host_graph_r74_cpp_frame_graph_boundary/cfg/decoder_conv_05_co064_128_cfg.txt>
248545 openat(AT_FDCWD</home/visitor/Documents/depthanything_u250_host_graph_r74_cpp_frame_graph_boundary>, "/home/visitor/Documents/depthanything_u250_host_graph_r74_cpp_frame_graph_boundary/cfg/decoder_conv_05_co128_192_cfg.txt", O_RDONLY|O_CLOEXEC) = 3</home/visitor/Documents/depthanything_u250_host_graph_r74_cpp_frame_graph_boundary/cfg/decoder_conv_05_co128_192_cfg.txt>
248545 openat(AT_FDCWD</home/visitor/Documents/depthanything_u250_host_graph_r74_cpp_frame_graph_boundary>, "/home/visitor/Documents/depthanything_u250_host_graph_r74_cpp_frame_graph_boundary/cfg/decoder_conv_05_co192_256_cfg.txt", O_RDONLY|O_CLOEXEC) = 3</home/visitor/Documents/depthanything_u250_host_graph_r74_cpp_frame_graph_boundary/cfg/decoder_conv_05_co192_256_cfg.txt>
248545 openat(AT_FDCWD</home/visitor/Documents/depthanything_u250_host_graph_r74_cpp_frame_graph_boundary>, "/home/visitor/Documents/depthanything_u250_host_graph_r74_cpp_frame_graph_boundary/cfg/decoder_conv_05_co256_320_cfg.txt", O_RDONLY|O_CLOEXEC) = 3</home/visitor/Documents/depthanything_u250_host_graph_r74_cpp_frame_graph_boundary/cfg/decoder_conv_05_co256_320_cfg.txt>
248545 openat(AT_FDCWD</home/visitor/Documents/depthanything_u250_host_graph_r74_cpp_frame_graph_boundary>, "/home/visitor/Documents/depthanything_u250_host_graph_r74_cpp_frame_graph_boundary/cfg/decoder_conv_05_co320_384_cfg.txt", O_RDONLY|O_CLOEXEC) = 3</home/visitor/Documents/depthanything_u250_host_graph_r74_cpp_frame_graph_boundary/cfg/decoder_conv_05_co320_384_cfg.txt>
248545 openat(AT_FDCWD</home/visitor/Documents/depthanything_u250_host_graph_r74_cpp_frame_graph_boundary>, "/home/visitor/Documents/depthanything_u250_host_graph_r74_cpp_frame_graph_boundary/cfg/decoder_conv_06_co000_064_cfg.txt", O_RDONLY|O_CLOEXEC) = 3</home/visitor/Documents/depthanything_u250_host_graph_r74_cpp_frame_graph_boundary/cfg/decoder_conv_06_co000_064_cfg.txt>
248545 openat(AT_FDCWD</home/visitor/Documents/depthanything_u250_host_graph_r74_cpp_frame_graph_boundary>, "/home/visitor/Documents/depthanything_u250_host_graph_r74_cpp_frame_graph_boundary/cfg/decoder_conv_06_co064_128_cfg.txt", O_RDONLY|O_CLOEXEC) = 3</home/visitor/Documents/depthanything_u250_host_graph_r74_cpp_frame_graph_boundary/cfg/decoder_conv_06_co064_128_cfg.txt>
248545 openat(AT_FDCWD</home/visitor/Documents/depthanything_u250_host_graph_r74_cpp_frame_graph_boundary>, "/home/visitor/Documents/depthanything_u250_host_graph_r74_cpp_frame_graph_boundary/cfg/decoder_conv_06_co128_192_cfg.txt", O_RDONLY|O_CLOEXEC) = 3</home/visitor/Documents/depthanything_u250_host_graph_r74_cpp_frame_graph_boundary/cfg/decoder_conv_06_co128_192_cfg.txt>
248545 openat(AT_FDCWD</home/visitor/Documents/depthanything_u250_host_graph_r74_cpp_frame_graph_boundary>, "/home/visitor/Documents/depthanything_u250_host_graph_r74_cpp_frame_graph_boundary/cfg/decoder_conv_06_co192_256_cfg.txt", O_RDONLY|O_CLOEXEC) = 3</home/visitor/Documents/depthanything_u250_host_graph_r74_cpp_frame_graph_boundary/cfg/decoder_conv_06_co192_256_cfg.txt>
248545 openat(AT_FDCWD</home/visitor/Documents/depthanything_u250_host_graph_r74_cpp_frame_graph_boundary>, "/home/visitor/Documents/depthanything_u250_host_graph_r74_cpp_frame_graph_boundary/cfg/decoder_conv_06_co256_320_cfg.txt", O_RDONLY|O_CLOEXEC) = 3</home/visitor/Documents/depthanything_u250_host_graph_r74_cpp_frame_graph_boundary/cfg/decoder_conv_06_co256_320_cfg.txt>
248545 openat(AT_FDCWD</home/visitor/Documents/depthanything_u250_host_graph_r74_cpp_frame_graph_boundary>, "/home/visitor/Documents/depthanything_u250_host_graph_r74_cpp_frame_graph_boundary/cfg/decoder_conv_06_co320_384_cfg.txt", O_RDONLY|O_CLOEXEC) = 3</home/visitor/Documents/depthanything_u250_host_graph_r74_cpp_frame_graph_boundary/cfg/decoder_conv_06_co320_384_cfg.txt>
248545 openat(AT_FDCWD</home/visitor/Documents/depthanything_u250_host_graph_r74_cpp_frame_graph_boundary>, "/home/visitor/Documents/depthanything_u250_host_graph_r74_cpp_frame_graph_boundary/cfg/decoder_conv_07_tile_first_cfg.txt", O_RDONLY|O_CLOEXEC) = 3</home/visitor/Documents/depthanything_u250_host_graph_r74_cpp_frame_graph_boundary/cfg/decoder_conv_07_tile_first_cfg.txt>
248545 openat(AT_FDCWD</home/visitor/Documents/depthanything_u250_host_graph_r74_cpp_frame_graph_boundary>, "/home/visitor/Documents/depthanything_u250_host_graph_r74_cpp_frame_graph_boundary/cfg/decoder_conv_07_tile_last_cfg.txt", O_RDONLY|O_CLOEXEC) = 3</home/visitor/Documents/depthanything_u250_host_graph_r74_cpp_frame_graph_boundary/cfg/decoder_conv_07_tile_last_cfg.txt>
248545 openat(AT_FDCWD</home/visitor/Documents/depthanything_u250_host_graph_r74_cpp_frame_graph_boundary>, "/home/visitor/Documents/depthanything_u250_host_graph_r74_cpp_frame_graph_boundary/cfg/decoder_conv_07_tile_middle_cfg.txt", O_RDONLY|O_CLOEXEC) = 3</home/visitor/Documents/depthanything_u250_host_graph_r74_cpp_frame_graph_boundary/cfg/decoder_conv_07_tile_middle_cfg.txt>
248545 openat(AT_FDCWD</home/visitor/Documents/depthanything_u250_host_graph_r74_cpp_frame_graph_boundary>, "/home/visitor/Documents/depthanything_u250_host_graph_r74_cpp_frame_graph_boundary/cfg/decoder_conv_08_cfg.txt", O_RDONLY|O_CLOEXEC) = 3</home/visitor/Documents/depthanything_u250_host_graph_r74_cpp_frame_graph_boundary/cfg/decoder_conv_08_cfg.txt>
248545 openat(AT_FDCWD</home/visitor/Documents/depthanything_u250_host_graph_r74_cpp_frame_graph_boundary>, "/home/visitor/Documents/depthanything_u250_host_graph_r74_cpp_frame_graph_boundary/cfg/decoder_conv_09_cfg.txt", O_RDONLY|O_CLOEXEC) = 3</home/visitor/Documents/depthanything_u250_host_graph_r74_cpp_frame_graph_boundary/cfg/decoder_conv_09_cfg.txt>
248545 openat(AT_FDCWD</home/visitor/Documents/depthanything_u250_host_graph_r74_cpp_frame_graph_boundary>, "/home/visitor/Documents/depthanything_u250_host_graph_r74_cpp_frame_graph_boundary/cfg/decoder_conv_10_cfg.txt", O_RDONLY|O_CLOEXEC) = 3</home/visitor/Documents/depthanything_u250_host_graph_r74_cpp_frame_graph_boundary/cfg/decoder_conv_10_cfg.txt>
248545 openat(AT_FDCWD</home/visitor/Documents/depthanything_u250_host_graph_r74_cpp_frame_graph_boundary>, "/home/visitor/Documents/depthanything_u250_host_graph_r74_cpp_frame_graph_boundary/cfg/decoder_conv_11_cfg.txt", O_RDONLY|O_CLOEXEC) = 3</home/visitor/Documents/depthanything_u250_host_graph_r74_cpp_frame_graph_boundary/cfg/decoder_conv_11_cfg.txt>
248545 openat(AT_FDCWD</home/visitor/Documents/depthanything_u250_host_graph_r74_cpp_frame_graph_boundary>, "/home/visitor/Documents/depthanything_u250_host_graph_r74_cpp_frame_graph_boundary/cfg/decoder_conv_12_cfg.txt", O_RDONLY|O_CLOEXEC) = 3</home/visitor/Documents/depthanything_u250_host_graph_r74_cpp_frame_graph_boundary/cfg/decoder_conv_12_cfg.txt>
248545 openat(AT_FDCWD</home/visitor/Documents/depthanything_u250_host_graph_r74_cpp_frame_graph_boundary>, "/home/visitor/Documents/depthanything_u250_host_graph_r74_cpp_frame_graph_boundary/cfg/decoder_conv_13_cfg.txt", O_RDONLY|O_CLOEXEC) = 3</home/visitor/Documents/depthanything_u250_host_graph_r74_cpp_frame_graph_boundary/cfg/decoder_conv_13_cfg.txt>
248545 openat(AT_FDCWD</home/visitor/Documents/depthanything_u250_host_graph_r74_cpp_frame_graph_boundary>, "/home/visitor/Documents/depthanything_u250_host_graph_r74_cpp_frame_graph_boundary/cfg/decoder_conv_14_cfg.txt", O_RDONLY|O_CLOEXEC) = 3</home/visitor/Documents/depthanything_u250_host_graph_r74_cpp_frame_graph_boundary/cfg/decoder_conv_14_cfg.txt>
248545 openat(AT_FDCWD</home/visitor/Documents/depthanything_u250_host_graph_r74_cpp_frame_graph_boundary>, "/home/visitor/Documents/depthanything_u250_host_graph_r74_cpp_frame_graph_boundary/cfg/decoder_conv_15_cfg.txt", O_RDONLY|O_CLOEXEC) = 3</home/visitor/Documents/depthanything_u250_host_graph_r74_cpp_frame_graph_boundary/cfg/decoder_conv_15_cfg.txt>
248545 openat(AT_FDCWD</home/visitor/Documents/depthanything_u250_host_graph_r74_cpp_frame_graph_boundary>, "/home/visitor/Documents/depthanything_u250_host_graph_r74_cpp_frame_graph_boundary/cfg/decoder_conv_16_cfg.txt", O_RDONLY|O_CLOEXEC) = 3</home/visitor/Documents/depthanything_u250_host_graph_r74_cpp_frame_graph_boundary/cfg/decoder_conv_16_cfg.txt>
248545 openat(AT_FDCWD</home/visitor/Documents/depthanything_u250_host_graph_r74_cpp_frame_graph_boundary>, "/home/visitor/Documents/depthanything_u250_host_graph_r74_cpp_frame_graph_boundary/cfg/decoder_conv_17_cfg.txt", O_RDONLY|O_CLOEXEC) = 3</home/visitor/Documents/depthanything_u250_host_graph_r74_cpp_frame_graph_boundary/cfg/decoder_conv_17_cfg.txt>
248545 openat(AT_FDCWD</home/visitor/Documents/depthanything_u250_host_graph_r74_cpp_frame_graph_boundary>, "/home/visitor/Documents/depthanything_u250_host_graph_r74_cpp_frame_graph_boundary/cfg/decoder_conv_18_cfg.txt", O_RDONLY|O_CLOEXEC) = 3</home/visitor/Documents/depthanything_u250_host_graph_r74_cpp_frame_graph_boundary/cfg/decoder_conv_18_cfg.txt>
248545 openat(AT_FDCWD</home/visitor/Documents/depthanything_u250_host_graph_r74_cpp_frame_graph_boundary>, "/home/visitor/Documents/depthanything_u250_host_graph_r74_cpp_frame_graph_boundary/cfg/decoder_conv_19_cfg.txt", O_RDONLY|O_CLOEXEC) = 3</home/visitor/Documents/depthanything_u250_host_graph_r74_cpp_frame_graph_boundary/cfg/decoder_conv_19_cfg.txt>
248545 openat(AT_FDCWD</home/visitor/Documents/depthanything_u250_host_graph_r74_cpp_frame_graph_boundary>, "/home/visitor/Documents/depthanything_u250_host_graph_r74_cpp_frame_graph_boundary/cfg/decoder_conv_20_cfg.txt", O_RDONLY|O_CLOEXEC) = 3</home/visitor/Documents/depthanything_u250_host_graph_r74_cpp_frame_graph_boundary/cfg/decoder_conv_20_cfg.txt>
248545 openat(AT_FDCWD</home/visitor/Documents/depthanything_u250_host_graph_r74_cpp_frame_graph_boundary>, "/home/visitor/Documents/depthanything_u250_host_graph_r74_cpp_frame_graph_boundary/cfg/decoder_conv_21_cfg.txt", O_RDONLY|O_CLOEXEC) = 3</home/visitor/Documents/depthanything_u250_host_graph_r74_cpp_frame_graph_boundary/cfg/decoder_conv_21_cfg.txt>
248545 openat(AT_FDCWD</home/visitor/Documents/depthanything_u250_host_graph_r74_cpp_frame_graph_boundary>, "/home/visitor/Documents/depthanything_u250_host_graph_r74_cpp_frame_graph_boundary/cfg/decoder_conv_22_cfg.txt", O_RDONLY|O_CLOEXEC) = 3</home/visitor/Documents/depthanything_u250_host_graph_r74_cpp_frame_graph_boundary/cfg/decoder_conv_22_cfg.txt>
248545 openat(AT_FDCWD</home/visitor/Documents/depthanything_u250_host_graph_r74_cpp_frame_graph_boundary>, "/home/visitor/Documents/depthanything_u250_host_graph_r74_cpp_frame_graph_boundary/cfg/decoder_conv_23_tile74_cfg.txt", O_RDONLY|O_CLOEXEC) = 3</home/visitor/Documents/depthanything_u250_host_graph_r74_cpp_frame_graph_boundary/cfg/decoder_conv_23_tile74_cfg.txt>
248545 openat(AT_FDCWD</home/visitor/Documents/depthanything_u250_host_graph_r74_cpp_frame_graph_boundary>, "/home/visitor/Documents/depthanything_u250_host_graph_r74_cpp_frame_graph_boundary/cfg/decoder_conv_24_tile_first_cfg.txt", O_RDONLY|O_CLOEXEC) = 3</home/visitor/Documents/depthanything_u250_host_graph_r74_cpp_frame_graph_boundary/cfg/decoder_conv_24_tile_first_cfg.txt>
248545 openat(AT_FDCWD</home/visitor/Documents/depthanything_u250_host_graph_r74_cpp_frame_graph_boundary>, "/home/visitor/Documents/depthanything_u250_host_graph_r74_cpp_frame_graph_boundary/cfg/decoder_conv_24_tile_last_cfg.txt", O_RDONLY|O_CLOEXEC) = 3</home/visitor/Documents/depthanything_u250_host_graph_r74_cpp_frame_graph_boundary/cfg/decoder_conv_24_tile_last_cfg.txt>
248545 openat(AT_FDCWD</home/visitor/Documents/depthanything_u250_host_graph_r74_cpp_frame_graph_boundary>, "/home/visitor/Documents/depthanything_u250_host_graph_r74_cpp_frame_graph_boundary/cfg/decoder_conv_24_tile_middle_cfg.txt", O_RDONLY|O_CLOEXEC) = 3</home/visitor/Documents/depthanything_u250_host_graph_r74_cpp_frame_graph_boundary/cfg/decoder_conv_24_tile_middle_cfg.txt>
248545 openat(AT_FDCWD</home/visitor/Documents/depthanything_u250_host_graph_r74_cpp_frame_graph_boundary>, "/home/visitor/Documents/depthanything_u250_host_graph_r74_cpp_frame_graph_boundary/cfg/decoder_conv_25_tile_first_cfg.txt", O_RDONLY|O_CLOEXEC) = 3</home/visitor/Documents/depthanything_u250_host_graph_r74_cpp_frame_graph_boundary/cfg/decoder_conv_25_tile_first_cfg.txt>
248545 openat(AT_FDCWD</home/visitor/Documents/depthanything_u250_host_graph_r74_cpp_frame_graph_boundary>, "/home/visitor/Documents/depthanything_u250_host_graph_r74_cpp_frame_graph_boundary/cfg/decoder_conv_25_tile_last_cfg.txt", O_RDONLY|O_CLOEXEC) = 3</home/visitor/Documents/depthanything_u250_host_graph_r74_cpp_frame_graph_boundary/cfg/decoder_conv_25_tile_last_cfg.txt>
248545 openat(AT_FDCWD</home/visitor/Documents/depthanything_u250_host_graph_r74_cpp_frame_graph_boundary>, "/home/visitor/Documents/depthanything_u250_host_graph_r74_cpp_frame_graph_boundary/cfg/decoder_conv_25_tile_middle_cfg.txt", O_RDONLY|O_CLOEXEC) = 3</home/visitor/Documents/depthanything_u250_host_graph_r74_cpp_frame_graph_boundary/cfg/decoder_conv_25_tile_middle_cfg.txt>
248545 openat(AT_FDCWD</home/visitor/Documents/depthanything_u250_host_graph_r74_cpp_frame_graph_boundary>, "/home/visitor/Documents/depthanything_u250_host_graph_r74_cpp_frame_graph_boundary/cfg/decoder_conv_26_tile_first_cfg.txt", O_RDONLY|O_CLOEXEC) = 3</home/visitor/Documents/depthanything_u250_host_graph_r74_cpp_frame_graph_boundary/cfg/decoder_conv_26_tile_first_cfg.txt>
248545 openat(AT_FDCWD</home/visitor/Documents/depthanything_u250_host_graph_r74_cpp_frame_graph_boundary>, "/home/visitor/Documents/depthanything_u250_host_graph_r74_cpp_frame_graph_boundary/cfg/decoder_conv_26_tile_last_cfg.txt", O_RDONLY|O_CLOEXEC) = 3</home/visitor/Documents/depthanything_u250_host_graph_r74_cpp_frame_graph_boundary/cfg/decoder_conv_26_tile_last_cfg.txt>
248545 openat(AT_FDCWD</home/visitor/Documents/depthanything_u250_host_graph_r74_cpp_frame_graph_boundary>, "/home/visitor/Documents/depthanything_u250_host_graph_r74_cpp_frame_graph_boundary/cfg/decoder_conv_26_tile_middle_cfg.txt", O_RDONLY|O_CLOEXEC) = 3</home/visitor/Documents/depthanything_u250_host_graph_r74_cpp_frame_graph_boundary/cfg/decoder_conv_26_tile_middle_cfg.txt>
248545 openat(AT_FDCWD</home/visitor/Documents/depthanything_u250_host_graph_r74_cpp_frame_graph_boundary>, "/home/visitor/Documents/depthanything_u250_host_graph_r74_cpp_frame_graph_boundary/cfg/decoder_conv_27_tile_first_cfg.txt", O_RDONLY|O_CLOEXEC) = 3</home/visitor/Documents/depthanything_u250_host_graph_r74_cpp_frame_graph_boundary/cfg/decoder_conv_27_tile_first_cfg.txt>
248545 openat(AT_FDCWD</home/visitor/Documents/depthanything_u250_host_graph_r74_cpp_frame_graph_boundary>, "/home/visitor/Documents/depthanything_u250_host_graph_r74_cpp_frame_graph_boundary/cfg/decoder_conv_27_tile_last_cfg.txt", O_RDONLY|O_CLOEXEC) = 3</home/visitor/Documents/depthanything_u250_host_graph_r74_cpp_frame_graph_boundary/cfg/decoder_conv_27_tile_last_cfg.txt>
248545 openat(AT_FDCWD</home/visitor/Documents/depthanything_u250_host_graph_r74_cpp_frame_graph_boundary>, "/home/visitor/Documents/depthanything_u250_host_graph_r74_cpp_frame_graph_boundary/cfg/decoder_conv_27_tile_middle_cfg.txt", O_RDONLY|O_CLOEXEC) = 3</home/visitor/Documents/depthanything_u250_host_graph_r74_cpp_frame_graph_boundary/cfg/decoder_conv_27_tile_middle_cfg.txt>
248545 openat(AT_FDCWD</home/visitor/Documents/depthanything_u250_host_graph_r74_cpp_frame_graph_boundary>, "/home/visitor/Documents/depthanything_u250_host_graph_r74_cpp_frame_graph_boundary/cfg/decoder_conv_28_tile37_cfg.txt", O_RDONLY|O_CLOEXEC) = 3</home/visitor/Documents/depthanything_u250_host_graph_r74_cpp_frame_graph_boundary/cfg/decoder_conv_28_tile37_cfg.txt>
248545 openat(AT_FDCWD</home/visitor/Documents/depthanything_u250_host_graph_r74_cpp_frame_graph_boundary>, "/home/visitor/Documents/depthanything_u250_host_graph_r74_cpp_frame_graph_boundary/cfg/decoder_conv_29_tile_first_cfg.txt", O_RDONLY|O_CLOEXEC) = 3</home/visitor/Documents/depthanything_u250_host_graph_r74_cpp_frame_graph_boundary/cfg/decoder_conv_29_tile_first_cfg.txt>
248545 openat(AT_FDCWD</home/visitor/Documents/depthanything_u250_host_graph_r74_cpp_frame_graph_boundary>, "/home/visitor/Documents/depthanything_u250_host_graph_r74_cpp_frame_graph_boundary/cfg/decoder_conv_29_tile_last_cfg.txt", O_RDONLY|O_CLOEXEC) = 3</home/visitor/Documents/depthanything_u250_host_graph_r74_cpp_frame_graph_boundary/cfg/decoder_conv_29_tile_last_cfg.txt>
248545 openat(AT_FDCWD</home/visitor/Documents/depthanything_u250_host_graph_r74_cpp_frame_graph_boundary>, "/home/visitor/Documents/depthanything_u250_host_graph_r74_cpp_frame_graph_boundary/cfg/decoder_conv_29_tile_middle_cfg.txt", O_RDONLY|O_CLOEXEC) = 3</home/visitor/Documents/depthanything_u250_host_graph_r74_cpp_frame_graph_boundary/cfg/decoder_conv_29_tile_middle_cfg.txt>
248545 openat(AT_FDCWD</home/visitor/Documents/depthanything_u250_host_graph_r74_cpp_frame_graph_boundary>, "/home/visitor/Documents/depthanything_u250_host_graph_r74_cpp_frame_graph_boundary/cfg/decoder_conv_30_tile_first_cfg.txt", O_RDONLY|O_CLOEXEC) = 3</home/visitor/Documents/depthanything_u250_host_graph_r74_cpp_frame_graph_boundary/cfg/decoder_conv_30_tile_first_cfg.txt>
248545 openat(AT_FDCWD</home/visitor/Documents/depthanything_u250_host_graph_r74_cpp_frame_graph_boundary>, "/home/visitor/Documents/depthanything_u250_host_graph_r74_cpp_frame_graph_boundary/cfg/decoder_conv_30_tile_last_cfg.txt", O_RDONLY|O_CLOEXEC) = 3</home/visitor/Documents/depthanything_u250_host_graph_r74_cpp_frame_graph_boundary/cfg/decoder_conv_30_tile_last_cfg.txt>
248545 openat(AT_FDCWD</home/visitor/Documents/depthanything_u250_host_graph_r74_cpp_frame_graph_boundary>, "/home/visitor/Documents/depthanything_u250_host_graph_r74_cpp_frame_graph_boundary/cfg/decoder_conv_30_tile_middle_cfg.txt", O_RDONLY|O_CLOEXEC) = 3</home/visitor/Documents/depthanything_u250_host_graph_r74_cpp_frame_graph_boundary/cfg/decoder_conv_30_tile_middle_cfg.txt>
248545 openat(AT_FDCWD</home/visitor/Documents/depthanything_u250_host_graph_r74_cpp_frame_graph_boundary>, "/home/visitor/Documents/depthanything_u250_host_graph_r74_cpp_frame_graph_boundary/cfg/decoder_conv_31_tile74_cfg.txt", O_RDONLY|O_CLOEXEC) = 3</home/visitor/Documents/depthanything_u250_host_graph_r74_cpp_frame_graph_boundary/cfg/decoder_conv_31_tile74_cfg.txt>
248545 openat(AT_FDCWD</home/visitor/Documents/depthanything_u250_host_graph_r74_cpp_frame_graph_boundary>, "/home/visitor/Documents/depthanything_u250_host_graph_r74_cpp_frame_graph_boundary/cfg/mlp_fc1_pair_l00_p00_cfg.txt", O_RDONLY|O_CLOEXEC) = 3</home/visitor/Documents/depthanything_u250_host_graph_r74_cpp_frame_graph_boundary/cfg/mlp_fc1_pair_l00_p00_cfg.txt>
248545 openat(AT_FDCWD</home/visitor/Documents/depthanything_u250_host_graph_r74_cpp_frame_graph_boundary>, "/home/visitor/Documents/depthanything_u250_host_graph_r74_cpp_frame_graph_boundary/cfg/mlp_fc1_pair_l00_p01_cfg.txt", O_RDONLY|O_CLOEXEC) = 3</home/visitor/Documents/depthanything_u250_host_graph_r74_cpp_frame_graph_boundary/cfg/mlp_fc1_pair_l00_p01_cfg.txt>
248545 openat(AT_FDCWD</home/visitor/Documents/depthanything_u250_host_graph_r74_cpp_frame_graph_boundary>, "/home/visitor/Documents/depthanything_u250_host_graph_r74_cpp_frame_graph_boundary/cfg/mlp_fc1_pair_l00_p02_cfg.txt", O_RDONLY|O_CLOEXEC) = 3</home/visitor/Documents/depthanything_u250_host_graph_r74_cpp_frame_graph_boundary/cfg/mlp_fc1_pair_l00_p02_cfg.txt>
248545 openat(AT_FDCWD</home/visitor/Documents/depthanything_u250_host_graph_r74_cpp_frame_graph_boundary>, "/home/visitor/Documents/depthanything_u250_host_graph_r74_cpp_frame_graph_boundary/cfg/mlp_fc1_pair_l01_p00_cfg.txt", O_RDONLY|O_CLOEXEC) = 3</home/visitor/Documents/depthanything_u250_host_graph_r74_cpp_frame_graph_boundary/cfg/mlp_fc1_pair_l01_p00_cfg.txt>
248545 openat(AT_FDCWD</home/visitor/Documents/depthanything_u250_host_graph_r74_cpp_frame_graph_boundary>, "/home/visitor/Documents/depthanything_u250_host_graph_r74_cpp_frame_graph_boundary/cfg/mlp_fc1_pair_l01_p01_cfg.txt", O_RDONLY|O_CLOEXEC) = 3</home/visitor/Documents/depthanything_u250_host_graph_r74_cpp_frame_graph_boundary/cfg/mlp_fc1_pair_l01_p01_cfg.txt>
248545 openat(AT_FDCWD</home/visitor/Documents/depthanything_u250_host_graph_r74_cpp_frame_graph_boundary>, "/home/visitor/Documents/depthanything_u250_host_graph_r74_cpp_frame_graph_boundary/cfg/mlp_fc1_pair_l01_p02_cfg.txt", O_RDONLY|O_CLOEXEC) = 3</home/visitor/Documents/depthanything_u250_host_graph_r74_cpp_frame_graph_boundary/cfg/mlp_fc1_pair_l01_p02_cfg.txt>
248545 openat(AT_FDCWD</home/visitor/Documents/depthanything_u250_host_graph_r74_cpp_frame_graph_boundary>, "/home/visitor/Documents/depthanything_u250_host_graph_r74_cpp_frame_graph_boundary/cfg/mlp_fc1_pair_l02_p00_cfg.txt", O_RDONLY|O_CLOEXEC) = 3</home/visitor/Documents/depthanything_u250_host_graph_r74_cpp_frame_graph_boundary/cfg/mlp_fc1_pair_l02_p00_cfg.txt>
248545 openat(AT_FDCWD</home/visitor/Documents/depthanything_u250_host_graph_r74_cpp_frame_graph_boundary>, "/home/visitor/Documents/depthanything_u250_host_graph_r74_cpp_frame_graph_boundary/cfg/mlp_fc1_pair_l02_p01_cfg.txt", O_RDONLY|O_CLOEXEC) = 3</home/visitor/Documents/depthanything_u250_host_graph_r74_cpp_frame_graph_boundary/cfg/mlp_fc1_pair_l02_p01_cfg.txt>
248545 openat(AT_FDCWD</home/visitor/Documents/depthanything_u250_host_graph_r74_cpp_frame_graph_boundary>, "/home/visitor/Documents/depthanything_u250_host_graph_r74_cpp_frame_graph_boundary/cfg/mlp_fc1_pair_l02_p02_cfg.txt", O_RDONLY|O_CLOEXEC) = 3</home/visitor/Documents/depthanything_u250_host_graph_r74_cpp_frame_graph_boundary/cfg/mlp_fc1_pair_l02_p02_cfg.txt>
248545 openat(AT_FDCWD</home/visitor/Documents/depthanything_u250_host_graph_r74_cpp_frame_graph_boundary>, "/home/visitor/Documents/depthanything_u250_host_graph_r74_cpp_frame_graph_boundary/cfg/mlp_fc1_pair_l03_p00_cfg.txt", O_RDONLY|O_CLOEXEC) = 3</home/visitor/Documents/depthanything_u250_host_graph_r74_cpp_frame_graph_boundary/cfg/mlp_fc1_pair_l03_p00_cfg.txt>
248545 openat(AT_FDCWD</home/visitor/Documents/depthanything_u250_host_graph_r74_cpp_frame_graph_boundary>, "/home/visitor/Documents/depthanything_u250_host_graph_r74_cpp_frame_graph_boundary/cfg/mlp_fc1_pair_l03_p01_cfg.txt", O_RDONLY|O_CLOEXEC) = 3</home/visitor/Documents/depthanything_u250_host_graph_r74_cpp_frame_graph_boundary/cfg/mlp_fc1_pair_l03_p01_cfg.txt>
248545 openat(AT_FDCWD</home/visitor/Documents/depthanything_u250_host_graph_r74_cpp_frame_graph_boundary>, "/home/visitor/Documents/depthanything_u250_host_graph_r74_cpp_frame_graph_boundary/cfg/mlp_fc1_pair_l03_p02_cfg.txt", O_RDONLY|O_CLOEXEC) = 3</home/visitor/Documents/depthanything_u250_host_graph_r74_cpp_frame_graph_boundary/cfg/mlp_fc1_pair_l03_p02_cfg.txt>
248545 openat(AT_FDCWD</home/visitor/Documents/depthanything_u250_host_graph_r74_cpp_frame_graph_boundary>, "/home/visitor/Documents/depthanything_u250_host_graph_r74_cpp_frame_graph_boundary/cfg/mlp_fc1_pair_l04_p00_cfg.txt", O_RDONLY|O_CLOEXEC) = 3</home/visitor/Documents/depthanything_u250_host_graph_r74_cpp_frame_graph_boundary/cfg/mlp_fc1_pair_l04_p00_cfg.txt>
248545 openat(AT_FDCWD</home/visitor/Documents/depthanything_u250_host_graph_r74_cpp_frame_graph_boundary>, "/home/visitor/Documents/depthanything_u250_host_graph_r74_cpp_frame_graph_boundary/cfg/mlp_fc1_pair_l04_p01_cfg.txt", O_RDONLY|O_CLOEXEC) = 3</home/visitor/Documents/depthanything_u250_host_graph_r74_cpp_frame_graph_boundary/cfg/mlp_fc1_pair_l04_p01_cfg.txt>
248545 openat(AT_FDCWD</home/visitor/Documents/depthanything_u250_host_graph_r74_cpp_frame_graph_boundary>, "/home/visitor/Documents/depthanything_u250_host_graph_r74_cpp_frame_graph_boundary/cfg/mlp_fc1_pair_l04_p02_cfg.txt", O_RDONLY|O_CLOEXEC) = 3</home/visitor/Documents/depthanything_u250_host_graph_r74_cpp_frame_graph_boundary/cfg/mlp_fc1_pair_l04_p02_cfg.txt>
248545 openat(AT_FDCWD</home/visitor/Documents/depthanything_u250_host_graph_r74_cpp_frame_graph_boundary>, "/home/visitor/Documents/depthanything_u250_host_graph_r74_cpp_frame_graph_boundary/cfg/mlp_fc1_pair_l05_p00_cfg.txt", O_RDONLY|O_CLOEXEC) = 3</home/visitor/Documents/depthanything_u250_host_graph_r74_cpp_frame_graph_boundary/cfg/mlp_fc1_pair_l05_p00_cfg.txt>
248545 openat(AT_FDCWD</home/visitor/Documents/depthanything_u250_host_graph_r74_cpp_frame_graph_boundary>, "/home/visitor/Documents/depthanything_u250_host_graph_r74_cpp_frame_graph_boundary/cfg/mlp_fc1_pair_l05_p01_cfg.txt", O_RDONLY|O_CLOEXEC) = 3</home/visitor/Documents/depthanything_u250_host_graph_r74_cpp_frame_graph_boundary/cfg/mlp_fc1_pair_l05_p01_cfg.txt>
248545 openat(AT_FDCWD</home/visitor/Documents/depthanything_u250_host_graph_r74_cpp_frame_graph_boundary>, "/home/visitor/Documents/depthanything_u250_host_graph_r74_cpp_frame_graph_boundary/cfg/mlp_fc1_pair_l05_p02_cfg.txt", O_RDONLY|O_CLOEXEC) = 3</home/visitor/Documents/depthanything_u250_host_graph_r74_cpp_frame_graph_boundary/cfg/mlp_fc1_pair_l05_p02_cfg.txt>
248545 openat(AT_FDCWD</home/visitor/Documents/depthanything_u250_host_graph_r74_cpp_frame_graph_boundary>, "/home/visitor/Documents/depthanything_u250_host_graph_r74_cpp_frame_graph_boundary/cfg/mlp_fc1_pair_l06_p00_cfg.txt", O_RDONLY|O_CLOEXEC) = 3</home/visitor/Documents/depthanything_u250_host_graph_r74_cpp_frame_graph_boundary/cfg/mlp_fc1_pair_l06_p00_cfg.txt>
248545 openat(AT_FDCWD</home/visitor/Documents/depthanything_u250_host_graph_r74_cpp_frame_graph_boundary>, "/home/visitor/Documents/depthanything_u250_host_graph_r74_cpp_frame_graph_boundary/cfg/mlp_fc1_pair_l06_p01_cfg.txt", O_RDONLY|O_CLOEXEC) = 3</home/visitor/Documents/depthanything_u250_host_graph_r74_cpp_frame_graph_boundary/cfg/mlp_fc1_pair_l06_p01_cfg.txt>
248545 openat(AT_FDCWD</home/visitor/Documents/depthanything_u250_host_graph_r74_cpp_frame_graph_boundary>, "/home/visitor/Documents/depthanything_u250_host_graph_r74_cpp_frame_graph_boundary/cfg/mlp_fc1_pair_l06_p02_cfg.txt", O_RDONLY|O_CLOEXEC) = 3</home/visitor/Documents/depthanything_u250_host_graph_r74_cpp_frame_graph_boundary/cfg/mlp_fc1_pair_l06_p02_cfg.txt>
248545 openat(AT_FDCWD</home/visitor/Documents/depthanything_u250_host_graph_r74_cpp_frame_graph_boundary>, "/home/visitor/Documents/depthanything_u250_host_graph_r74_cpp_frame_graph_boundary/cfg/mlp_fc1_pair_l07_p00_cfg.txt", O_RDONLY|O_CLOEXEC) = 3</home/visitor/Documents/depthanything_u250_host_graph_r74_cpp_frame_graph_boundary/cfg/mlp_fc1_pair_l07_p00_cfg.txt>
248545 openat(AT_FDCWD</home/visitor/Documents/depthanything_u250_host_graph_r74_cpp_frame_graph_boundary>, "/home/visitor/Documents/depthanything_u250_host_graph_r74_cpp_frame_graph_boundary/cfg/mlp_fc1_pair_l07_p01_cfg.txt", O_RDONLY|O_CLOEXEC) = 3</home/visitor/Documents/depthanything_u250_host_graph_r74_cpp_frame_graph_boundary/cfg/mlp_fc1_pair_l07_p01_cfg.txt>
248545 openat(AT_FDCWD</home/visitor/Documents/depthanything_u250_host_graph_r74_cpp_frame_graph_boundary>, "/home/visitor/Documents/depthanything_u250_host_graph_r74_cpp_frame_graph_boundary/cfg/mlp_fc1_pair_l07_p02_cfg.txt", O_RDONLY|O_CLOEXEC) = 3</home/visitor/Documents/depthanything_u250_host_graph_r74_cpp_frame_graph_boundary/cfg/mlp_fc1_pair_l07_p02_cfg.txt>
248545 openat(AT_FDCWD</home/visitor/Documents/depthanything_u250_host_graph_r74_cpp_frame_graph_boundary>, "/home/visitor/Documents/depthanything_u250_host_graph_r74_cpp_frame_graph_boundary/cfg/mlp_fc1_pair_l08_p00_cfg.txt", O_RDONLY|O_CLOEXEC) = 3</home/visitor/Documents/depthanything_u250_host_graph_r74_cpp_frame_graph_boundary/cfg/mlp_fc1_pair_l08_p00_cfg.txt>
248545 openat(AT_FDCWD</home/visitor/Documents/depthanything_u250_host_graph_r74_cpp_frame_graph_boundary>, "/home/visitor/Documents/depthanything_u250_host_graph_r74_cpp_frame_graph_boundary/cfg/mlp_fc1_pair_l08_p01_cfg.txt", O_RDONLY|O_CLOEXEC) = 3</home/visitor/Documents/depthanything_u250_host_graph_r74_cpp_frame_graph_boundary/cfg/mlp_fc1_pair_l08_p01_cfg.txt>
248545 openat(AT_FDCWD</home/visitor/Documents/depthanything_u250_host_graph_r74_cpp_frame_graph_boundary>, "/home/visitor/Documents/depthanything_u250_host_graph_r74_cpp_frame_graph_boundary/cfg/mlp_fc1_pair_l08_p02_cfg.txt", O_RDONLY|O_CLOEXEC) = 3</home/visitor/Documents/depthanything_u250_host_graph_r74_cpp_frame_graph_boundary/cfg/mlp_fc1_pair_l08_p02_cfg.txt>
248545 openat(AT_FDCWD</home/visitor/Documents/depthanything_u250_host_graph_r74_cpp_frame_graph_boundary>, "/home/visitor/Documents/depthanything_u250_host_graph_r74_cpp_frame_graph_boundary/cfg/mlp_fc1_pair_l09_p00_cfg.txt", O_RDONLY|O_CLOEXEC) = 3</home/visitor/Documents/depthanything_u250_host_graph_r74_cpp_frame_graph_boundary/cfg/mlp_fc1_pair_l09_p00_cfg.txt>
248545 openat(AT_FDCWD</home/visitor/Documents/depthanything_u250_host_graph_r74_cpp_frame_graph_boundary>, "/home/visitor/Documents/depthanything_u250_host_graph_r74_cpp_frame_graph_boundary/cfg/mlp_fc1_pair_l09_p01_cfg.txt", O_RDONLY|O_CLOEXEC) = 3</home/visitor/Documents/depthanything_u250_host_graph_r74_cpp_frame_graph_boundary/cfg/mlp_fc1_pair_l09_p01_cfg.txt>
248545 openat(AT_FDCWD</home/visitor/Documents/depthanything_u250_host_graph_r74_cpp_frame_graph_boundary>, "/home/visitor/Documents/depthanything_u250_host_graph_r74_cpp_frame_graph_boundary/cfg/mlp_fc1_pair_l09_p02_cfg.txt", O_RDONLY|O_CLOEXEC) = 3</home/visitor/Documents/depthanything_u250_host_graph_r74_cpp_frame_graph_boundary/cfg/mlp_fc1_pair_l09_p02_cfg.txt>
248545 openat(AT_FDCWD</home/visitor/Documents/depthanything_u250_host_graph_r74_cpp_frame_graph_boundary>, "/home/visitor/Documents/depthanything_u250_host_graph_r74_cpp_frame_graph_boundary/cfg/mlp_fc1_pair_l10_p00_cfg.txt", O_RDONLY|O_CLOEXEC) = 3</home/visitor/Documents/depthanything_u250_host_graph_r74_cpp_frame_graph_boundary/cfg/mlp_fc1_pair_l10_p00_cfg.txt>
248545 openat(AT_FDCWD</home/visitor/Documents/depthanything_u250_host_graph_r74_cpp_frame_graph_boundary>, "/home/visitor/Documents/depthanything_u250_host_graph_r74_cpp_frame_graph_boundary/cfg/mlp_fc1_pair_l10_p01_cfg.txt", O_RDONLY|O_CLOEXEC) = 3</home/visitor/Documents/depthanything_u250_host_graph_r74_cpp_frame_graph_boundary/cfg/mlp_fc1_pair_l10_p01_cfg.txt>
248545 openat(AT_FDCWD</home/visitor/Documents/depthanything_u250_host_graph_r74_cpp_frame_graph_boundary>, "/home/visitor/Documents/depthanything_u250_host_graph_r74_cpp_frame_graph_boundary/cfg/mlp_fc1_pair_l10_p02_cfg.txt", O_RDONLY|O_CLOEXEC) = 3</home/visitor/Documents/depthanything_u250_host_graph_r74_cpp_frame_graph_boundary/cfg/mlp_fc1_pair_l10_p02_cfg.txt>
248545 openat(AT_FDCWD</home/visitor/Documents/depthanything_u250_host_graph_r74_cpp_frame_graph_boundary>, "/home/visitor/Documents/depthanything_u250_host_graph_r74_cpp_frame_graph_boundary/cfg/mlp_fc1_pair_l11_p00_cfg.txt", O_RDONLY|O_CLOEXEC) = 3</home/visitor/Documents/depthanything_u250_host_graph_r74_cpp_frame_graph_boundary/cfg/mlp_fc1_pair_l11_p00_cfg.txt>
248545 openat(AT_FDCWD</home/visitor/Documents/depthanything_u250_host_graph_r74_cpp_frame_graph_boundary>, "/home/visitor/Documents/depthanything_u250_host_graph_r74_cpp_frame_graph_boundary/cfg/mlp_fc1_pair_l11_p01_cfg.txt", O_RDONLY|O_CLOEXEC) = 3</home/visitor/Documents/depthanything_u250_host_graph_r74_cpp_frame_graph_boundary/cfg/mlp_fc1_pair_l11_p01_cfg.txt>
248545 openat(AT_FDCWD</home/visitor/Documents/depthanything_u250_host_graph_r74_cpp_frame_graph_boundary>, "/home/visitor/Documents/depthanything_u250_host_graph_r74_cpp_frame_graph_boundary/cfg/mlp_fc1_pair_l11_p02_cfg.txt", O_RDONLY|O_CLOEXEC) = 3</home/visitor/Documents/depthanything_u250_host_graph_r74_cpp_frame_graph_boundary/cfg/mlp_fc1_pair_l11_p02_cfg.txt>
248545 openat(AT_FDCWD</home/visitor/Documents/depthanything_u250_host_graph_r74_cpp_frame_graph_boundary>, "/home/visitor/Documents/depthanything_u250_host_graph_r74_cpp_frame_graph_boundary/cfg/mlp_fc2_l00_cfg.txt", O_RDONLY|O_CLOEXEC) = 3</home/visitor/Documents/depthanything_u250_host_graph_r74_cpp_frame_graph_boundary/cfg/mlp_fc2_l00_cfg.txt>
248545 openat(AT_FDCWD</home/visitor/Documents/depthanything_u250_host_graph_r74_cpp_frame_graph_boundary>, "/home/visitor/Documents/depthanything_u250_host_graph_r74_cpp_frame_graph_boundary/cfg/mlp_fc2_l01_cfg.txt", O_RDONLY|O_CLOEXEC) = 3</home/visitor/Documents/depthanything_u250_host_graph_r74_cpp_frame_graph_boundary/cfg/mlp_fc2_l01_cfg.txt>
248545 openat(AT_FDCWD</home/visitor/Documents/depthanything_u250_host_graph_r74_cpp_frame_graph_boundary>, "/home/visitor/Documents/depthanything_u250_host_graph_r74_cpp_frame_graph_boundary/cfg/mlp_fc2_l02_cfg.txt", O_RDONLY|O_CLOEXEC) = 3</home/visitor/Documents/depthanything_u250_host_graph_r74_cpp_frame_graph_boundary/cfg/mlp_fc2_l02_cfg.txt>
248545 openat(AT_FDCWD</home/visitor/Documents/depthanything_u250_host_graph_r74_cpp_frame_graph_boundary>, "/home/visitor/Documents/depthanything_u250_host_graph_r74_cpp_frame_graph_boundary/cfg/mlp_fc2_l03_cfg.txt", O_RDONLY|O_CLOEXEC) = 3</home/visitor/Documents/depthanything_u250_host_graph_r74_cpp_frame_graph_boundary/cfg/mlp_fc2_l03_cfg.txt>
248545 openat(AT_FDCWD</home/visitor/Documents/depthanything_u250_host_graph_r74_cpp_frame_graph_boundary>, "/home/visitor/Documents/depthanything_u250_host_graph_r74_cpp_frame_graph_boundary/cfg/mlp_fc2_l04_cfg.txt", O_RDONLY|O_CLOEXEC) = 3</home/visitor/Documents/depthanything_u250_host_graph_r74_cpp_frame_graph_boundary/cfg/mlp_fc2_l04_cfg.txt>
248545 openat(AT_FDCWD</home/visitor/Documents/depthanything_u250_host_graph_r74_cpp_frame_graph_boundary>, "/home/visitor/Documents/depthanything_u250_host_graph_r74_cpp_frame_graph_boundary/cfg/mlp_fc2_l05_cfg.txt", O_RDONLY|O_CLOEXEC) = 3</home/visitor/Documents/depthanything_u250_host_graph_r74_cpp_frame_graph_boundary/cfg/mlp_fc2_l05_cfg.txt>
248545 openat(AT_FDCWD</home/visitor/Documents/depthanything_u250_host_graph_r74_cpp_frame_graph_boundary>, "/home/visitor/Documents/depthanything_u250_host_graph_r74_cpp_frame_graph_boundary/cfg/mlp_fc2_l06_cfg.txt", O_RDONLY|O_CLOEXEC) = 3</home/visitor/Documents/depthanything_u250_host_graph_r74_cpp_frame_graph_boundary/cfg/mlp_fc2_l06_cfg.txt>
248545 openat(AT_FDCWD</home/visitor/Documents/depthanything_u250_host_graph_r74_cpp_frame_graph_boundary>, "/home/visitor/Documents/depthanything_u250_host_graph_r74_cpp_frame_graph_boundary/cfg/mlp_fc2_l07_cfg.txt", O_RDONLY|O_CLOEXEC) = 3</home/visitor/Documents/depthanything_u250_host_graph_r74_cpp_frame_graph_boundary/cfg/mlp_fc2_l07_cfg.txt>
248545 openat(AT_FDCWD</home/visitor/Documents/depthanything_u250_host_graph_r74_cpp_frame_graph_boundary>, "/home/visitor/Documents/depthanything_u250_host_graph_r74_cpp_frame_graph_boundary/cfg/mlp_fc2_l08_cfg.txt", O_RDONLY|O_CLOEXEC) = 3</home/visitor/Documents/depthanything_u250_host_graph_r74_cpp_frame_graph_boundary/cfg/mlp_fc2_l08_cfg.txt>
248545 openat(AT_FDCWD</home/visitor/Documents/depthanything_u250_host_graph_r74_cpp_frame_graph_boundary>, "/home/visitor/Documents/depthanything_u250_host_graph_r74_cpp_frame_graph_boundary/cfg/mlp_fc2_l09_cfg.txt", O_RDONLY|O_CLOEXEC) = 3</home/visitor/Documents/depthanything_u250_host_graph_r74_cpp_frame_graph_boundary/cfg/mlp_fc2_l09_cfg.txt>
248545 openat(AT_FDCWD</home/visitor/Documents/depthanything_u250_host_graph_r74_cpp_frame_graph_boundary>, "/home/visitor/Documents/depthanything_u250_host_graph_r74_cpp_frame_graph_boundary/cfg/mlp_fc2_l10_cfg.txt", O_RDONLY|O_CLOEXEC) = 3</home/visitor/Documents/depthanything_u250_host_graph_r74_cpp_frame_graph_boundary/cfg/mlp_fc2_l10_cfg.txt>
248545 openat(AT_FDCWD</home/visitor/Documents/depthanything_u250_host_graph_r74_cpp_frame_graph_boundary>, "/home/visitor/Documents/depthanything_u250_host_graph_r74_cpp_frame_graph_boundary/cfg/mlp_fc2_l11_cfg.txt", O_RDONLY|O_CLOEXEC) = 3</home/visitor/Documents/depthanything_u250_host_graph_r74_cpp_frame_graph_boundary/cfg/mlp_fc2_l11_cfg.txt>
248545 openat(AT_FDCWD</home/visitor/Documents/depthanything_u250_host_graph_r74_cpp_frame_graph_boundary>, "/home/visitor/Documents/depthanything_u250_host_graph_r74_cpp_frame_graph_boundary/cfg/patch_projection_co000_064_cfg.txt", O_RDONLY|O_CLOEXEC) = 3</home/visitor/Documents/depthanything_u250_host_graph_r74_cpp_frame_graph_boundary/cfg/patch_projection_co000_064_cfg.txt>
248545 openat(AT_FDCWD</home/visitor/Documents/depthanything_u250_host_graph_r74_cpp_frame_graph_boundary>, "/home/visitor/Documents/depthanything_u250_host_graph_r74_cpp_frame_graph_boundary/cfg/patch_projection_co064_128_cfg.txt", O_RDONLY|O_CLOEXEC) = 3</home/visitor/Documents/depthanything_u250_host_graph_r74_cpp_frame_graph_boundary/cfg/patch_projection_co064_128_cfg.txt>
248545 openat(AT_FDCWD</home/visitor/Documents/depthanything_u250_host_graph_r74_cpp_frame_graph_boundary>, "/home/visitor/Documents/depthanything_u250_host_graph_r74_cpp_frame_graph_boundary/cfg/patch_projection_co128_192_cfg.txt", O_RDONLY|O_CLOEXEC) = 3</home/visitor/Documents/depthanything_u250_host_graph_r74_cpp_frame_graph_boundary/cfg/patch_projection_co128_192_cfg.txt>
248545 openat(AT_FDCWD</home/visitor/Documents/depthanything_u250_host_graph_r74_cpp_frame_graph_boundary>, "/home/visitor/Documents/depthanything_u250_host_graph_r74_cpp_frame_graph_boundary/cfg/patch_projection_co192_256_cfg.txt", O_RDONLY|O_CLOEXEC) = 3</home/visitor/Documents/depthanything_u250_host_graph_r74_cpp_frame_graph_boundary/cfg/patch_projection_co192_256_cfg.txt>
248545 openat(AT_FDCWD</home/visitor/Documents/depthanything_u250_host_graph_r74_cpp_frame_graph_boundary>, "/home/visitor/Documents/depthanything_u250_host_graph_r74_cpp_frame_graph_boundary/cfg/patch_projection_co256_320_cfg.txt", O_RDONLY|O_CLOEXEC) = 3</home/visitor/Documents/depthanything_u250_host_graph_r74_cpp_frame_graph_boundary/cfg/patch_projection_co256_320_cfg.txt>
248545 openat(AT_FDCWD</home/visitor/Documents/depthanything_u250_host_graph_r74_cpp_frame_graph_boundary>, "/home/visitor/Documents/depthanything_u250_host_graph_r74_cpp_frame_graph_boundary/cfg/patch_projection_co320_384_cfg.txt", O_RDONLY|O_CLOEXEC) = 3</home/visitor/Documents/depthanything_u250_host_graph_r74_cpp_frame_graph_boundary/cfg/patch_projection_co320_384_cfg.txt>
248545 openat(AT_FDCWD</home/visitor/Documents/depthanything_u250_host_graph_r74_cpp_frame_graph_boundary>, "/home/visitor/Documents/depthanything_u250_host_graph_r74_cpp_frame_graph_boundary/cfg/post_attention_l00_cfg.txt", O_RDONLY|O_CLOEXEC) = 3</home/visitor/Documents/depthanything_u250_host_graph_r74_cpp_frame_graph_boundary/cfg/post_attention_l00_cfg.txt>
248545 openat(AT_FDCWD</home/visitor/Documents/depthanything_u250_host_graph_r74_cpp_frame_graph_boundary>, "/home/visitor/Documents/depthanything_u250_host_graph_r74_cpp_frame_graph_boundary/cfg/post_attention_l01_cfg.txt", O_RDONLY|O_CLOEXEC) = 3</home/visitor/Documents/depthanything_u250_host_graph_r74_cpp_frame_graph_boundary/cfg/post_attention_l01_cfg.txt>
248545 openat(AT_FDCWD</home/visitor/Documents/depthanything_u250_host_graph_r74_cpp_frame_graph_boundary>, "/home/visitor/Documents/depthanything_u250_host_graph_r74_cpp_frame_graph_boundary/cfg/post_attention_l02_cfg.txt", O_RDONLY|O_CLOEXEC) = 3</home/visitor/Documents/depthanything_u250_host_graph_r74_cpp_frame_graph_boundary/cfg/post_attention_l02_cfg.txt>
248545 openat(AT_FDCWD</home/visitor/Documents/depthanything_u250_host_graph_r74_cpp_frame_graph_boundary>, "/home/visitor/Documents/depthanything_u250_host_graph_r74_cpp_frame_graph_boundary/cfg/post_attention_l03_cfg.txt", O_RDONLY|O_CLOEXEC) = 3</home/visitor/Documents/depthanything_u250_host_graph_r74_cpp_frame_graph_boundary/cfg/post_attention_l03_cfg.txt>
248545 openat(AT_FDCWD</home/visitor/Documents/depthanything_u250_host_graph_r74_cpp_frame_graph_boundary>, "/home/visitor/Documents/depthanything_u250_host_graph_r74_cpp_frame_graph_boundary/cfg/post_attention_l04_cfg.txt", O_RDONLY|O_CLOEXEC) = 3</home/visitor/Documents/depthanything_u250_host_graph_r74_cpp_frame_graph_boundary/cfg/post_attention_l04_cfg.txt>
248545 openat(AT_FDCWD</home/visitor/Documents/depthanything_u250_host_graph_r74_cpp_frame_graph_boundary>, "/home/visitor/Documents/depthanything_u250_host_graph_r74_cpp_frame_graph_boundary/cfg/post_attention_l05_cfg.txt", O_RDONLY|O_CLOEXEC) = 3</home/visitor/Documents/depthanything_u250_host_graph_r74_cpp_frame_graph_boundary/cfg/post_attention_l05_cfg.txt>
248545 openat(AT_FDCWD</home/visitor/Documents/depthanything_u250_host_graph_r74_cpp_frame_graph_boundary>, "/home/visitor/Documents/depthanything_u250_host_graph_r74_cpp_frame_graph_boundary/cfg/post_attention_l06_cfg.txt", O_RDONLY|O_CLOEXEC) = 3</home/visitor/Documents/depthanything_u250_host_graph_r74_cpp_frame_graph_boundary/cfg/post_attention_l06_cfg.txt>
248545 openat(AT_FDCWD</home/visitor/Documents/depthanything_u250_host_graph_r74_cpp_frame_graph_boundary>, "/home/visitor/Documents/depthanything_u250_host_graph_r74_cpp_frame_graph_boundary/cfg/post_attention_l07_cfg.txt", O_RDONLY|O_CLOEXEC) = 3</home/visitor/Documents/depthanything_u250_host_graph_r74_cpp_frame_graph_boundary/cfg/post_attention_l07_cfg.txt>
248545 openat(AT_FDCWD</home/visitor/Documents/depthanything_u250_host_graph_r74_cpp_frame_graph_boundary>, "/home/visitor/Documents/depthanything_u250_host_graph_r74_cpp_frame_graph_boundary/cfg/post_attention_l08_cfg.txt", O_RDONLY|O_CLOEXEC) = 3</home/visitor/Documents/depthanything_u250_host_graph_r74_cpp_frame_graph_boundary/cfg/post_attention_l08_cfg.txt>
248545 openat(AT_FDCWD</home/visitor/Documents/depthanything_u250_host_graph_r74_cpp_frame_graph_boundary>, "/home/visitor/Documents/depthanything_u250_host_graph_r74_cpp_frame_graph_boundary/cfg/post_attention_l09_cfg.txt", O_RDONLY|O_CLOEXEC) = 3</home/visitor/Documents/depthanything_u250_host_graph_r74_cpp_frame_graph_boundary/cfg/post_attention_l09_cfg.txt>
248545 openat(AT_FDCWD</home/visitor/Documents/depthanything_u250_host_graph_r74_cpp_frame_graph_boundary>, "/home/visitor/Documents/depthanything_u250_host_graph_r74_cpp_frame_graph_boundary/cfg/post_attention_l10_cfg.txt", O_RDONLY|O_CLOEXEC) = 3</home/visitor/Documents/depthanything_u250_host_graph_r74_cpp_frame_graph_boundary/cfg/post_attention_l10_cfg.txt>
248545 openat(AT_FDCWD</home/visitor/Documents/depthanything_u250_host_graph_r74_cpp_frame_graph_boundary>, "/home/visitor/Documents/depthanything_u250_host_graph_r74_cpp_frame_graph_boundary/cfg/post_attention_l11_cfg.txt", O_RDONLY|O_CLOEXEC) = 3</home/visitor/Documents/depthanything_u250_host_graph_r74_cpp_frame_graph_boundary/cfg/post_attention_l11_cfg.txt>
248545 openat(AT_FDCWD</home/visitor/Documents/depthanything_u250_host_graph_r74_cpp_frame_graph_boundary>, "/home/visitor/Documents/depthanything_u250_host_graph_r74_cpp_frame_graph_boundary/cfg/qkv_projection_l00_cfg.txt", O_RDONLY|O_CLOEXEC) = 3</home/visitor/Documents/depthanything_u250_host_graph_r74_cpp_frame_graph_boundary/cfg/qkv_projection_l00_cfg.txt>
248545 openat(AT_FDCWD</home/visitor/Documents/depthanything_u250_host_graph_r74_cpp_frame_graph_boundary>, "/home/visitor/Documents/depthanything_u250_host_graph_r74_cpp_frame_graph_boundary/cfg/qkv_projection_l01_cfg.txt", O_RDONLY|O_CLOEXEC) = 3</home/visitor/Documents/depthanything_u250_host_graph_r74_cpp_frame_graph_boundary/cfg/qkv_projection_l01_cfg.txt>
248545 openat(AT_FDCWD</home/visitor/Documents/depthanything_u250_host_graph_r74_cpp_frame_graph_boundary>, "/home/visitor/Documents/depthanything_u250_host_graph_r74_cpp_frame_graph_boundary/cfg/qkv_projection_l02_cfg.txt", O_RDONLY|O_CLOEXEC) = 3</home/visitor/Documents/depthanything_u250_host_graph_r74_cpp_frame_graph_boundary/cfg/qkv_projection_l02_cfg.txt>
248545 openat(AT_FDCWD</home/visitor/Documents/depthanything_u250_host_graph_r74_cpp_frame_graph_boundary>, "/home/visitor/Documents/depthanything_u250_host_graph_r74_cpp_frame_graph_boundary/cfg/qkv_projection_l03_cfg.txt", O_RDONLY|O_CLOEXEC) = 3</home/visitor/Documents/depthanything_u250_host_graph_r74_cpp_frame_graph_boundary/cfg/qkv_projection_l03_cfg.txt>
248545 openat(AT_FDCWD</home/visitor/Documents/depthanything_u250_host_graph_r74_cpp_frame_graph_boundary>, "/home/visitor/Documents/depthanything_u250_host_graph_r74_cpp_frame_graph_boundary/cfg/qkv_projection_l04_cfg.txt", O_RDONLY|O_CLOEXEC) = 3</home/visitor/Documents/depthanything_u250_host_graph_r74_cpp_frame_graph_boundary/cfg/qkv_projection_l04_cfg.txt>
248545 openat(AT_FDCWD</home/visitor/Documents/depthanything_u250_host_graph_r74_cpp_frame_graph_boundary>, "/home/visitor/Documents/depthanything_u250_host_graph_r74_cpp_frame_graph_boundary/cfg/qkv_projection_l05_cfg.txt", O_RDONLY|O_CLOEXEC) = 3</home/visitor/Documents/depthanything_u250_host_graph_r74_cpp_frame_graph_boundary/cfg/qkv_projection_l05_cfg.txt>
248545 openat(AT_FDCWD</home/visitor/Documents/depthanything_u250_host_graph_r74_cpp_frame_graph_boundary>, "/home/visitor/Documents/depthanything_u250_host_graph_r74_cpp_frame_graph_boundary/cfg/qkv_projection_l06_cfg.txt", O_RDONLY|O_CLOEXEC) = 3</home/visitor/Documents/depthanything_u250_host_graph_r74_cpp_frame_graph_boundary/cfg/qkv_projection_l06_cfg.txt>
248545 openat(AT_FDCWD</home/visitor/Documents/depthanything_u250_host_graph_r74_cpp_frame_graph_boundary>, "/home/visitor/Documents/depthanything_u250_host_graph_r74_cpp_frame_graph_boundary/cfg/qkv_projection_l07_cfg.txt", O_RDONLY|O_CLOEXEC) = 3</home/visitor/Documents/depthanything_u250_host_graph_r74_cpp_frame_graph_boundary/cfg/qkv_projection_l07_cfg.txt>
248545 openat(AT_FDCWD</home/visitor/Documents/depthanything_u250_host_graph_r74_cpp_frame_graph_boundary>, "/home/visitor/Documents/depthanything_u250_host_graph_r74_cpp_frame_graph_boundary/cfg/qkv_projection_l08_cfg.txt", O_RDONLY|O_CLOEXEC) = 3</home/visitor/Documents/depthanything_u250_host_graph_r74_cpp_frame_graph_boundary/cfg/qkv_projection_l08_cfg.txt>
248545 openat(AT_FDCWD</home/visitor/Documents/depthanything_u250_host_graph_r74_cpp_frame_graph_boundary>, "/home/visitor/Documents/depthanything_u250_host_graph_r74_cpp_frame_graph_boundary/cfg/qkv_projection_l09_cfg.txt", O_RDONLY|O_CLOEXEC) = 3</home/visitor/Documents/depthanything_u250_host_graph_r74_cpp_frame_graph_boundary/cfg/qkv_projection_l09_cfg.txt>
248545 openat(AT_FDCWD</home/visitor/Documents/depthanything_u250_host_graph_r74_cpp_frame_graph_boundary>, "/home/visitor/Documents/depthanything_u250_host_graph_r74_cpp_frame_graph_boundary/cfg/qkv_projection_l10_cfg.txt", O_RDONLY|O_CLOEXEC) = 3</home/visitor/Documents/depthanything_u250_host_graph_r74_cpp_frame_graph_boundary/cfg/qkv_projection_l10_cfg.txt>
248545 openat(AT_FDCWD</home/visitor/Documents/depthanything_u250_host_graph_r74_cpp_frame_graph_boundary>, "/home/visitor/Documents/depthanything_u250_host_graph_r74_cpp_frame_graph_boundary/cfg/qkv_projection_l11_cfg.txt", O_RDONLY|O_CLOEXEC) = 3</home/visitor/Documents/depthanything_u250_host_graph_r74_cpp_frame_graph_boundary/cfg/qkv_projection_l11_cfg.txt>
248545 openat(AT_FDCWD</home/visitor/Documents/depthanything_u250_host_graph_r74_cpp_frame_graph_boundary>, "/home/visitor/Documents/depthanything_u250_host_graph_r74_cpp_frame_graph_boundary/cfg/tail_norm1_from_tokens_cfg.txt", O_RDONLY|O_CLOEXEC) = 3</home/visitor/Documents/depthanything_u250_host_graph_r74_cpp_frame_graph_boundary/cfg/tail_norm1_from_tokens_cfg.txt>
248545 openat(AT_FDCWD</home/visitor/Documents/depthanything_u250_host_graph_r74_cpp_frame_graph_boundary>, "/home/visitor/Documents/depthanything_u250_host_graph_r74_cpp_frame_graph_boundary/artifacts/u250_cpp_frame_graph_r74/native_codec_all_oracle.json", O_RDONLY|O_CLOEXEC) = 3</home/visitor/Documents/depthanything_u250_host_graph_r74_cpp_frame_graph_boundary/artifacts/u250_cpp_frame_graph_r74/native_codec_all_oracle.json>
248545 openat(AT_FDCWD</home/visitor/Documents/depthanything_u250_host_graph_r74_cpp_frame_graph_boundary>, "/home/visitor/Documents/depthanything_u250_host_graph_r74_cpp_frame_graph_boundary/artifacts/u250_cpp_frame_graph_r74/host_executor_qualification.json", O_RDONLY|O_CLOEXEC) = 3</home/visitor/Documents/depthanything_u250_host_graph_r74_cpp_frame_graph_boundary/artifacts/u250_cpp_frame_graph_r74/host_executor_qualification.json>
248545 openat(AT_FDCWD</home/visitor/Documents/depthanything_u250_host_graph_r74_cpp_frame_graph_boundary>, "/home/visitor/Documents/depthanything_u250_host_graph_r74_cpp_frame_graph_boundary/tools/u250_host_graph.hpp", O_RDONLY|O_CLOEXEC) = 3</home/visitor/Documents/depthanything_u250_host_graph_r74_cpp_frame_graph_boundary/tools/u250_host_graph.hpp>
248545 openat(AT_FDCWD</home/visitor/Documents/depthanything_u250_host_graph_r74_cpp_frame_graph_boundary>, "/home/visitor/Documents/depthanything_u250_host_graph_r74_cpp_frame_graph_boundary/depthanything_u250_host_params.npz", O_RDONLY|O_CLOEXEC) = 3</home/visitor/Documents/depthanything_u250_host_graph_r74_cpp_frame_graph_boundary/depthanything_u250_host_params.npz>
248545 openat(AT_FDCWD</home/visitor/Documents/depthanything_u250_host_graph_r74_cpp_frame_graph_boundary>, "/home/visitor/anaconda3/envs/ds/lib/python3.13/zipfile/__pycache__/__init__.cpython-313.pyc", O_RDONLY|O_CLOEXEC) = 4</home/visitor/anaconda3/envs/ds/lib/python3.13/zipfile/__pycache__/__init__.cpython-313.pyc>
248545 openat(AT_FDCWD</home/visitor/Documents/depthanything_u250_host_graph_r74_cpp_frame_graph_boundary>, "/home/visitor/anaconda3/envs/ds/lib/python3.13/zipfile", O_RDONLY|O_NONBLOCK|O_CLOEXEC|O_DIRECTORY) = 4</home/visitor/anaconda3/envs/ds/lib/python3.13/zipfile>
248545 openat(AT_FDCWD</home/visitor/Documents/depthanything_u250_host_graph_r74_cpp_frame_graph_boundary>, "/home/visitor/anaconda3/envs/ds/lib/python3.13/zipfile/_path/__pycache__/__init__.cpython-313.pyc", O_RDONLY|O_CLOEXEC) = 4</home/visitor/anaconda3/envs/ds/lib/python3.13/zipfile/_path/__pycache__/__init__.cpython-313.pyc>
248545 openat(AT_FDCWD</home/visitor/Documents/depthanything_u250_host_graph_r74_cpp_frame_graph_boundary>, "/home/visitor/anaconda3/envs/ds/lib/python3.13/zipfile/_path", O_RDONLY|O_NONBLOCK|O_CLOEXEC|O_DIRECTORY) = 4</home/visitor/anaconda3/envs/ds/lib/python3.13/zipfile/_path>
248545 openat(AT_FDCWD</home/visitor/Documents/depthanything_u250_host_graph_r74_cpp_frame_graph_boundary>, "/home/visitor/anaconda3/envs/ds/lib/python3.13/zipfile/_path/__pycache__/glob.cpython-313.pyc", O_RDONLY|O_CLOEXEC) = 4</home/visitor/anaconda3/envs/ds/lib/python3.13/zipfile/_path/__pycache__/glob.cpython-313.pyc>
248545 openat(AT_FDCWD</home/visitor/Documents/depthanything_u250_host_graph_r74_cpp_frame_graph_boundary>, "/home/visitor/anaconda3/envs/ds/lib/python3.13/encodings/__pycache__/cp437.cpython-313.pyc", O_RDONLY|O_CLOEXEC) = 4</home/visitor/anaconda3/envs/ds/lib/python3.13/encodings/__pycache__/cp437.cpython-313.pyc>
248545 openat(AT_FDCWD</home/visitor/Documents/depthanything_u250_host_graph_r74_cpp_frame_graph_boundary>, "/home/visitor/Documents/depthanything_u250_host_graph_r74_cpp_frame_graph_boundary/demo05.npy", O_RDONLY|O_CLOEXEC) = 3</home/visitor/Documents/depthanything_u250_host_graph_r74_cpp_frame_graph_boundary/demo05.npy>
248545 openat(AT_FDCWD</home/visitor/Documents/depthanything_u250_host_graph_r74_cpp_frame_graph_boundary>, "/home/visitor/Documents/depthanything_u250_host_graph_r74_cpp_frame_graph_boundary/depthanything_u250_resident_kernel_bank.bin", O_RDONLY|O_CLOEXEC) = 3</home/visitor/Documents/depthanything_u250_host_graph_r74_cpp_frame_graph_boundary/depthanything_u250_resident_kernel_bank.bin>
248545 openat(AT_FDCWD</home/visitor/Documents/depthanything_u250_host_graph_r74_cpp_frame_graph_boundary>, "/home/visitor/Documents/depthanything_u250_host_graph_r74_cpp_frame_graph_boundary/build/native_codec", O_RDONLY|O_NONBLOCK|O_CLOEXEC|O_DIRECTORY) = 3</home/visitor/Documents/depthanything_u250_host_graph_r74_cpp_frame_graph_boundary/build/native_codec>
248545 openat(AT_FDCWD</home/visitor/Documents/depthanything_u250_host_graph_r74_cpp_frame_graph_boundary>, "/home/visitor/Documents/depthanything_u250_host_graph_r74_cpp_frame_graph_boundary/build/native_codec/fpgaDmaBatch.cpython-313-x86_64-linux-gnu.so", O_RDONLY|O_CLOEXEC) = 3</home/visitor/Documents/depthanything_u250_host_graph_r74_cpp_frame_graph_boundary/build/native_codec/fpgaDmaBatch.cpython-313-x86_64-linux-gnu.so>
248545 openat(AT_FDCWD</home/visitor/Documents/depthanything_u250_host_graph_r74_cpp_frame_graph_boundary>, "/home/visitor/Documents/depthanything_u250_host_graph_r74_cpp_frame_graph_boundary/build/native_codec/fpgaDmaBatch.cpython-313-x86_64-linux-gnu.so", O_RDONLY|O_CLOEXEC) = 3</home/visitor/Documents/depthanything_u250_host_graph_r74_cpp_frame_graph_boundary/build/native_codec/fpgaDmaBatch.cpython-313-x86_64-linux-gnu.so>
248545 openat(AT_FDCWD</home/visitor/Documents/depthanything_u250_host_graph_r74_cpp_frame_graph_boundary>, "/sys/devices/system/cpu/online", O_RDONLY|O_CLOEXEC) = 3</sys/devices/system/cpu/online>
248545 openat(AT_FDCWD</home/visitor/Documents/depthanything_u250_host_graph_r74_cpp_frame_graph_boundary>, "/sys/devices/system/cpu/online", O_RDONLY|O_CLOEXEC) = 3</sys/devices/system/cpu/online>
248545 openat(AT_FDCWD</home/visitor/Documents/depthanything_u250_host_graph_r74_cpp_frame_graph_boundary>, "/sys/devices/system/cpu/online", O_RDONLY|O_CLOEXEC) = 3</sys/devices/system/cpu/online>
248545 openat(AT_FDCWD</home/visitor/Documents/depthanything_u250_host_graph_r74_cpp_frame_graph_boundary>, "/sys/devices/system/cpu/online", O_RDONLY|O_CLOEXEC) = 3</sys/devices/system/cpu/online>
248545 openat(AT_FDCWD</home/visitor/Documents/depthanything_u250_host_graph_r74_cpp_frame_graph_boundary>, "/sys/devices/system/cpu/online", O_RDONLY|O_CLOEXEC) = 3</sys/devices/system/cpu/online>
248545 openat(AT_FDCWD</home/visitor/Documents/depthanything_u250_host_graph_r74_cpp_frame_graph_boundary>, "/sys/devices/system/cpu/online", O_RDONLY|O_CLOEXEC) = 3</sys/devices/system/cpu/online>
248545 openat(AT_FDCWD</home/visitor/Documents/depthanything_u250_host_graph_r74_cpp_frame_graph_boundary>, "/sys/devices/system/cpu/online", O_RDONLY|O_CLOEXEC) = 3</sys/devices/system/cpu/online>
248545 openat(AT_FDCWD</home/visitor/Documents/depthanything_u250_host_graph_r74_cpp_frame_graph_boundary>, "/sys/devices/system/cpu/online", O_RDONLY|O_CLOEXEC) = 3</sys/devices/system/cpu/online>
248545 openat(AT_FDCWD</home/visitor/Documents/depthanything_u250_host_graph_r74_cpp_frame_graph_boundary>, "/sys/devices/system/cpu/online", O_RDONLY|O_CLOEXEC) = 3</sys/devices/system/cpu/online>
248545 openat(AT_FDCWD</home/visitor/Documents/depthanything_u250_host_graph_r74_cpp_frame_graph_boundary>, "/sys/devices/system/cpu/online", O_RDONLY|O_CLOEXEC) = 3</sys/devices/system/cpu/online>
248545 openat(AT_FDCWD</home/visitor/Documents/depthanything_u250_host_graph_r74_cpp_frame_graph_boundary>, "/sys/devices/system/cpu/online", O_RDONLY|O_CLOEXEC) = 3</sys/devices/system/cpu/online>
248545 openat(AT_FDCWD</home/visitor/Documents/depthanything_u250_host_graph_r74_cpp_frame_graph_boundary>, "/sys/devices/system/cpu/online", O_RDONLY|O_CLOEXEC) = 3</sys/devices/system/cpu/online>
248545 openat(AT_FDCWD</home/visitor/Documents/depthanything_u250_host_graph_r74_cpp_frame_graph_boundary>, "/sys/devices/system/cpu/online", O_RDONLY|O_CLOEXEC) = 3</sys/devices/system/cpu/online>
248545 openat(AT_FDCWD</home/visitor/Documents/depthanything_u250_host_graph_r74_cpp_frame_graph_boundary>, "/sys/devices/system/cpu/online", O_RDONLY|O_CLOEXEC) = 3</sys/devices/system/cpu/online>
248545 openat(AT_FDCWD</home/visitor/Documents/depthanything_u250_host_graph_r74_cpp_frame_graph_boundary>, "/sys/devices/system/cpu/online", O_RDONLY|O_CLOEXEC) = 3</sys/devices/system/cpu/online>
248545 openat(AT_FDCWD</home/visitor/Documents/depthanything_u250_host_graph_r74_cpp_frame_graph_boundary>, "/sys/devices/system/cpu/online", O_RDONLY|O_CLOEXEC) = 3</sys/devices/system/cpu/online>
248545 openat(AT_FDCWD</home/visitor/Documents/depthanything_u250_host_graph_r74_cpp_frame_graph_boundary>, "/sys/devices/system/cpu/online", O_RDONLY|O_CLOEXEC) = 3</sys/devices/system/cpu/online>
248545 openat(AT_FDCWD</home/visitor/Documents/depthanything_u250_host_graph_r74_cpp_frame_graph_boundary>, "/sys/devices/system/cpu/online", O_RDONLY|O_CLOEXEC) = 3</sys/devices/system/cpu/online>
248545 openat(AT_FDCWD</home/visitor/Documents/depthanything_u250_host_graph_r74_cpp_frame_graph_boundary>, "/sys/devices/system/cpu/online", O_RDONLY|O_CLOEXEC) = 3</sys/devices/system/cpu/online>
248545 openat(AT_FDCWD</home/visitor/Documents/depthanything_u250_host_graph_r74_cpp_frame_graph_boundary>, "/sys/devices/system/cpu/online", O_RDONLY|O_CLOEXEC) = 3</sys/devices/system/cpu/online>
248545 openat(AT_FDCWD</home/visitor/Documents/depthanything_u250_host_graph_r74_cpp_frame_graph_boundary>, "/sys/devices/system/cpu/online", O_RDONLY|O_CLOEXEC) = 3</sys/devices/system/cpu/online>
248545 openat(AT_FDCWD</home/visitor/Documents/depthanything_u250_host_graph_r74_cpp_frame_graph_boundary>, "/sys/devices/system/cpu/online", O_RDONLY|O_CLOEXEC) = 3</sys/devices/system/cpu/online>
248545 openat(AT_FDCWD</home/visitor/Documents/depthanything_u250_host_graph_r74_cpp_frame_graph_boundary>, "/sys/devices/system/cpu/online", O_RDONLY|O_CLOEXEC) = 3</sys/devices/system/cpu/online>
248545 openat(AT_FDCWD</home/visitor/Documents/depthanything_u250_host_graph_r74_cpp_frame_graph_boundary>, "/sys/devices/system/cpu/online", O_RDONLY|O_CLOEXEC) = 3</sys/devices/system/cpu/online>
248545 openat(AT_FDCWD</home/visitor/Documents/depthanything_u250_host_graph_r74_cpp_frame_graph_boundary>, "/sys/devices/system/cpu/online", O_RDONLY|O_CLOEXEC) = 3</sys/devices/system/cpu/online>
248545 openat(AT_FDCWD</home/visitor/Documents/depthanything_u250_host_graph_r74_cpp_frame_graph_boundary>, "/sys/devices/system/cpu/online", O_RDONLY|O_CLOEXEC) = 3</sys/devices/system/cpu/online>
248545 openat(AT_FDCWD</home/visitor/Documents/depthanything_u250_host_graph_r74_cpp_frame_graph_boundary>, "/sys/devices/system/cpu/online", O_RDONLY|O_CLOEXEC) = 3</sys/devices/system/cpu/online>
248545 openat(AT_FDCWD</home/visitor/Documents/depthanything_u250_host_graph_r74_cpp_frame_graph_boundary>, "/sys/devices/system/cpu/online", O_RDONLY|O_CLOEXEC) = 3</sys/devices/system/cpu/online>
248545 openat(AT_FDCWD</home/visitor/Documents/depthanything_u250_host_graph_r74_cpp_frame_graph_boundary>, "/sys/devices/system/cpu/online", O_RDONLY|O_CLOEXEC) = 3</sys/devices/system/cpu/online>
248545 openat(AT_FDCWD</home/visitor/Documents/depthanything_u250_host_graph_r74_cpp_frame_graph_boundary>, "/sys/devices/system/cpu/online", O_RDONLY|O_CLOEXEC) = 3</sys/devices/system/cpu/online>
248545 openat(AT_FDCWD</home/visitor/Documents/depthanything_u250_host_graph_r74_cpp_frame_graph_boundary>, "/sys/devices/system/cpu/online", O_RDONLY|O_CLOEXEC) = 3</sys/devices/system/cpu/online>
248545 openat(AT_FDCWD</home/visitor/Documents/depthanything_u250_host_graph_r74_cpp_frame_graph_boundary>, "/sys/devices/system/cpu/online", O_RDONLY|O_CLOEXEC) = 3</sys/devices/system/cpu/online>
248545 openat(AT_FDCWD</home/visitor/Documents/depthanything_u250_host_graph_r74_cpp_frame_graph_boundary>, "/sys/devices/system/cpu/online", O_RDONLY|O_CLOEXEC) = 3</sys/devices/system/cpu/online>
248545 openat(AT_FDCWD</home/visitor/Documents/depthanything_u250_host_graph_r74_cpp_frame_graph_boundary>, "/sys/devices/system/cpu/online", O_RDONLY|O_CLOEXEC) = 3</sys/devices/system/cpu/online>
248545 openat(AT_FDCWD</home/visitor/Documents/depthanything_u250_host_graph_r74_cpp_frame_graph_boundary>, "/sys/devices/system/cpu/online", O_RDONLY|O_CLOEXEC) = 3</sys/devices/system/cpu/online>
248545 openat(AT_FDCWD</home/visitor/Documents/depthanything_u250_host_graph_r74_cpp_frame_graph_boundary>, "/sys/devices/system/cpu/online", O_RDONLY|O_CLOEXEC) = 3</sys/devices/system/cpu/online>
248545 openat(AT_FDCWD</home/visitor/Documents/depthanything_u250_host_graph_r74_cpp_frame_graph_boundary>, "/sys/devices/system/cpu/online", O_RDONLY|O_CLOEXEC) = 3</sys/devices/system/cpu/online>
248545 openat(AT_FDCWD</home/visitor/Documents/depthanything_u250_host_graph_r74_cpp_frame_graph_boundary>, "/sys/devices/system/cpu/online", O_RDONLY|O_CLOEXEC) = 3</sys/devices/system/cpu/online>
248545 openat(AT_FDCWD</home/visitor/Documents/depthanything_u250_host_graph_r74_cpp_frame_graph_boundary>, "/sys/devices/system/cpu/online", O_RDONLY|O_CLOEXEC) = 3</sys/devices/system/cpu/online>
248545 openat(AT_FDCWD</home/visitor/Documents/depthanything_u250_host_graph_r74_cpp_frame_graph_boundary>, "/sys/devices/system/cpu/online", O_RDONLY|O_CLOEXEC) = 3</sys/devices/system/cpu/online>
248545 openat(AT_FDCWD</home/visitor/Documents/depthanything_u250_host_graph_r74_cpp_frame_graph_boundary>, "/sys/devices/system/cpu/online", O_RDONLY|O_CLOEXEC) = 3</sys/devices/system/cpu/online>
248545 openat(AT_FDCWD</home/visitor/Documents/depthanything_u250_host_graph_r74_cpp_frame_graph_boundary>, "/sys/devices/system/cpu/online", O_RDONLY|O_CLOEXEC) = 3</sys/devices/system/cpu/online>
248545 openat(AT_FDCWD</home/visitor/Documents/depthanything_u250_host_graph_r74_cpp_frame_graph_boundary>, "/sys/devices/system/cpu/online", O_RDONLY|O_CLOEXEC) = 3</sys/devices/system/cpu/online>
248545 openat(AT_FDCWD</home/visitor/Documents/depthanything_u250_host_graph_r74_cpp_frame_graph_boundary>, "/sys/devices/system/cpu/online", O_RDONLY|O_CLOEXEC) = 3</sys/devices/system/cpu/online>
248545 openat(AT_FDCWD</home/visitor/Documents/depthanything_u250_host_graph_r74_cpp_frame_graph_boundary>, "/sys/devices/system/cpu/online", O_RDONLY|O_CLOEXEC) = 3</sys/devices/system/cpu/online>
248545 openat(AT_FDCWD</home/visitor/Documents/depthanything_u250_host_graph_r74_cpp_frame_graph_boundary>, "/sys/devices/system/cpu/online", O_RDONLY|O_CLOEXEC) = 3</sys/devices/system/cpu/online>
248545 openat(AT_FDCWD</home/visitor/Documents/depthanything_u250_host_graph_r74_cpp_frame_graph_boundary>, "/sys/devices/system/cpu/online", O_RDONLY|O_CLOEXEC) = 3</sys/devices/system/cpu/online>
248545 openat(AT_FDCWD</home/visitor/Documents/depthanything_u250_host_graph_r74_cpp_frame_graph_boundary>, "/sys/devices/system/cpu/online", O_RDONLY|O_CLOEXEC) = 3</sys/devices/system/cpu/online>
248545 openat(AT_FDCWD</home/visitor/Documents/depthanything_u250_host_graph_r74_cpp_frame_graph_boundary>, "/sys/devices/system/cpu/online", O_RDONLY|O_CLOEXEC) = 3</sys/devices/system/cpu/online>
248545 openat(AT_FDCWD</home/visitor/Documents/depthanything_u250_host_graph_r74_cpp_frame_graph_boundary>, "/sys/devices/system/cpu/online", O_RDONLY|O_CLOEXEC) = 3</sys/devices/system/cpu/online>
248545 openat(AT_FDCWD</home/visitor/Documents/depthanything_u250_host_graph_r74_cpp_frame_graph_boundary>, "/sys/devices/system/cpu/online", O_RDONLY|O_CLOEXEC) = 3</sys/devices/system/cpu/online>
248545 openat(AT_FDCWD</home/visitor/Documents/depthanything_u250_host_graph_r74_cpp_frame_graph_boundary>, "/sys/devices/system/cpu/online", O_RDONLY|O_CLOEXEC) = 3</sys/devices/system/cpu/online>
248545 openat(AT_FDCWD</home/visitor/Documents/depthanything_u250_host_graph_r74_cpp_frame_graph_boundary>, "/sys/devices/system/cpu/online", O_RDONLY|O_CLOEXEC) = 3</sys/devices/system/cpu/online>
248545 openat(AT_FDCWD</home/visitor/Documents/depthanything_u250_host_graph_r74_cpp_frame_graph_boundary>, "/sys/devices/system/cpu/online", O_RDONLY|O_CLOEXEC) = 3</sys/devices/system/cpu/online>
248545 openat(AT_FDCWD</home/visitor/Documents/depthanything_u250_host_graph_r74_cpp_frame_graph_boundary>, "/sys/devices/system/cpu/online", O_RDONLY|O_CLOEXEC) = 3</sys/devices/system/cpu/online>
248545 openat(AT_FDCWD</home/visitor/Documents/depthanything_u250_host_graph_r74_cpp_frame_graph_boundary>, "/sys/devices/system/cpu/online", O_RDONLY|O_CLOEXEC) = 3</sys/devices/system/cpu/online>
248545 openat(AT_FDCWD</home/visitor/Documents/depthanything_u250_host_graph_r74_cpp_frame_graph_boundary>, "/sys/devices/system/cpu/online", O_RDONLY|O_CLOEXEC) = 3</sys/devices/system/cpu/online>
248545 openat(AT_FDCWD</home/visitor/Documents/depthanything_u250_host_graph_r74_cpp_frame_graph_boundary>, "/sys/devices/system/cpu/online", O_RDONLY|O_CLOEXEC) = 3</sys/devices/system/cpu/online>
248545 openat(AT_FDCWD</home/visitor/Documents/depthanything_u250_host_graph_r74_cpp_frame_graph_boundary>, "/sys/devices/system/cpu/online", O_RDONLY|O_CLOEXEC) = 3</sys/devices/system/cpu/online>
248545 openat(AT_FDCWD</home/visitor/Documents/depthanything_u250_host_graph_r74_cpp_frame_graph_boundary>, "/sys/devices/system/cpu/online", O_RDONLY|O_CLOEXEC) = 3</sys/devices/system/cpu/online>
248545 openat(AT_FDCWD</home/visitor/Documents/depthanything_u250_host_graph_r74_cpp_frame_graph_boundary>, "/sys/devices/system/cpu/online", O_RDONLY|O_CLOEXEC) = 3</sys/devices/system/cpu/online>
248545 openat(AT_FDCWD</home/visitor/Documents/depthanything_u250_host_graph_r74_cpp_frame_graph_boundary>, "/sys/devices/system/cpu/online", O_RDONLY|O_CLOEXEC) = 3</sys/devices/system/cpu/online>
248545 openat(AT_FDCWD</home/visitor/Documents/depthanything_u250_host_graph_r74_cpp_frame_graph_boundary>, "/sys/devices/system/cpu/online", O_RDONLY|O_CLOEXEC) = 3</sys/devices/system/cpu/online>
248545 openat(AT_FDCWD</home/visitor/Documents/depthanything_u250_host_graph_r74_cpp_frame_graph_boundary>, "/sys/devices/system/cpu/online", O_RDONLY|O_CLOEXEC) = 3</sys/devices/system/cpu/online>
248545 openat(AT_FDCWD</home/visitor/Documents/depthanything_u250_host_graph_r74_cpp_frame_graph_boundary>, "/sys/devices/system/cpu/online", O_RDONLY|O_CLOEXEC) = 3</sys/devices/system/cpu/online>
248545 openat(AT_FDCWD</home/visitor/Documents/depthanything_u250_host_graph_r74_cpp_frame_graph_boundary>, "/sys/devices/system/cpu/online", O_RDONLY|O_CLOEXEC) = 3</sys/devices/system/cpu/online>
248545 openat(AT_FDCWD</home/visitor/Documents/depthanything_u250_host_graph_r74_cpp_frame_graph_boundary>, "/sys/devices/system/cpu/online", O_RDONLY|O_CLOEXEC) = 3</sys/devices/system/cpu/online>
248545 openat(AT_FDCWD</home/visitor/Documents/depthanything_u250_host_graph_r74_cpp_frame_graph_boundary>, "/sys/devices/system/cpu/online", O_RDONLY|O_CLOEXEC) = 3</sys/devices/system/cpu/online>
248545 openat(AT_FDCWD</home/visitor/Documents/depthanything_u250_host_graph_r74_cpp_frame_graph_boundary>, "/sys/devices/system/cpu/online", O_RDONLY|O_CLOEXEC) = 3</sys/devices/system/cpu/online>
248545 openat(AT_FDCWD</home/visitor/Documents/depthanything_u250_host_graph_r74_cpp_frame_graph_boundary>, "/sys/devices/system/cpu/online", O_RDONLY|O_CLOEXEC) = 3</sys/devices/system/cpu/online>
248545 openat(AT_FDCWD</home/visitor/Documents/depthanything_u250_host_graph_r74_cpp_frame_graph_boundary>, "/sys/devices/system/cpu/online", O_RDONLY|O_CLOEXEC) = 3</sys/devices/system/cpu/online>
248545 openat(AT_FDCWD</home/visitor/Documents/depthanything_u250_host_graph_r74_cpp_frame_graph_boundary>, "/sys/devices/system/cpu/online", O_RDONLY|O_CLOEXEC) = 3</sys/devices/system/cpu/online>
248545 openat(AT_FDCWD</home/visitor/Documents/depthanything_u250_host_graph_r74_cpp_frame_graph_boundary>, "/sys/devices/system/cpu/online", O_RDONLY|O_CLOEXEC) = 3</sys/devices/system/cpu/online>
248545 openat(AT_FDCWD</home/visitor/Documents/depthanything_u250_host_graph_r74_cpp_frame_graph_boundary>, "/sys/devices/system/cpu/online", O_RDONLY|O_CLOEXEC) = 3</sys/devices/system/cpu/online>
248545 openat(AT_FDCWD</home/visitor/Documents/depthanything_u250_host_graph_r74_cpp_frame_graph_boundary>, "/sys/devices/system/cpu/online", O_RDONLY|O_CLOEXEC) = 3</sys/devices/system/cpu/online>
248545 openat(AT_FDCWD</home/visitor/Documents/depthanything_u250_host_graph_r74_cpp_frame_graph_boundary>, "/sys/devices/system/cpu/online", O_RDONLY|O_CLOEXEC) = 3</sys/devices/system/cpu/online>
248545 openat(AT_FDCWD</home/visitor/Documents/depthanything_u250_host_graph_r74_cpp_frame_graph_boundary>, "/sys/devices/system/cpu/online", O_RDONLY|O_CLOEXEC) = 3</sys/devices/system/cpu/online>
248545 openat(AT_FDCWD</home/visitor/Documents/depthanything_u250_host_graph_r74_cpp_frame_graph_boundary>, "/sys/devices/system/cpu/online", O_RDONLY|O_CLOEXEC) = 3</sys/devices/system/cpu/online>
248545 openat(AT_FDCWD</home/visitor/Documents/depthanything_u250_host_graph_r74_cpp_frame_graph_boundary>, "/sys/devices/system/cpu/online", O_RDONLY|O_CLOEXEC) = 3</sys/devices/system/cpu/online>
248545 openat(AT_FDCWD</home/visitor/Documents/depthanything_u250_host_graph_r74_cpp_frame_graph_boundary>, "/sys/devices/system/cpu/online", O_RDONLY|O_CLOEXEC) = 3</sys/devices/system/cpu/online>
248545 openat(AT_FDCWD</home/visitor/Documents/depthanything_u250_host_graph_r74_cpp_frame_graph_boundary>, "/sys/devices/system/cpu/online", O_RDONLY|O_CLOEXEC) = 3</sys/devices/system/cpu/online>
248545 openat(AT_FDCWD</home/visitor/Documents/depthanything_u250_host_graph_r74_cpp_frame_graph_boundary>, "/sys/devices/system/cpu/online", O_RDONLY|O_CLOEXEC) = 3</sys/devices/system/cpu/online>
248545 openat(AT_FDCWD</home/visitor/Documents/depthanything_u250_host_graph_r74_cpp_frame_graph_boundary>, "/sys/devices/system/cpu/online", O_RDONLY|O_CLOEXEC) = 3</sys/devices/system/cpu/online>
248545 openat(AT_FDCWD</home/visitor/Documents/depthanything_u250_host_graph_r74_cpp_frame_graph_boundary>, "/sys/devices/system/cpu/online", O_RDONLY|O_CLOEXEC) = 3</sys/devices/system/cpu/online>
248545 openat(AT_FDCWD</home/visitor/Documents/depthanything_u250_host_graph_r74_cpp_frame_graph_boundary>, "/sys/devices/system/cpu/online", O_RDONLY|O_CLOEXEC) = 3</sys/devices/system/cpu/online>
248545 openat(AT_FDCWD</home/visitor/Documents/depthanything_u250_host_graph_r74_cpp_frame_graph_boundary>, "/sys/devices/system/cpu/online", O_RDONLY|O_CLOEXEC) = 3</sys/devices/system/cpu/online>
248545 openat(AT_FDCWD</home/visitor/Documents/depthanything_u250_host_graph_r74_cpp_frame_graph_boundary>, "/sys/devices/system/cpu/online", O_RDONLY|O_CLOEXEC) = 3</sys/devices/system/cpu/online>
248545 openat(AT_FDCWD</home/visitor/Documents/depthanything_u250_host_graph_r74_cpp_frame_graph_boundary>, "/sys/devices/system/cpu/online", O_RDONLY|O_CLOEXEC) = 3</sys/devices/system/cpu/online>
248545 openat(AT_FDCWD</home/visitor/Documents/depthanything_u250_host_graph_r74_cpp_frame_graph_boundary>, "/sys/devices/system/cpu/online", O_RDONLY|O_CLOEXEC) = 3</sys/devices/system/cpu/online>
248545 openat(AT_FDCWD</home/visitor/Documents/depthanything_u250_host_graph_r74_cpp_frame_graph_boundary>, "/sys/devices/system/cpu/online", O_RDONLY|O_CLOEXEC) = 3</sys/devices/system/cpu/online>
248545 openat(AT_FDCWD</home/visitor/Documents/depthanything_u250_host_graph_r74_cpp_frame_graph_boundary>, "/sys/devices/system/cpu/online", O_RDONLY|O_CLOEXEC) = 3</sys/devices/system/cpu/online>
248545 openat(AT_FDCWD</home/visitor/Documents/depthanything_u250_host_graph_r74_cpp_frame_graph_boundary>, "/sys/devices/system/cpu/online", O_RDONLY|O_CLOEXEC) = 3</sys/devices/system/cpu/online>
248545 openat(AT_FDCWD</home/visitor/Documents/depthanything_u250_host_graph_r74_cpp_frame_graph_boundary>, "/sys/devices/system/cpu/online", O_RDONLY|O_CLOEXEC) = 3</sys/devices/system/cpu/online>
248545 openat(AT_FDCWD</home/visitor/Documents/depthanything_u250_host_graph_r74_cpp_frame_graph_boundary>, "/sys/devices/system/cpu/online", O_RDONLY|O_CLOEXEC) = 3</sys/devices/system/cpu/online>
248545 openat(AT_FDCWD</home/visitor/Documents/depthanything_u250_host_graph_r74_cpp_frame_graph_boundary>, "/sys/devices/system/cpu/online", O_RDONLY|O_CLOEXEC) = 3</sys/devices/system/cpu/online>
248545 openat(AT_FDCWD</home/visitor/Documents/depthanything_u250_host_graph_r74_cpp_frame_graph_boundary>, "/sys/devices/system/cpu/online", O_RDONLY|O_CLOEXEC) = 3</sys/devices/system/cpu/online>
248545 openat(AT_FDCWD</home/visitor/Documents/depthanything_u250_host_graph_r74_cpp_frame_graph_boundary>, "/sys/devices/system/cpu/online", O_RDONLY|O_CLOEXEC) = 3</sys/devices/system/cpu/online>
248545 openat(AT_FDCWD</home/visitor/Documents/depthanything_u250_host_graph_r74_cpp_frame_graph_boundary>, "/sys/devices/system/cpu/online", O_RDONLY|O_CLOEXEC) = 3</sys/devices/system/cpu/online>
248545 openat(AT_FDCWD</home/visitor/Documents/depthanything_u250_host_graph_r74_cpp_frame_graph_boundary>, "/sys/devices/system/cpu/online", O_RDONLY|O_CLOEXEC) = 3</sys/devices/system/cpu/online>
248545 openat(AT_FDCWD</home/visitor/Documents/depthanything_u250_host_graph_r74_cpp_frame_graph_boundary>, "/sys/devices/system/cpu/online", O_RDONLY|O_CLOEXEC) = 3</sys/devices/system/cpu/online>
248545 openat(AT_FDCWD</home/visitor/Documents/depthanything_u250_host_graph_r74_cpp_frame_graph_boundary>, "/sys/devices/system/cpu/online", O_RDONLY|O_CLOEXEC) = 3</sys/devices/system/cpu/online>
248545 openat(AT_FDCWD</home/visitor/Documents/depthanything_u250_host_graph_r74_cpp_frame_graph_boundary>, "/sys/devices/system/cpu/online", O_RDONLY|O_CLOEXEC) = 3</sys/devices/system/cpu/online>
248545 openat(AT_FDCWD</home/visitor/Documents/depthanything_u250_host_graph_r74_cpp_frame_graph_boundary>, "/sys/devices/system/cpu/online", O_RDONLY|O_CLOEXEC) = 3</sys/devices/system/cpu/online>
248545 openat(AT_FDCWD</home/visitor/Documents/depthanything_u250_host_graph_r74_cpp_frame_graph_boundary>, "/sys/devices/system/cpu/online", O_RDONLY|O_CLOEXEC) = 3</sys/devices/system/cpu/online>
248545 openat(AT_FDCWD</home/visitor/Documents/depthanything_u250_host_graph_r74_cpp_frame_graph_boundary>, "/sys/devices/system/cpu/online", O_RDONLY|O_CLOEXEC) = 3</sys/devices/system/cpu/online>
248545 openat(AT_FDCWD</home/visitor/Documents/depthanything_u250_host_graph_r74_cpp_frame_graph_boundary>, "/sys/devices/system/cpu/online", O_RDONLY|O_CLOEXEC) = 3</sys/devices/system/cpu/online>
248545 openat(AT_FDCWD</home/visitor/Documents/depthanything_u250_host_graph_r74_cpp_frame_graph_boundary>, "/sys/devices/system/cpu/online", O_RDONLY|O_CLOEXEC) = 3</sys/devices/system/cpu/online>
248545 openat(AT_FDCWD</home/visitor/Documents/depthanything_u250_host_graph_r74_cpp_frame_graph_boundary>, "/sys/devices/system/cpu/online", O_RDONLY|O_CLOEXEC) = 3</sys/devices/system/cpu/online>
248545 openat(AT_FDCWD</home/visitor/Documents/depthanything_u250_host_graph_r74_cpp_frame_graph_boundary>, "/sys/devices/system/cpu/online", O_RDONLY|O_CLOEXEC) = 3</sys/devices/system/cpu/online>
248545 openat(AT_FDCWD</home/visitor/Documents/depthanything_u250_host_graph_r74_cpp_frame_graph_boundary>, "/sys/devices/system/cpu/online", O_RDONLY|O_CLOEXEC) = 3</sys/devices/system/cpu/online>
248545 openat(AT_FDCWD</home/visitor/Documents/depthanything_u250_host_graph_r74_cpp_frame_graph_boundary>, "/sys/devices/system/cpu/online", O_RDONLY|O_CLOEXEC) = 3</sys/devices/system/cpu/online>
248545 openat(AT_FDCWD</home/visitor/Documents/depthanything_u250_host_graph_r74_cpp_frame_graph_boundary>, "/sys/devices/system/cpu/online", O_RDONLY|O_CLOEXEC) = 3</sys/devices/system/cpu/online>
248545 openat(AT_FDCWD</home/visitor/Documents/depthanything_u250_host_graph_r74_cpp_frame_graph_boundary>, "/sys/devices/system/cpu/online", O_RDONLY|O_CLOEXEC) = 3</sys/devices/system/cpu/online>
248545 openat(AT_FDCWD</home/visitor/Documents/depthanything_u250_host_graph_r74_cpp_frame_graph_boundary>, "/sys/devices/system/cpu/online", O_RDONLY|O_CLOEXEC) = 3</sys/devices/system/cpu/online>
248545 openat(AT_FDCWD</home/visitor/Documents/depthanything_u250_host_graph_r74_cpp_frame_graph_boundary>, "/sys/devices/system/cpu/online", O_RDONLY|O_CLOEXEC) = 3</sys/devices/system/cpu/online>
248545 openat(AT_FDCWD</home/visitor/Documents/depthanything_u250_host_graph_r74_cpp_frame_graph_boundary>, "/sys/devices/system/cpu/online", O_RDONLY|O_CLOEXEC) = 3</sys/devices/system/cpu/online>
248545 openat(AT_FDCWD</home/visitor/Documents/depthanything_u250_host_graph_r74_cpp_frame_graph_boundary>, "/sys/devices/system/cpu/online", O_RDONLY|O_CLOEXEC) = 3</sys/devices/system/cpu/online>
248545 openat(AT_FDCWD</home/visitor/Documents/depthanything_u250_host_graph_r74_cpp_frame_graph_boundary>, "/sys/devices/system/cpu/online", O_RDONLY|O_CLOEXEC) = 3</sys/devices/system/cpu/online>
248545 openat(AT_FDCWD</home/visitor/Documents/depthanything_u250_host_graph_r74_cpp_frame_graph_boundary>, "/sys/devices/system/cpu/online", O_RDONLY|O_CLOEXEC) = 3</sys/devices/system/cpu/online>
248545 openat(AT_FDCWD</home/visitor/Documents/depthanything_u250_host_graph_r74_cpp_frame_graph_boundary>, "/sys/devices/system/cpu/online", O_RDONLY|O_CLOEXEC) = 3</sys/devices/system/cpu/online>
248545 openat(AT_FDCWD</home/visitor/Documents/depthanything_u250_host_graph_r74_cpp_frame_graph_boundary>, "/sys/devices/system/cpu/online", O_RDONLY|O_CLOEXEC) = 3</sys/devices/system/cpu/online>
248545 openat(AT_FDCWD</home/visitor/Documents/depthanything_u250_host_graph_r74_cpp_frame_graph_boundary>, "/sys/devices/system/cpu/online", O_RDONLY|O_CLOEXEC) = 3</sys/devices/system/cpu/online>
248545 openat(AT_FDCWD</home/visitor/Documents/depthanything_u250_host_graph_r74_cpp_frame_graph_boundary>, "/sys/devices/system/cpu/online", O_RDONLY|O_CLOEXEC) = 3</sys/devices/system/cpu/online>
248545 openat(AT_FDCWD</home/visitor/Documents/depthanything_u250_host_graph_r74_cpp_frame_graph_boundary>, "/sys/devices/system/cpu/online", O_RDONLY|O_CLOEXEC) = 3</sys/devices/system/cpu/online>
248545 openat(AT_FDCWD</home/visitor/Documents/depthanything_u250_host_graph_r74_cpp_frame_graph_boundary>, "/sys/devices/system/cpu/online", O_RDONLY|O_CLOEXEC) = 3</sys/devices/system/cpu/online>
248545 openat(AT_FDCWD</home/visitor/Documents/depthanything_u250_host_graph_r74_cpp_frame_graph_boundary>, "/sys/devices/system/cpu/online", O_RDONLY|O_CLOEXEC) = 3</sys/devices/system/cpu/online>
248545 openat(AT_FDCWD</home/visitor/Documents/depthanything_u250_host_graph_r74_cpp_frame_graph_boundary>, "/sys/devices/system/cpu/online", O_RDONLY|O_CLOEXEC) = 3</sys/devices/system/cpu/online>
248545 openat(AT_FDCWD</home/visitor/Documents/depthanything_u250_host_graph_r74_cpp_frame_graph_boundary>, "/sys/devices/system/cpu/online", O_RDONLY|O_CLOEXEC) = 3</sys/devices/system/cpu/online>
248545 openat(AT_FDCWD</home/visitor/Documents/depthanything_u250_host_graph_r74_cpp_frame_graph_boundary>, "/sys/devices/system/cpu/online", O_RDONLY|O_CLOEXEC) = 3</sys/devices/system/cpu/online>
248545 openat(AT_FDCWD</home/visitor/Documents/depthanything_u250_host_graph_r74_cpp_frame_graph_boundary>, "/sys/devices/system/cpu/online", O_RDONLY|O_CLOEXEC) = 3</sys/devices/system/cpu/online>
248545 openat(AT_FDCWD</home/visitor/Documents/depthanything_u250_host_graph_r74_cpp_frame_graph_boundary>, "/sys/devices/system/cpu/online", O_RDONLY|O_CLOEXEC) = 3</sys/devices/system/cpu/online>
248545 openat(AT_FDCWD</home/visitor/Documents/depthanything_u250_host_graph_r74_cpp_frame_graph_boundary>, "/sys/devices/system/cpu/online", O_RDONLY|O_CLOEXEC) = 3</sys/devices/system/cpu/online>
248545 openat(AT_FDCWD</home/visitor/Documents/depthanything_u250_host_graph_r74_cpp_frame_graph_boundary>, "/sys/devices/system/cpu/online", O_RDONLY|O_CLOEXEC) = 3</sys/devices/system/cpu/online>
248545 openat(AT_FDCWD</home/visitor/Documents/depthanything_u250_host_graph_r74_cpp_frame_graph_boundary>, "/sys/devices/system/cpu/online", O_RDONLY|O_CLOEXEC) = 3</sys/devices/system/cpu/online>
248545 openat(AT_FDCWD</home/visitor/Documents/depthanything_u250_host_graph_r74_cpp_frame_graph_boundary>, "/sys/devices/system/cpu/online", O_RDONLY|O_CLOEXEC) = 3</sys/devices/system/cpu/online>
248545 openat(AT_FDCWD</home/visitor/Documents/depthanything_u250_host_graph_r74_cpp_frame_graph_boundary>, "/sys/devices/system/cpu/online", O_RDONLY|O_CLOEXEC) = 3</sys/devices/system/cpu/online>
248545 openat(AT_FDCWD</home/visitor/Documents/depthanything_u250_host_graph_r74_cpp_frame_graph_boundary>, "/sys/devices/system/cpu/online", O_RDONLY|O_CLOEXEC) = 3</sys/devices/system/cpu/online>
248545 openat(AT_FDCWD</home/visitor/Documents/depthanything_u250_host_graph_r74_cpp_frame_graph_boundary>, "/sys/devices/system/cpu/online", O_RDONLY|O_CLOEXEC) = 3</sys/devices/system/cpu/online>
248545 openat(AT_FDCWD</home/visitor/Documents/depthanything_u250_host_graph_r74_cpp_frame_graph_boundary>, "/sys/devices/system/cpu/online", O_RDONLY|O_CLOEXEC) = 3</sys/devices/system/cpu/online>
248545 openat(AT_FDCWD</home/visitor/Documents/depthanything_u250_host_graph_r74_cpp_frame_graph_boundary>, "/sys/devices/system/cpu/online", O_RDONLY|O_CLOEXEC) = 3</sys/devices/system/cpu/online>
248545 openat(AT_FDCWD</home/visitor/Documents/depthanything_u250_host_graph_r74_cpp_frame_graph_boundary>, "/sys/devices/system/cpu/online", O_RDONLY|O_CLOEXEC) = 3</sys/devices/system/cpu/online>
248545 openat(AT_FDCWD</home/visitor/Documents/depthanything_u250_host_graph_r74_cpp_frame_graph_boundary>, "/sys/devices/system/cpu/online", O_RDONLY|O_CLOEXEC) = 3</sys/devices/system/cpu/online>
248545 openat(AT_FDCWD</home/visitor/Documents/depthanything_u250_host_graph_r74_cpp_frame_graph_boundary>, "/sys/devices/system/cpu/online", O_RDONLY|O_CLOEXEC) = 3</sys/devices/system/cpu/online>
248545 openat(AT_FDCWD</home/visitor/Documents/depthanything_u250_host_graph_r74_cpp_frame_graph_boundary>, "/sys/devices/system/cpu/online", O_RDONLY|O_CLOEXEC) = 3</sys/devices/system/cpu/online>
248545 openat(AT_FDCWD</home/visitor/Documents/depthanything_u250_host_graph_r74_cpp_frame_graph_boundary>, "/sys/devices/system/cpu/online", O_RDONLY|O_CLOEXEC) = 3</sys/devices/system/cpu/online>
248545 openat(AT_FDCWD</home/visitor/Documents/depthanything_u250_host_graph_r74_cpp_frame_graph_boundary>, "/sys/devices/system/cpu/online", O_RDONLY|O_CLOEXEC) = 3</sys/devices/system/cpu/online>
248545 openat(AT_FDCWD</home/visitor/Documents/depthanything_u250_host_graph_r74_cpp_frame_graph_boundary>, "/sys/devices/system/cpu/online", O_RDONLY|O_CLOEXEC) = 3</sys/devices/system/cpu/online>
248545 openat(AT_FDCWD</home/visitor/Documents/depthanything_u250_host_graph_r74_cpp_frame_graph_boundary>, "/sys/devices/system/cpu/online", O_RDONLY|O_CLOEXEC) = 3</sys/devices/system/cpu/online>
248545 openat(AT_FDCWD</home/visitor/Documents/depthanything_u250_host_graph_r74_cpp_frame_graph_boundary>, "/sys/devices/system/cpu/online", O_RDONLY|O_CLOEXEC) = 3</sys/devices/system/cpu/online>
248545 openat(AT_FDCWD</home/visitor/Documents/depthanything_u250_host_graph_r74_cpp_frame_graph_boundary>, "/sys/devices/system/cpu/online", O_RDONLY|O_CLOEXEC) = 3</sys/devices/system/cpu/online>
248545 openat(AT_FDCWD</home/visitor/Documents/depthanything_u250_host_graph_r74_cpp_frame_graph_boundary>, "/sys/devices/system/cpu/online", O_RDONLY|O_CLOEXEC) = 3</sys/devices/system/cpu/online>
248545 openat(AT_FDCWD</home/visitor/Documents/depthanything_u250_host_graph_r74_cpp_frame_graph_boundary>, "/sys/devices/system/cpu/online", O_RDONLY|O_CLOEXEC) = 3</sys/devices/system/cpu/online>
248545 openat(AT_FDCWD</home/visitor/Documents/depthanything_u250_host_graph_r74_cpp_frame_graph_boundary>, "/sys/devices/system/cpu/online", O_RDONLY|O_CLOEXEC) = 3</sys/devices/system/cpu/online>
248545 openat(AT_FDCWD</home/visitor/Documents/depthanything_u250_host_graph_r74_cpp_frame_graph_boundary>, "/sys/devices/system/cpu/online", O_RDONLY|O_CLOEXEC) = 3</sys/devices/system/cpu/online>
248545 openat(AT_FDCWD</home/visitor/Documents/depthanything_u250_host_graph_r74_cpp_frame_graph_boundary>, "/sys/devices/system/cpu/online", O_RDONLY|O_CLOEXEC) = 3</sys/devices/system/cpu/online>
248545 openat(AT_FDCWD</home/visitor/Documents/depthanything_u250_host_graph_r74_cpp_frame_graph_boundary>, "/sys/devices/system/cpu/online", O_RDONLY|O_CLOEXEC) = 3</sys/devices/system/cpu/online>
248545 openat(AT_FDCWD</home/visitor/Documents/depthanything_u250_host_graph_r74_cpp_frame_graph_boundary>, "/sys/devices/system/cpu/online", O_RDONLY|O_CLOEXEC) = 3</sys/devices/system/cpu/online>
248545 openat(AT_FDCWD</home/visitor/Documents/depthanything_u250_host_graph_r74_cpp_frame_graph_boundary>, "/sys/devices/system/cpu/online", O_RDONLY|O_CLOEXEC) = 3</sys/devices/system/cpu/online>
248545 openat(AT_FDCWD</home/visitor/Documents/depthanything_u250_host_graph_r74_cpp_frame_graph_boundary>, "/sys/devices/system/cpu/online", O_RDONLY|O_CLOEXEC) = 3</sys/devices/system/cpu/online>
248545 openat(AT_FDCWD</home/visitor/Documents/depthanything_u250_host_graph_r74_cpp_frame_graph_boundary>, "/sys/devices/system/cpu/online", O_RDONLY|O_CLOEXEC) = 3</sys/devices/system/cpu/online>
248545 openat(AT_FDCWD</home/visitor/Documents/depthanything_u250_host_graph_r74_cpp_frame_graph_boundary>, "/sys/devices/system/cpu/online", O_RDONLY|O_CLOEXEC) = 3</sys/devices/system/cpu/online>
248545 openat(AT_FDCWD</home/visitor/Documents/depthanything_u250_host_graph_r74_cpp_frame_graph_boundary>, "/sys/devices/system/cpu/online", O_RDONLY|O_CLOEXEC) = 3</sys/devices/system/cpu/online>
248545 openat(AT_FDCWD</home/visitor/Documents/depthanything_u250_host_graph_r74_cpp_frame_graph_boundary>, "/sys/devices/system/cpu/online", O_RDONLY|O_CLOEXEC) = 3</sys/devices/system/cpu/online>
248545 openat(AT_FDCWD</home/visitor/Documents/depthanything_u250_host_graph_r74_cpp_frame_graph_boundary>, "/sys/devices/system/cpu/online", O_RDONLY|O_CLOEXEC) = 3</sys/devices/system/cpu/online>
248545 openat(AT_FDCWD</home/visitor/Documents/depthanything_u250_host_graph_r74_cpp_frame_graph_boundary>, "/sys/devices/system/cpu/online", O_RDONLY|O_CLOEXEC) = 3</sys/devices/system/cpu/online>
248545 openat(AT_FDCWD</home/visitor/Documents/depthanything_u250_host_graph_r74_cpp_frame_graph_boundary>, "/sys/devices/system/cpu/online", O_RDONLY|O_CLOEXEC) = 3</sys/devices/system/cpu/online>
248545 openat(AT_FDCWD</home/visitor/Documents/depthanything_u250_host_graph_r74_cpp_frame_graph_boundary>, "/sys/devices/system/cpu/online", O_RDONLY|O_CLOEXEC) = 3</sys/devices/system/cpu/online>
248545 openat(AT_FDCWD</home/visitor/Documents/depthanything_u250_host_graph_r74_cpp_frame_graph_boundary>, "/sys/devices/system/cpu/online", O_RDONLY|O_CLOEXEC) = 3</sys/devices/system/cpu/online>
248545 openat(AT_FDCWD</home/visitor/Documents/depthanything_u250_host_graph_r74_cpp_frame_graph_boundary>, "/sys/devices/system/cpu/online", O_RDONLY|O_CLOEXEC) = 3</sys/devices/system/cpu/online>
248545 openat(AT_FDCWD</home/visitor/Documents/depthanything_u250_host_graph_r74_cpp_frame_graph_boundary>, "/sys/devices/system/cpu/online", O_RDONLY|O_CLOEXEC) = 3</sys/devices/system/cpu/online>
248545 openat(AT_FDCWD</home/visitor/Documents/depthanything_u250_host_graph_r74_cpp_frame_graph_boundary>, "/sys/devices/system/cpu/online", O_RDONLY|O_CLOEXEC) = 3</sys/devices/system/cpu/online>
248545 openat(AT_FDCWD</home/visitor/Documents/depthanything_u250_host_graph_r74_cpp_frame_graph_boundary>, "/sys/devices/system/cpu/online", O_RDONLY|O_CLOEXEC) = 3</sys/devices/system/cpu/online>
248545 openat(AT_FDCWD</home/visitor/Documents/depthanything_u250_host_graph_r74_cpp_frame_graph_boundary>, "/sys/devices/system/cpu/online", O_RDONLY|O_CLOEXEC) = 3</sys/devices/system/cpu/online>
248545 openat(AT_FDCWD</home/visitor/Documents/depthanything_u250_host_graph_r74_cpp_frame_graph_boundary>, "/sys/devices/system/cpu/online", O_RDONLY|O_CLOEXEC) = 3</sys/devices/system/cpu/online>
248545 openat(AT_FDCWD</home/visitor/Documents/depthanything_u250_host_graph_r74_cpp_frame_graph_boundary>, "/sys/devices/system/cpu/online", O_RDONLY|O_CLOEXEC) = 3</sys/devices/system/cpu/online>
248545 openat(AT_FDCWD</home/visitor/Documents/depthanything_u250_host_graph_r74_cpp_frame_graph_boundary>, "/sys/devices/system/cpu/online", O_RDONLY|O_CLOEXEC) = 3</sys/devices/system/cpu/online>
248545 openat(AT_FDCWD</home/visitor/Documents/depthanything_u250_host_graph_r74_cpp_frame_graph_boundary>, "/sys/devices/system/cpu/online", O_RDONLY|O_CLOEXEC) = 3</sys/devices/system/cpu/online>
248545 openat(AT_FDCWD</home/visitor/Documents/depthanything_u250_host_graph_r74_cpp_frame_graph_boundary>, "/sys/devices/system/cpu/online", O_RDONLY|O_CLOEXEC) = 3</sys/devices/system/cpu/online>
248545 openat(AT_FDCWD</home/visitor/Documents/depthanything_u250_host_graph_r74_cpp_frame_graph_boundary>, "/sys/devices/system/cpu/online", O_RDONLY|O_CLOEXEC) = 3</sys/devices/system/cpu/online>
248545 openat(AT_FDCWD</home/visitor/Documents/depthanything_u250_host_graph_r74_cpp_frame_graph_boundary>, "/sys/devices/system/cpu/online", O_RDONLY|O_CLOEXEC) = 3</sys/devices/system/cpu/online>
248545 openat(AT_FDCWD</home/visitor/Documents/depthanything_u250_host_graph_r74_cpp_frame_graph_boundary>, "/sys/devices/system/cpu/online", O_RDONLY|O_CLOEXEC) = 3</sys/devices/system/cpu/online>
248545 openat(AT_FDCWD</home/visitor/Documents/depthanything_u250_host_graph_r74_cpp_frame_graph_boundary>, "/sys/devices/system/cpu/online", O_RDONLY|O_CLOEXEC) = 3</sys/devices/system/cpu/online>
248545 openat(AT_FDCWD</home/visitor/Documents/depthanything_u250_host_graph_r74_cpp_frame_graph_boundary>, "/sys/devices/system/cpu/online", O_RDONLY|O_CLOEXEC) = 3</sys/devices/system/cpu/online>
248545 openat(AT_FDCWD</home/visitor/Documents/depthanything_u250_host_graph_r74_cpp_frame_graph_boundary>, "/sys/devices/system/cpu/online", O_RDONLY|O_CLOEXEC) = 3</sys/devices/system/cpu/online>
248545 openat(AT_FDCWD</home/visitor/Documents/depthanything_u250_host_graph_r74_cpp_frame_graph_boundary>, "/sys/devices/system/cpu/online", O_RDONLY|O_CLOEXEC) = 3</sys/devices/system/cpu/online>
248545 openat(AT_FDCWD</home/visitor/Documents/depthanything_u250_host_graph_r74_cpp_frame_graph_boundary>, "/sys/devices/system/cpu/online", O_RDONLY|O_CLOEXEC) = 3</sys/devices/system/cpu/online>
248545 openat(AT_FDCWD</home/visitor/Documents/depthanything_u250_host_graph_r74_cpp_frame_graph_boundary>, "/sys/devices/system/cpu/online", O_RDONLY|O_CLOEXEC) = 3</sys/devices/system/cpu/online>
248545 openat(AT_FDCWD</home/visitor/Documents/depthanything_u250_host_graph_r74_cpp_frame_graph_boundary>, "/sys/devices/system/cpu/online", O_RDONLY|O_CLOEXEC) = 3</sys/devices/system/cpu/online>
248545 openat(AT_FDCWD</home/visitor/Documents/depthanything_u250_host_graph_r74_cpp_frame_graph_boundary>, "/sys/devices/system/cpu/online", O_RDONLY|O_CLOEXEC) = 3</sys/devices/system/cpu/online>
248545 openat(AT_FDCWD</home/visitor/Documents/depthanything_u250_host_graph_r74_cpp_frame_graph_boundary>, "/sys/devices/system/cpu/online", O_RDONLY|O_CLOEXEC) = 3</sys/devices/system/cpu/online>
248545 openat(AT_FDCWD</home/visitor/Documents/depthanything_u250_host_graph_r74_cpp_frame_graph_boundary>, "/sys/devices/system/cpu/online", O_RDONLY|O_CLOEXEC) = 3</sys/devices/system/cpu/online>
248545 openat(AT_FDCWD</home/visitor/Documents/depthanything_u250_host_graph_r74_cpp_frame_graph_boundary>, "/sys/devices/system/cpu/online", O_RDONLY|O_CLOEXEC) = 3</sys/devices/system/cpu/online>
248545 openat(AT_FDCWD</home/visitor/Documents/depthanything_u250_host_graph_r74_cpp_frame_graph_boundary>, "/sys/devices/system/cpu/online", O_RDONLY|O_CLOEXEC) = 3</sys/devices/system/cpu/online>
248545 openat(AT_FDCWD</home/visitor/Documents/depthanything_u250_host_graph_r74_cpp_frame_graph_boundary>, "/sys/devices/system/cpu/online", O_RDONLY|O_CLOEXEC) = 3</sys/devices/system/cpu/online>
248545 openat(AT_FDCWD</home/visitor/Documents/depthanything_u250_host_graph_r74_cpp_frame_graph_boundary>, "/sys/devices/system/cpu/online", O_RDONLY|O_CLOEXEC) = 3</sys/devices/system/cpu/online>
248545 openat(AT_FDCWD</home/visitor/Documents/depthanything_u250_host_graph_r74_cpp_frame_graph_boundary>, "/sys/devices/system/cpu/online", O_RDONLY|O_CLOEXEC) = 3</sys/devices/system/cpu/online>
248545 openat(AT_FDCWD</home/visitor/Documents/depthanything_u250_host_graph_r74_cpp_frame_graph_boundary>, "/sys/devices/system/cpu/online", O_RDONLY|O_CLOEXEC) = 3</sys/devices/system/cpu/online>
248545 openat(AT_FDCWD</home/visitor/Documents/depthanything_u250_host_graph_r74_cpp_frame_graph_boundary>, "/sys/devices/system/cpu/online", O_RDONLY|O_CLOEXEC) = 3</sys/devices/system/cpu/online>
248545 openat(AT_FDCWD</home/visitor/Documents/depthanything_u250_host_graph_r74_cpp_frame_graph_boundary>, "/sys/devices/system/cpu/online", O_RDONLY|O_CLOEXEC) = 3</sys/devices/system/cpu/online>
248545 openat(AT_FDCWD</home/visitor/Documents/depthanything_u250_host_graph_r74_cpp_frame_graph_boundary>, "/sys/devices/system/cpu/online", O_RDONLY|O_CLOEXEC) = 3</sys/devices/system/cpu/online>
248545 openat(AT_FDCWD</home/visitor/Documents/depthanything_u250_host_graph_r74_cpp_frame_graph_boundary>, "/sys/devices/system/cpu/online", O_RDONLY|O_CLOEXEC) = 3</sys/devices/system/cpu/online>
248545 openat(AT_FDCWD</home/visitor/Documents/depthanything_u250_host_graph_r74_cpp_frame_graph_boundary>, "/sys/devices/system/cpu/online", O_RDONLY|O_CLOEXEC) = 3</sys/devices/system/cpu/online>
248545 openat(AT_FDCWD</home/visitor/Documents/depthanything_u250_host_graph_r74_cpp_frame_graph_boundary>, "/sys/devices/system/cpu/online", O_RDONLY|O_CLOEXEC) = 3</sys/devices/system/cpu/online>
248545 openat(AT_FDCWD</home/visitor/Documents/depthanything_u250_host_graph_r74_cpp_frame_graph_boundary>, "/sys/devices/system/cpu/online", O_RDONLY|O_CLOEXEC) = 3</sys/devices/system/cpu/online>
248545 openat(AT_FDCWD</home/visitor/Documents/depthanything_u250_host_graph_r74_cpp_frame_graph_boundary>, "/sys/devices/system/cpu/online", O_RDONLY|O_CLOEXEC) = 3</sys/devices/system/cpu/online>
248545 openat(AT_FDCWD</home/visitor/Documents/depthanything_u250_host_graph_r74_cpp_frame_graph_boundary>, "/sys/devices/system/cpu/online", O_RDONLY|O_CLOEXEC) = 3</sys/devices/system/cpu/online>
248545 openat(AT_FDCWD</home/visitor/Documents/depthanything_u250_host_graph_r74_cpp_frame_graph_boundary>, "/sys/devices/system/cpu/online", O_RDONLY|O_CLOEXEC) = 3</sys/devices/system/cpu/online>
248545 openat(AT_FDCWD</home/visitor/Documents/depthanything_u250_host_graph_r74_cpp_frame_graph_boundary>, "/sys/devices/system/cpu/online", O_RDONLY|O_CLOEXEC) = 3</sys/devices/system/cpu/online>
248545 openat(AT_FDCWD</home/visitor/Documents/depthanything_u250_host_graph_r74_cpp_frame_graph_boundary>, "/sys/devices/system/cpu/online", O_RDONLY|O_CLOEXEC) = 3</sys/devices/system/cpu/online>
248545 openat(AT_FDCWD</home/visitor/Documents/depthanything_u250_host_graph_r74_cpp_frame_graph_boundary>, "/sys/devices/system/cpu/online", O_RDONLY|O_CLOEXEC) = 3</sys/devices/system/cpu/online>
248545 openat(AT_FDCWD</home/visitor/Documents/depthanything_u250_host_graph_r74_cpp_frame_graph_boundary>, "/sys/devices/system/cpu/online", O_RDONLY|O_CLOEXEC) = 3</sys/devices/system/cpu/online>
248545 openat(AT_FDCWD</home/visitor/Documents/depthanything_u250_host_graph_r74_cpp_frame_graph_boundary>, "/sys/devices/system/cpu/online", O_RDONLY|O_CLOEXEC) = 3</sys/devices/system/cpu/online>
248545 openat(AT_FDCWD</home/visitor/Documents/depthanything_u250_host_graph_r74_cpp_frame_graph_boundary>, "/sys/devices/system/cpu/online", O_RDONLY|O_CLOEXEC) = 3</sys/devices/system/cpu/online>
248545 openat(AT_FDCWD</home/visitor/Documents/depthanything_u250_host_graph_r74_cpp_frame_graph_boundary>, "/sys/devices/system/cpu/online", O_RDONLY|O_CLOEXEC) = 3</sys/devices/system/cpu/online>
248545 openat(AT_FDCWD</home/visitor/Documents/depthanything_u250_host_graph_r74_cpp_frame_graph_boundary>, "/sys/devices/system/cpu/online", O_RDONLY|O_CLOEXEC) = 3</sys/devices/system/cpu/online>
248545 openat(AT_FDCWD</home/visitor/Documents/depthanything_u250_host_graph_r74_cpp_frame_graph_boundary>, "/sys/devices/system/cpu/online", O_RDONLY|O_CLOEXEC) = 3</sys/devices/system/cpu/online>
248545 openat(AT_FDCWD</home/visitor/Documents/depthanything_u250_host_graph_r74_cpp_frame_graph_boundary>, "/sys/devices/system/cpu/online", O_RDONLY|O_CLOEXEC) = 3</sys/devices/system/cpu/online>
248545 openat(AT_FDCWD</home/visitor/Documents/depthanything_u250_host_graph_r74_cpp_frame_graph_boundary>, "/sys/devices/system/cpu/online", O_RDONLY|O_CLOEXEC) = 3</sys/devices/system/cpu/online>
248545 openat(AT_FDCWD</home/visitor/Documents/depthanything_u250_host_graph_r74_cpp_frame_graph_boundary>, "/sys/devices/system/cpu/online", O_RDONLY|O_CLOEXEC) = 3</sys/devices/system/cpu/online>
248545 openat(AT_FDCWD</home/visitor/Documents/depthanything_u250_host_graph_r74_cpp_frame_graph_boundary>, "/sys/devices/system/cpu/online", O_RDONLY|O_CLOEXEC) = 3</sys/devices/system/cpu/online>
248545 openat(AT_FDCWD</home/visitor/Documents/depthanything_u250_host_graph_r74_cpp_frame_graph_boundary>, "/sys/devices/system/cpu/online", O_RDONLY|O_CLOEXEC) = 3</sys/devices/system/cpu/online>
248545 openat(AT_FDCWD</home/visitor/Documents/depthanything_u250_host_graph_r74_cpp_frame_graph_boundary>, "/sys/devices/system/cpu/online", O_RDONLY|O_CLOEXEC) = 3</sys/devices/system/cpu/online>
248545 openat(AT_FDCWD</home/visitor/Documents/depthanything_u250_host_graph_r74_cpp_frame_graph_boundary>, "/sys/devices/system/cpu/online", O_RDONLY|O_CLOEXEC) = 3</sys/devices/system/cpu/online>
248545 openat(AT_FDCWD</home/visitor/Documents/depthanything_u250_host_graph_r74_cpp_frame_graph_boundary>, "/sys/devices/system/cpu/online", O_RDONLY|O_CLOEXEC) = 3</sys/devices/system/cpu/online>
248545 openat(AT_FDCWD</home/visitor/Documents/depthanything_u250_host_graph_r74_cpp_frame_graph_boundary>, "/sys/devices/system/cpu/online", O_RDONLY|O_CLOEXEC) = 3</sys/devices/system/cpu/online>
248545 openat(AT_FDCWD</home/visitor/Documents/depthanything_u250_host_graph_r74_cpp_frame_graph_boundary>, "/sys/devices/system/cpu/online", O_RDONLY|O_CLOEXEC) = 3</sys/devices/system/cpu/online>
248545 openat(AT_FDCWD</home/visitor/Documents/depthanything_u250_host_graph_r74_cpp_frame_graph_boundary>, "/sys/devices/system/cpu/online", O_RDONLY|O_CLOEXEC) = 3</sys/devices/system/cpu/online>
248545 openat(AT_FDCWD</home/visitor/Documents/depthanything_u250_host_graph_r74_cpp_frame_graph_boundary>, "/sys/devices/system/cpu/online", O_RDONLY|O_CLOEXEC) = 3</sys/devices/system/cpu/online>
248545 openat(AT_FDCWD</home/visitor/Documents/depthanything_u250_host_graph_r74_cpp_frame_graph_boundary>, "/sys/devices/system/cpu/online", O_RDONLY|O_CLOEXEC) = 3</sys/devices/system/cpu/online>
248545 openat(AT_FDCWD</home/visitor/Documents/depthanything_u250_host_graph_r74_cpp_frame_graph_boundary>, "/sys/devices/system/cpu/online", O_RDONLY|O_CLOEXEC) = 3</sys/devices/system/cpu/online>
248545 openat(AT_FDCWD</home/visitor/Documents/depthanything_u250_host_graph_r74_cpp_frame_graph_boundary>, "/sys/devices/system/cpu/online", O_RDONLY|O_CLOEXEC) = 3</sys/devices/system/cpu/online>
248545 openat(AT_FDCWD</home/visitor/Documents/depthanything_u250_host_graph_r74_cpp_frame_graph_boundary>, "/sys/devices/system/cpu/online", O_RDONLY|O_CLOEXEC) = 3</sys/devices/system/cpu/online>
248545 openat(AT_FDCWD</home/visitor/Documents/depthanything_u250_host_graph_r74_cpp_frame_graph_boundary>, "/sys/devices/system/cpu/online", O_RDONLY|O_CLOEXEC) = 3</sys/devices/system/cpu/online>
248545 openat(AT_FDCWD</home/visitor/Documents/depthanything_u250_host_graph_r74_cpp_frame_graph_boundary>, "/sys/devices/system/cpu/online", O_RDONLY|O_CLOEXEC) = 3</sys/devices/system/cpu/online>
248545 openat(AT_FDCWD</home/visitor/Documents/depthanything_u250_host_graph_r74_cpp_frame_graph_boundary>, "/sys/devices/system/cpu/online", O_RDONLY|O_CLOEXEC) = 3</sys/devices/system/cpu/online>
248545 openat(AT_FDCWD</home/visitor/Documents/depthanything_u250_host_graph_r74_cpp_frame_graph_boundary>, "/sys/devices/system/cpu/online", O_RDONLY|O_CLOEXEC) = 3</sys/devices/system/cpu/online>
248545 openat(AT_FDCWD</home/visitor/Documents/depthanything_u250_host_graph_r74_cpp_frame_graph_boundary>, "/sys/devices/system/cpu/online", O_RDONLY|O_CLOEXEC) = 3</sys/devices/system/cpu/online>
248545 openat(AT_FDCWD</home/visitor/Documents/depthanything_u250_host_graph_r74_cpp_frame_graph_boundary>, "/sys/devices/system/cpu/online", O_RDONLY|O_CLOEXEC) = 3</sys/devices/system/cpu/online>
248545 openat(AT_FDCWD</home/visitor/Documents/depthanything_u250_host_graph_r74_cpp_frame_graph_boundary>, "/sys/devices/system/cpu/online", O_RDONLY|O_CLOEXEC) = 3</sys/devices/system/cpu/online>
248545 openat(AT_FDCWD</home/visitor/Documents/depthanything_u250_host_graph_r74_cpp_frame_graph_boundary>, "/sys/devices/system/cpu/online", O_RDONLY|O_CLOEXEC) = 3</sys/devices/system/cpu/online>
248545 openat(AT_FDCWD</home/visitor/Documents/depthanything_u250_host_graph_r74_cpp_frame_graph_boundary>, "/sys/devices/system/cpu/online", O_RDONLY|O_CLOEXEC) = 3</sys/devices/system/cpu/online>
248545 openat(AT_FDCWD</home/visitor/Documents/depthanything_u250_host_graph_r74_cpp_frame_graph_boundary>, "/sys/devices/system/cpu/online", O_RDONLY|O_CLOEXEC) = 3</sys/devices/system/cpu/online>
248545 openat(AT_FDCWD</home/visitor/Documents/depthanything_u250_host_graph_r74_cpp_frame_graph_boundary>, "/sys/devices/system/cpu/online", O_RDONLY|O_CLOEXEC) = 3</sys/devices/system/cpu/online>
248545 openat(AT_FDCWD</home/visitor/Documents/depthanything_u250_host_graph_r74_cpp_frame_graph_boundary>, "/sys/devices/system/cpu/online", O_RDONLY|O_CLOEXEC) = 3</sys/devices/system/cpu/online>
248545 openat(AT_FDCWD</home/visitor/Documents/depthanything_u250_host_graph_r74_cpp_frame_graph_boundary>, "/sys/devices/system/cpu/online", O_RDONLY|O_CLOEXEC) = 3</sys/devices/system/cpu/online>
248545 openat(AT_FDCWD</home/visitor/Documents/depthanything_u250_host_graph_r74_cpp_frame_graph_boundary>, "/sys/devices/system/cpu/online", O_RDONLY|O_CLOEXEC) = 3</sys/devices/system/cpu/online>
248545 openat(AT_FDCWD</home/visitor/Documents/depthanything_u250_host_graph_r74_cpp_frame_graph_boundary>, "/sys/devices/system/cpu/online", O_RDONLY|O_CLOEXEC) = 3</sys/devices/system/cpu/online>
248545 openat(AT_FDCWD</home/visitor/Documents/depthanything_u250_host_graph_r74_cpp_frame_graph_boundary>, "/sys/devices/system/cpu/online", O_RDONLY|O_CLOEXEC) = 3</sys/devices/system/cpu/online>
248545 openat(AT_FDCWD</home/visitor/Documents/depthanything_u250_host_graph_r74_cpp_frame_graph_boundary>, "/sys/devices/system/cpu/online", O_RDONLY|O_CLOEXEC) = 3</sys/devices/system/cpu/online>
248545 openat(AT_FDCWD</home/visitor/Documents/depthanything_u250_host_graph_r74_cpp_frame_graph_boundary>, "/sys/devices/system/cpu/online", O_RDONLY|O_CLOEXEC) = 3</sys/devices/system/cpu/online>
248545 openat(AT_FDCWD</home/visitor/Documents/depthanything_u250_host_graph_r74_cpp_frame_graph_boundary>, "/sys/devices/system/cpu/online", O_RDONLY|O_CLOEXEC) = 3</sys/devices/system/cpu/online>
248545 openat(AT_FDCWD</home/visitor/Documents/depthanything_u250_host_graph_r74_cpp_frame_graph_boundary>, "/sys/devices/system/cpu/online", O_RDONLY|O_CLOEXEC) = 3</sys/devices/system/cpu/online>
248545 openat(AT_FDCWD</home/visitor/Documents/depthanything_u250_host_graph_r74_cpp_frame_graph_boundary>, "/sys/devices/system/cpu/online", O_RDONLY|O_CLOEXEC) = 3</sys/devices/system/cpu/online>
248545 openat(AT_FDCWD</home/visitor/Documents/depthanything_u250_host_graph_r74_cpp_frame_graph_boundary>, "/sys/devices/system/cpu/online", O_RDONLY|O_CLOEXEC) = 3</sys/devices/system/cpu/online>
248545 openat(AT_FDCWD</home/visitor/Documents/depthanything_u250_host_graph_r74_cpp_frame_graph_boundary>, "/sys/devices/system/cpu/online", O_RDONLY|O_CLOEXEC) = 3</sys/devices/system/cpu/online>
248545 openat(AT_FDCWD</home/visitor/Documents/depthanything_u250_host_graph_r74_cpp_frame_graph_boundary>, "/sys/devices/system/cpu/online", O_RDONLY|O_CLOEXEC) = 3</sys/devices/system/cpu/online>
248545 openat(AT_FDCWD</home/visitor/Documents/depthanything_u250_host_graph_r74_cpp_frame_graph_boundary>, "/sys/devices/system/cpu/online", O_RDONLY|O_CLOEXEC) = 3</sys/devices/system/cpu/online>
248545 openat(AT_FDCWD</home/visitor/Documents/depthanything_u250_host_graph_r74_cpp_frame_graph_boundary>, "/sys/devices/system/cpu/online", O_RDONLY|O_CLOEXEC) = 3</sys/devices/system/cpu/online>
248545 openat(AT_FDCWD</home/visitor/Documents/depthanything_u250_host_graph_r74_cpp_frame_graph_boundary>, "/sys/devices/system/cpu/online", O_RDONLY|O_CLOEXEC) = 3</sys/devices/system/cpu/online>
248545 openat(AT_FDCWD</home/visitor/Documents/depthanything_u250_host_graph_r74_cpp_frame_graph_boundary>, "/sys/devices/system/cpu/online", O_RDONLY|O_CLOEXEC) = 3</sys/devices/system/cpu/online>
248545 openat(AT_FDCWD</home/visitor/Documents/depthanything_u250_host_graph_r74_cpp_frame_graph_boundary>, "/sys/devices/system/cpu/online", O_RDONLY|O_CLOEXEC) = 3</sys/devices/system/cpu/online>
248545 openat(AT_FDCWD</home/visitor/Documents/depthanything_u250_host_graph_r74_cpp_frame_graph_boundary>, "/sys/devices/system/cpu/online", O_RDONLY|O_CLOEXEC) = 3</sys/devices/system/cpu/online>
248545 openat(AT_FDCWD</home/visitor/Documents/depthanything_u250_host_graph_r74_cpp_frame_graph_boundary>, "/sys/devices/system/cpu/online", O_RDONLY|O_CLOEXEC) = 3</sys/devices/system/cpu/online>
248545 openat(AT_FDCWD</home/visitor/Documents/depthanything_u250_host_graph_r74_cpp_frame_graph_boundary>, "/sys/devices/system/cpu/online", O_RDONLY|O_CLOEXEC) = 3</sys/devices/system/cpu/online>
248545 openat(AT_FDCWD</home/visitor/Documents/depthanything_u250_host_graph_r74_cpp_frame_graph_boundary>, "/sys/devices/system/cpu/online", O_RDONLY|O_CLOEXEC) = 3</sys/devices/system/cpu/online>
248545 openat(AT_FDCWD</home/visitor/Documents/depthanything_u250_host_graph_r74_cpp_frame_graph_boundary>, "/sys/devices/system/cpu/online", O_RDONLY|O_CLOEXEC) = 3</sys/devices/system/cpu/online>
248545 openat(AT_FDCWD</home/visitor/Documents/depthanything_u250_host_graph_r74_cpp_frame_graph_boundary>, "/sys/devices/system/cpu/online", O_RDONLY|O_CLOEXEC) = 3</sys/devices/system/cpu/online>
248545 openat(AT_FDCWD</home/visitor/Documents/depthanything_u250_host_graph_r74_cpp_frame_graph_boundary>, "/sys/devices/system/cpu/online", O_RDONLY|O_CLOEXEC) = 3</sys/devices/system/cpu/online>
248545 openat(AT_FDCWD</home/visitor/Documents/depthanything_u250_host_graph_r74_cpp_frame_graph_boundary>, "/sys/devices/system/cpu/online", O_RDONLY|O_CLOEXEC) = 3</sys/devices/system/cpu/online>
248545 openat(AT_FDCWD</home/visitor/Documents/depthanything_u250_host_graph_r74_cpp_frame_graph_boundary>, "/sys/devices/system/cpu/online", O_RDONLY|O_CLOEXEC) = 3</sys/devices/system/cpu/online>
248545 openat(AT_FDCWD</home/visitor/Documents/depthanything_u250_host_graph_r74_cpp_frame_graph_boundary>, "/sys/devices/system/cpu/online", O_RDONLY|O_CLOEXEC) = 3</sys/devices/system/cpu/online>
248545 openat(AT_FDCWD</home/visitor/Documents/depthanything_u250_host_graph_r74_cpp_frame_graph_boundary>, "/sys/devices/system/cpu/online", O_RDONLY|O_CLOEXEC) = 3</sys/devices/system/cpu/online>
248545 openat(AT_FDCWD</home/visitor/Documents/depthanything_u250_host_graph_r74_cpp_frame_graph_boundary>, "/sys/devices/system/cpu/online", O_RDONLY|O_CLOEXEC) = 3</sys/devices/system/cpu/online>
248545 openat(AT_FDCWD</home/visitor/Documents/depthanything_u250_host_graph_r74_cpp_frame_graph_boundary>, "/sys/devices/system/cpu/online", O_RDONLY|O_CLOEXEC) = 3</sys/devices/system/cpu/online>
248545 openat(AT_FDCWD</home/visitor/Documents/depthanything_u250_host_graph_r74_cpp_frame_graph_boundary>, "/sys/devices/system/cpu/online", O_RDONLY|O_CLOEXEC) = 3</sys/devices/system/cpu/online>
248545 openat(AT_FDCWD</home/visitor/Documents/depthanything_u250_host_graph_r74_cpp_frame_graph_boundary>, "/sys/devices/system/cpu/online", O_RDONLY|O_CLOEXEC) = 3</sys/devices/system/cpu/online>
248545 openat(AT_FDCWD</home/visitor/Documents/depthanything_u250_host_graph_r74_cpp_frame_graph_boundary>, "/sys/devices/system/cpu/online", O_RDONLY|O_CLOEXEC) = 3</sys/devices/system/cpu/online>
248545 openat(AT_FDCWD</home/visitor/Documents/depthanything_u250_host_graph_r74_cpp_frame_graph_boundary>, "/sys/devices/system/cpu/online", O_RDONLY|O_CLOEXEC) = 3</sys/devices/system/cpu/online>
248545 openat(AT_FDCWD</home/visitor/Documents/depthanything_u250_host_graph_r74_cpp_frame_graph_boundary>, "/sys/devices/system/cpu/online", O_RDONLY|O_CLOEXEC) = 3</sys/devices/system/cpu/online>
248545 openat(AT_FDCWD</home/visitor/Documents/depthanything_u250_host_graph_r74_cpp_frame_graph_boundary>, "/sys/devices/system/cpu/online", O_RDONLY|O_CLOEXEC) = 3</sys/devices/system/cpu/online>
248545 openat(AT_FDCWD</home/visitor/Documents/depthanything_u250_host_graph_r74_cpp_frame_graph_boundary>, "/sys/devices/system/cpu/online", O_RDONLY|O_CLOEXEC) = 3</sys/devices/system/cpu/online>
248545 openat(AT_FDCWD</home/visitor/Documents/depthanything_u250_host_graph_r74_cpp_frame_graph_boundary>, "/sys/devices/system/cpu/online", O_RDONLY|O_CLOEXEC) = 3</sys/devices/system/cpu/online>
248545 openat(AT_FDCWD</home/visitor/Documents/depthanything_u250_host_graph_r74_cpp_frame_graph_boundary>, "/sys/devices/system/cpu/online", O_RDONLY|O_CLOEXEC) = 3</sys/devices/system/cpu/online>
248545 openat(AT_FDCWD</home/visitor/Documents/depthanything_u250_host_graph_r74_cpp_frame_graph_boundary>, "/sys/devices/system/cpu/online", O_RDONLY|O_CLOEXEC) = 3</sys/devices/system/cpu/online>
248545 openat(AT_FDCWD</home/visitor/Documents/depthanything_u250_host_graph_r74_cpp_frame_graph_boundary>, "/sys/devices/system/cpu/online", O_RDONLY|O_CLOEXEC) = 3</sys/devices/system/cpu/online>
248545 openat(AT_FDCWD</home/visitor/Documents/depthanything_u250_host_graph_r74_cpp_frame_graph_boundary>, "/sys/devices/system/cpu/online", O_RDONLY|O_CLOEXEC) = 3</sys/devices/system/cpu/online>
248545 openat(AT_FDCWD</home/visitor/Documents/depthanything_u250_host_graph_r74_cpp_frame_graph_boundary>, "/sys/devices/system/cpu/online", O_RDONLY|O_CLOEXEC) = 3</sys/devices/system/cpu/online>
248545 openat(AT_FDCWD</home/visitor/Documents/depthanything_u250_host_graph_r74_cpp_frame_graph_boundary>, "/sys/devices/system/cpu/online", O_RDONLY|O_CLOEXEC) = 3</sys/devices/system/cpu/online>
248545 openat(AT_FDCWD</home/visitor/Documents/depthanything_u250_host_graph_r74_cpp_frame_graph_boundary>, "/sys/devices/system/cpu/online", O_RDONLY|O_CLOEXEC) = 3</sys/devices/system/cpu/online>
248545 openat(AT_FDCWD</home/visitor/Documents/depthanything_u250_host_graph_r74_cpp_frame_graph_boundary>, "/sys/devices/system/cpu/online", O_RDONLY|O_CLOEXEC) = 3</sys/devices/system/cpu/online>
248545 openat(AT_FDCWD</home/visitor/Documents/depthanything_u250_host_graph_r74_cpp_frame_graph_boundary>, "/sys/devices/system/cpu/online", O_RDONLY|O_CLOEXEC) = 3</sys/devices/system/cpu/online>
248545 openat(AT_FDCWD</home/visitor/Documents/depthanything_u250_host_graph_r74_cpp_frame_graph_boundary>, "/sys/devices/system/cpu/online", O_RDONLY|O_CLOEXEC) = 3</sys/devices/system/cpu/online>
248545 openat(AT_FDCWD</home/visitor/Documents/depthanything_u250_host_graph_r74_cpp_frame_graph_boundary>, "/sys/devices/system/cpu/online", O_RDONLY|O_CLOEXEC) = 3</sys/devices/system/cpu/online>
248545 openat(AT_FDCWD</home/visitor/Documents/depthanything_u250_host_graph_r74_cpp_frame_graph_boundary>, "/sys/devices/system/cpu/online", O_RDONLY|O_CLOEXEC) = 3</sys/devices/system/cpu/online>
248545 openat(AT_FDCWD</home/visitor/Documents/depthanything_u250_host_graph_r74_cpp_frame_graph_boundary>, "/sys/devices/system/cpu/online", O_RDONLY|O_CLOEXEC) = 3</sys/devices/system/cpu/online>
248545 openat(AT_FDCWD</home/visitor/Documents/depthanything_u250_host_graph_r74_cpp_frame_graph_boundary>, "/sys/devices/system/cpu/online", O_RDONLY|O_CLOEXEC) = 3</sys/devices/system/cpu/online>
248545 openat(AT_FDCWD</home/visitor/Documents/depthanything_u250_host_graph_r74_cpp_frame_graph_boundary>, "/sys/devices/system/cpu/online", O_RDONLY|O_CLOEXEC) = 3</sys/devices/system/cpu/online>
248545 openat(AT_FDCWD</home/visitor/Documents/depthanything_u250_host_graph_r74_cpp_frame_graph_boundary>, "/sys/devices/system/cpu/online", O_RDONLY|O_CLOEXEC) = 3</sys/devices/system/cpu/online>
248545 openat(AT_FDCWD</home/visitor/Documents/depthanything_u250_host_graph_r74_cpp_frame_graph_boundary>, "/sys/devices/system/cpu/online", O_RDONLY|O_CLOEXEC) = 3</sys/devices/system/cpu/online>
248545 openat(AT_FDCWD</home/visitor/Documents/depthanything_u250_host_graph_r74_cpp_frame_graph_boundary>, "/sys/devices/system/cpu/online", O_RDONLY|O_CLOEXEC) = 3</sys/devices/system/cpu/online>
248545 openat(AT_FDCWD</home/visitor/Documents/depthanything_u250_host_graph_r74_cpp_frame_graph_boundary>, "/sys/devices/system/cpu/online", O_RDONLY|O_CLOEXEC) = 3</sys/devices/system/cpu/online>
248545 openat(AT_FDCWD</home/visitor/Documents/depthanything_u250_host_graph_r74_cpp_frame_graph_boundary>, "/sys/devices/system/cpu/online", O_RDONLY|O_CLOEXEC) = 3</sys/devices/system/cpu/online>
248545 openat(AT_FDCWD</home/visitor/Documents/depthanything_u250_host_graph_r74_cpp_frame_graph_boundary>, "/sys/devices/system/cpu/online", O_RDONLY|O_CLOEXEC) = 3</sys/devices/system/cpu/online>
248545 openat(AT_FDCWD</home/visitor/Documents/depthanything_u250_host_graph_r74_cpp_frame_graph_boundary>, "/sys/devices/system/cpu/online", O_RDONLY|O_CLOEXEC) = 3</sys/devices/system/cpu/online>
248545 openat(AT_FDCWD</home/visitor/Documents/depthanything_u250_host_graph_r74_cpp_frame_graph_boundary>, "/sys/devices/system/cpu/online", O_RDONLY|O_CLOEXEC) = 3</sys/devices/system/cpu/online>
248545 openat(AT_FDCWD</home/visitor/Documents/depthanything_u250_host_graph_r74_cpp_frame_graph_boundary>, "/sys/devices/system/cpu/online", O_RDONLY|O_CLOEXEC) = 3</sys/devices/system/cpu/online>
248545 openat(AT_FDCWD</home/visitor/Documents/depthanything_u250_host_graph_r74_cpp_frame_graph_boundary>, "/sys/devices/system/cpu/online", O_RDONLY|O_CLOEXEC) = 3</sys/devices/system/cpu/online>
248545 openat(AT_FDCWD</home/visitor/Documents/depthanything_u250_host_graph_r74_cpp_frame_graph_boundary>, "/sys/devices/system/cpu/online", O_RDONLY|O_CLOEXEC) = 3</sys/devices/system/cpu/online>
248545 openat(AT_FDCWD</home/visitor/Documents/depthanything_u250_host_graph_r74_cpp_frame_graph_boundary>, "/sys/devices/system/cpu/online", O_RDONLY|O_CLOEXEC) = 3</sys/devices/system/cpu/online>
248545 openat(AT_FDCWD</home/visitor/Documents/depthanything_u250_host_graph_r74_cpp_frame_graph_boundary>, "/sys/devices/system/cpu/online", O_RDONLY|O_CLOEXEC) = 3</sys/devices/system/cpu/online>
248545 openat(AT_FDCWD</home/visitor/Documents/depthanything_u250_host_graph_r74_cpp_frame_graph_boundary>, "/sys/devices/system/cpu/online", O_RDONLY|O_CLOEXEC) = 3</sys/devices/system/cpu/online>
248545 openat(AT_FDCWD</home/visitor/Documents/depthanything_u250_host_graph_r74_cpp_frame_graph_boundary>, "/sys/devices/system/cpu/online", O_RDONLY|O_CLOEXEC) = 3</sys/devices/system/cpu/online>
248545 openat(AT_FDCWD</home/visitor/Documents/depthanything_u250_host_graph_r74_cpp_frame_graph_boundary>, "/sys/devices/system/cpu/online", O_RDONLY|O_CLOEXEC) = 3</sys/devices/system/cpu/online>
248545 openat(AT_FDCWD</home/visitor/Documents/depthanything_u250_host_graph_r74_cpp_frame_graph_boundary>, "/sys/devices/system/cpu/online", O_RDONLY|O_CLOEXEC) = 3</sys/devices/system/cpu/online>
248545 openat(AT_FDCWD</home/visitor/Documents/depthanything_u250_host_graph_r74_cpp_frame_graph_boundary>, "/sys/devices/system/cpu/online", O_RDONLY|O_CLOEXEC) = 3</sys/devices/system/cpu/online>
248545 openat(AT_FDCWD</home/visitor/Documents/depthanything_u250_host_graph_r74_cpp_frame_graph_boundary>, "/sys/devices/system/cpu/online", O_RDONLY|O_CLOEXEC) = 3</sys/devices/system/cpu/online>
248545 openat(AT_FDCWD</home/visitor/Documents/depthanything_u250_host_graph_r74_cpp_frame_graph_boundary>, "/sys/devices/system/cpu/online", O_RDONLY|O_CLOEXEC) = 3</sys/devices/system/cpu/online>
248545 openat(AT_FDCWD</home/visitor/Documents/depthanything_u250_host_graph_r74_cpp_frame_graph_boundary>, "/sys/devices/system/cpu/online", O_RDONLY|O_CLOEXEC) = 3</sys/devices/system/cpu/online>
248545 openat(AT_FDCWD</home/visitor/Documents/depthanything_u250_host_graph_r74_cpp_frame_graph_boundary>, "/sys/devices/system/cpu/online", O_RDONLY|O_CLOEXEC) = 3</sys/devices/system/cpu/online>
248545 openat(AT_FDCWD</home/visitor/Documents/depthanything_u250_host_graph_r74_cpp_frame_graph_boundary>, "/sys/devices/system/cpu/online", O_RDONLY|O_CLOEXEC) = 3</sys/devices/system/cpu/online>
248545 openat(AT_FDCWD</home/visitor/Documents/depthanything_u250_host_graph_r74_cpp_frame_graph_boundary>, "/sys/devices/system/cpu/online", O_RDONLY|O_CLOEXEC) = 3</sys/devices/system/cpu/online>
248545 openat(AT_FDCWD</home/visitor/Documents/depthanything_u250_host_graph_r74_cpp_frame_graph_boundary>, "/sys/devices/system/cpu/online", O_RDONLY|O_CLOEXEC) = 3</sys/devices/system/cpu/online>
248545 openat(AT_FDCWD</home/visitor/Documents/depthanything_u250_host_graph_r74_cpp_frame_graph_boundary>, "/sys/devices/system/cpu/online", O_RDONLY|O_CLOEXEC) = 3</sys/devices/system/cpu/online>
248545 openat(AT_FDCWD</home/visitor/Documents/depthanything_u250_host_graph_r74_cpp_frame_graph_boundary>, "/sys/devices/system/cpu/online", O_RDONLY|O_CLOEXEC) = 3</sys/devices/system/cpu/online>
248545 openat(AT_FDCWD</home/visitor/Documents/depthanything_u250_host_graph_r74_cpp_frame_graph_boundary>, "/sys/devices/system/cpu/online", O_RDONLY|O_CLOEXEC) = 3</sys/devices/system/cpu/online>
248545 openat(AT_FDCWD</home/visitor/Documents/depthanything_u250_host_graph_r74_cpp_frame_graph_boundary>, "/sys/devices/system/cpu/online", O_RDONLY|O_CLOEXEC) = 3</sys/devices/system/cpu/online>
248545 openat(AT_FDCWD</home/visitor/Documents/depthanything_u250_host_graph_r74_cpp_frame_graph_boundary>, "/sys/devices/system/cpu/online", O_RDONLY|O_CLOEXEC) = 3</sys/devices/system/cpu/online>
248545 openat(AT_FDCWD</home/visitor/Documents/depthanything_u250_host_graph_r74_cpp_frame_graph_boundary>, "/sys/devices/system/cpu/online", O_RDONLY|O_CLOEXEC) = 3</sys/devices/system/cpu/online>
248545 openat(AT_FDCWD</home/visitor/Documents/depthanything_u250_host_graph_r74_cpp_frame_graph_boundary>, "/sys/devices/system/cpu/online", O_RDONLY|O_CLOEXEC) = 3</sys/devices/system/cpu/online>
248545 openat(AT_FDCWD</home/visitor/Documents/depthanything_u250_host_graph_r74_cpp_frame_graph_boundary>, "/sys/devices/system/cpu/online", O_RDONLY|O_CLOEXEC) = 3</sys/devices/system/cpu/online>
248545 openat(AT_FDCWD</home/visitor/Documents/depthanything_u250_host_graph_r74_cpp_frame_graph_boundary>, "/sys/devices/system/cpu/online", O_RDONLY|O_CLOEXEC) = 3</sys/devices/system/cpu/online>
248545 openat(AT_FDCWD</home/visitor/Documents/depthanything_u250_host_graph_r74_cpp_frame_graph_boundary>, "/sys/devices/system/cpu/online", O_RDONLY|O_CLOEXEC) = 3</sys/devices/system/cpu/online>
248545 openat(AT_FDCWD</home/visitor/Documents/depthanything_u250_host_graph_r74_cpp_frame_graph_boundary>, "/sys/devices/system/cpu/online", O_RDONLY|O_CLOEXEC) = 3</sys/devices/system/cpu/online>
248545 openat(AT_FDCWD</home/visitor/Documents/depthanything_u250_host_graph_r74_cpp_frame_graph_boundary>, "/sys/devices/system/cpu/online", O_RDONLY|O_CLOEXEC) = 3</sys/devices/system/cpu/online>
248545 openat(AT_FDCWD</home/visitor/Documents/depthanything_u250_host_graph_r74_cpp_frame_graph_boundary>, "/sys/devices/system/cpu/online", O_RDONLY|O_CLOEXEC) = 3</sys/devices/system/cpu/online>
248545 openat(AT_FDCWD</home/visitor/Documents/depthanything_u250_host_graph_r74_cpp_frame_graph_boundary>, "/sys/devices/system/cpu/online", O_RDONLY|O_CLOEXEC) = 3</sys/devices/system/cpu/online>
248545 openat(AT_FDCWD</home/visitor/Documents/depthanything_u250_host_graph_r74_cpp_frame_graph_boundary>, "/sys/devices/system/cpu/online", O_RDONLY|O_CLOEXEC) = 3</sys/devices/system/cpu/online>
248545 openat(AT_FDCWD</home/visitor/Documents/depthanything_u250_host_graph_r74_cpp_frame_graph_boundary>, "/sys/devices/system/cpu/online", O_RDONLY|O_CLOEXEC) = 3</sys/devices/system/cpu/online>
248545 openat(AT_FDCWD</home/visitor/Documents/depthanything_u250_host_graph_r74_cpp_frame_graph_boundary>, "/sys/devices/system/cpu/online", O_RDONLY|O_CLOEXEC) = 3</sys/devices/system/cpu/online>
248545 openat(AT_FDCWD</home/visitor/Documents/depthanything_u250_host_graph_r74_cpp_frame_graph_boundary>, "/sys/devices/system/cpu/online", O_RDONLY|O_CLOEXEC) = 3</sys/devices/system/cpu/online>
248545 openat(AT_FDCWD</home/visitor/Documents/depthanything_u250_host_graph_r74_cpp_frame_graph_boundary>, "/sys/devices/system/cpu/online", O_RDONLY|O_CLOEXEC) = 3</sys/devices/system/cpu/online>
248545 openat(AT_FDCWD</home/visitor/Documents/depthanything_u250_host_graph_r74_cpp_frame_graph_boundary>, "/sys/devices/system/cpu/online", O_RDONLY|O_CLOEXEC) = 3</sys/devices/system/cpu/online>
248545 openat(AT_FDCWD</home/visitor/Documents/depthanything_u250_host_graph_r74_cpp_frame_graph_boundary>, "/sys/devices/system/cpu/online", O_RDONLY|O_CLOEXEC) = 3</sys/devices/system/cpu/online>
248545 openat(AT_FDCWD</home/visitor/Documents/depthanything_u250_host_graph_r74_cpp_frame_graph_boundary>, "/sys/devices/system/cpu/online", O_RDONLY|O_CLOEXEC) = 3</sys/devices/system/cpu/online>
248545 openat(AT_FDCWD</home/visitor/Documents/depthanything_u250_host_graph_r74_cpp_frame_graph_boundary>, "/sys/devices/system/cpu/online", O_RDONLY|O_CLOEXEC) = 3</sys/devices/system/cpu/online>
248545 openat(AT_FDCWD</home/visitor/Documents/depthanything_u250_host_graph_r74_cpp_frame_graph_boundary>, "/sys/devices/system/cpu/online", O_RDONLY|O_CLOEXEC) = 3</sys/devices/system/cpu/online>
248545 openat(AT_FDCWD</home/visitor/Documents/depthanything_u250_host_graph_r74_cpp_frame_graph_boundary>, "/sys/devices/system/cpu/online", O_RDONLY|O_CLOEXEC) = 3</sys/devices/system/cpu/online>
248545 openat(AT_FDCWD</home/visitor/Documents/depthanything_u250_host_graph_r74_cpp_frame_graph_boundary>, "/sys/devices/system/cpu/online", O_RDONLY|O_CLOEXEC) = 3</sys/devices/system/cpu/online>
248545 openat(AT_FDCWD</home/visitor/Documents/depthanything_u250_host_graph_r74_cpp_frame_graph_boundary>, "/sys/devices/system/cpu/online", O_RDONLY|O_CLOEXEC) = 3</sys/devices/system/cpu/online>
248545 openat(AT_FDCWD</home/visitor/Documents/depthanything_u250_host_graph_r74_cpp_frame_graph_boundary>, "/sys/devices/system/cpu/online", O_RDONLY|O_CLOEXEC) = 3</sys/devices/system/cpu/online>
248545 openat(AT_FDCWD</home/visitor/Documents/depthanything_u250_host_graph_r74_cpp_frame_graph_boundary>, "/sys/devices/system/cpu/online", O_RDONLY|O_CLOEXEC) = 3</sys/devices/system/cpu/online>
248545 openat(AT_FDCWD</home/visitor/Documents/depthanything_u250_host_graph_r74_cpp_frame_graph_boundary>, "/sys/devices/system/cpu/online", O_RDONLY|O_CLOEXEC) = 3</sys/devices/system/cpu/online>
248545 openat(AT_FDCWD</home/visitor/Documents/depthanything_u250_host_graph_r74_cpp_frame_graph_boundary>, "/sys/devices/system/cpu/online", O_RDONLY|O_CLOEXEC) = 3</sys/devices/system/cpu/online>
248545 openat(AT_FDCWD</home/visitor/Documents/depthanything_u250_host_graph_r74_cpp_frame_graph_boundary>, "/sys/devices/system/cpu/online", O_RDONLY|O_CLOEXEC) = 3</sys/devices/system/cpu/online>
248545 openat(AT_FDCWD</home/visitor/Documents/depthanything_u250_host_graph_r74_cpp_frame_graph_boundary>, "/sys/devices/system/cpu/online", O_RDONLY|O_CLOEXEC) = 3</sys/devices/system/cpu/online>
248545 openat(AT_FDCWD</home/visitor/Documents/depthanything_u250_host_graph_r74_cpp_frame_graph_boundary>, "/sys/devices/system/cpu/online", O_RDONLY|O_CLOEXEC) = 3</sys/devices/system/cpu/online>
248545 openat(AT_FDCWD</home/visitor/Documents/depthanything_u250_host_graph_r74_cpp_frame_graph_boundary>, "/sys/devices/system/cpu/online", O_RDONLY|O_CLOEXEC) = 3</sys/devices/system/cpu/online>
248545 openat(AT_FDCWD</home/visitor/Documents/depthanything_u250_host_graph_r74_cpp_frame_graph_boundary>, "/sys/devices/system/cpu/online", O_RDONLY|O_CLOEXEC) = 3</sys/devices/system/cpu/online>
248545 openat(AT_FDCWD</home/visitor/Documents/depthanything_u250_host_graph_r74_cpp_frame_graph_boundary>, "/sys/devices/system/cpu/online", O_RDONLY|O_CLOEXEC) = 3</sys/devices/system/cpu/online>
248545 openat(AT_FDCWD</home/visitor/Documents/depthanything_u250_host_graph_r74_cpp_frame_graph_boundary>, "/sys/devices/system/cpu/online", O_RDONLY|O_CLOEXEC) = 3</sys/devices/system/cpu/online>
248545 openat(AT_FDCWD</home/visitor/Documents/depthanything_u250_host_graph_r74_cpp_frame_graph_boundary>, "/sys/devices/system/cpu/online", O_RDONLY|O_CLOEXEC) = 3</sys/devices/system/cpu/online>
248545 openat(AT_FDCWD</home/visitor/Documents/depthanything_u250_host_graph_r74_cpp_frame_graph_boundary>, "/sys/devices/system/cpu/online", O_RDONLY|O_CLOEXEC) = 3</sys/devices/system/cpu/online>
248545 openat(AT_FDCWD</home/visitor/Documents/depthanything_u250_host_graph_r74_cpp_frame_graph_boundary>, "/sys/devices/system/cpu/online", O_RDONLY|O_CLOEXEC) = 3</sys/devices/system/cpu/online>
248545 openat(AT_FDCWD</home/visitor/Documents/depthanything_u250_host_graph_r74_cpp_frame_graph_boundary>, "/sys/devices/system/cpu/online", O_RDONLY|O_CLOEXEC) = 3</sys/devices/system/cpu/online>
248545 openat(AT_FDCWD</home/visitor/Documents/depthanything_u250_host_graph_r74_cpp_frame_graph_boundary>, "/sys/devices/system/cpu/online", O_RDONLY|O_CLOEXEC) = 3</sys/devices/system/cpu/online>
248545 openat(AT_FDCWD</home/visitor/Documents/depthanything_u250_host_graph_r74_cpp_frame_graph_boundary>, "/sys/devices/system/cpu/online", O_RDONLY|O_CLOEXEC) = 3</sys/devices/system/cpu/online>
248545 openat(AT_FDCWD</home/visitor/Documents/depthanything_u250_host_graph_r74_cpp_frame_graph_boundary>, "/sys/devices/system/cpu/online", O_RDONLY|O_CLOEXEC) = 3</sys/devices/system/cpu/online>
248545 openat(AT_FDCWD</home/visitor/Documents/depthanything_u250_host_graph_r74_cpp_frame_graph_boundary>, "/sys/devices/system/cpu/online", O_RDONLY|O_CLOEXEC) = 3</sys/devices/system/cpu/online>
248545 openat(AT_FDCWD</home/visitor/Documents/depthanything_u250_host_graph_r74_cpp_frame_graph_boundary>, "/sys/devices/system/cpu/online", O_RDONLY|O_CLOEXEC) = 3</sys/devices/system/cpu/online>
248545 openat(AT_FDCWD</home/visitor/Documents/depthanything_u250_host_graph_r74_cpp_frame_graph_boundary>, "/sys/devices/system/cpu/online", O_RDONLY|O_CLOEXEC) = 3</sys/devices/system/cpu/online>
248545 openat(AT_FDCWD</home/visitor/Documents/depthanything_u250_host_graph_r74_cpp_frame_graph_boundary>, "/sys/devices/system/cpu/online", O_RDONLY|O_CLOEXEC) = 3</sys/devices/system/cpu/online>
248545 openat(AT_FDCWD</home/visitor/Documents/depthanything_u250_host_graph_r74_cpp_frame_graph_boundary>, "/sys/devices/system/cpu/online", O_RDONLY|O_CLOEXEC) = 3</sys/devices/system/cpu/online>
248545 openat(AT_FDCWD</home/visitor/Documents/depthanything_u250_host_graph_r74_cpp_frame_graph_boundary>, "/sys/devices/system/cpu/online", O_RDONLY|O_CLOEXEC) = 3</sys/devices/system/cpu/online>
248545 openat(AT_FDCWD</home/visitor/Documents/depthanything_u250_host_graph_r74_cpp_frame_graph_boundary>, "/sys/devices/system/cpu/online", O_RDONLY|O_CLOEXEC) = 3</sys/devices/system/cpu/online>
248545 openat(AT_FDCWD</home/visitor/Documents/depthanything_u250_host_graph_r74_cpp_frame_graph_boundary>, "/sys/devices/system/cpu/online", O_RDONLY|O_CLOEXEC) = 3</sys/devices/system/cpu/online>
248545 openat(AT_FDCWD</home/visitor/Documents/depthanything_u250_host_graph_r74_cpp_frame_graph_boundary>, "/sys/devices/system/cpu/online", O_RDONLY|O_CLOEXEC) = 3</sys/devices/system/cpu/online>
248545 openat(AT_FDCWD</home/visitor/Documents/depthanything_u250_host_graph_r74_cpp_frame_graph_boundary>, "/sys/devices/system/cpu/online", O_RDONLY|O_CLOEXEC) = 3</sys/devices/system/cpu/online>
248545 openat(AT_FDCWD</home/visitor/Documents/depthanything_u250_host_graph_r74_cpp_frame_graph_boundary>, "/sys/devices/system/cpu/online", O_RDONLY|O_CLOEXEC) = 3</sys/devices/system/cpu/online>
248545 openat(AT_FDCWD</home/visitor/Documents/depthanything_u250_host_graph_r74_cpp_frame_graph_boundary>, "/sys/devices/system/cpu/online", O_RDONLY|O_CLOEXEC) = 3</sys/devices/system/cpu/online>
248545 openat(AT_FDCWD</home/visitor/Documents/depthanything_u250_host_graph_r74_cpp_frame_graph_boundary>, "/sys/devices/system/cpu/online", O_RDONLY|O_CLOEXEC) = 3</sys/devices/system/cpu/online>
248545 openat(AT_FDCWD</home/visitor/Documents/depthanything_u250_host_graph_r74_cpp_frame_graph_boundary>, "/sys/devices/system/cpu/online", O_RDONLY|O_CLOEXEC) = 3</sys/devices/system/cpu/online>
248545 openat(AT_FDCWD</home/visitor/Documents/depthanything_u250_host_graph_r74_cpp_frame_graph_boundary>, "/sys/devices/system/cpu/online", O_RDONLY|O_CLOEXEC) = 3</sys/devices/system/cpu/online>
248545 openat(AT_FDCWD</home/visitor/Documents/depthanything_u250_host_graph_r74_cpp_frame_graph_boundary>, "/sys/devices/system/cpu/online", O_RDONLY|O_CLOEXEC) = 3</sys/devices/system/cpu/online>
248545 openat(AT_FDCWD</home/visitor/Documents/depthanything_u250_host_graph_r74_cpp_frame_graph_boundary>, "/sys/devices/system/cpu/online", O_RDONLY|O_CLOEXEC) = 3</sys/devices/system/cpu/online>
248545 openat(AT_FDCWD</home/visitor/Documents/depthanything_u250_host_graph_r74_cpp_frame_graph_boundary>, "/sys/devices/system/cpu/online", O_RDONLY|O_CLOEXEC) = 3</sys/devices/system/cpu/online>
248545 openat(AT_FDCWD</home/visitor/Documents/depthanything_u250_host_graph_r74_cpp_frame_graph_boundary>, "/sys/devices/system/cpu/online", O_RDONLY|O_CLOEXEC) = 3</sys/devices/system/cpu/online>
248545 openat(AT_FDCWD</home/visitor/Documents/depthanything_u250_host_graph_r74_cpp_frame_graph_boundary>, "/sys/devices/system/cpu/online", O_RDONLY|O_CLOEXEC) = 3</sys/devices/system/cpu/online>
248545 openat(AT_FDCWD</home/visitor/Documents/depthanything_u250_host_graph_r74_cpp_frame_graph_boundary>, "/sys/devices/system/cpu/online", O_RDONLY|O_CLOEXEC) = 3</sys/devices/system/cpu/online>
248545 openat(AT_FDCWD</home/visitor/Documents/depthanything_u250_host_graph_r74_cpp_frame_graph_boundary>, "/sys/devices/system/cpu/online", O_RDONLY|O_CLOEXEC) = 3</sys/devices/system/cpu/online>
248545 openat(AT_FDCWD</home/visitor/Documents/depthanything_u250_host_graph_r74_cpp_frame_graph_boundary>, "/sys/devices/system/cpu/online", O_RDONLY|O_CLOEXEC) = 3</sys/devices/system/cpu/online>
248545 openat(AT_FDCWD</home/visitor/Documents/depthanything_u250_host_graph_r74_cpp_frame_graph_boundary>, "/sys/devices/system/cpu/online", O_RDONLY|O_CLOEXEC) = 3</sys/devices/system/cpu/online>
248545 openat(AT_FDCWD</home/visitor/Documents/depthanything_u250_host_graph_r74_cpp_frame_graph_boundary>, "/sys/devices/system/cpu/online", O_RDONLY|O_CLOEXEC) = 3</sys/devices/system/cpu/online>
248545 openat(AT_FDCWD</home/visitor/Documents/depthanything_u250_host_graph_r74_cpp_frame_graph_boundary>, "/sys/devices/system/cpu/online", O_RDONLY|O_CLOEXEC) = 3</sys/devices/system/cpu/online>
248545 openat(AT_FDCWD</home/visitor/Documents/depthanything_u250_host_graph_r74_cpp_frame_graph_boundary>, "/sys/devices/system/cpu/online", O_RDONLY|O_CLOEXEC) = 3</sys/devices/system/cpu/online>
248545 openat(AT_FDCWD</home/visitor/Documents/depthanything_u250_host_graph_r74_cpp_frame_graph_boundary>, "/sys/devices/system/cpu/online", O_RDONLY|O_CLOEXEC) = 3</sys/devices/system/cpu/online>
248545 openat(AT_FDCWD</home/visitor/Documents/depthanything_u250_host_graph_r74_cpp_frame_graph_boundary>, "/sys/devices/system/cpu/online", O_RDONLY|O_CLOEXEC) = 3</sys/devices/system/cpu/online>
248545 openat(AT_FDCWD</home/visitor/Documents/depthanything_u250_host_graph_r74_cpp_frame_graph_boundary>, "/sys/devices/system/cpu/online", O_RDONLY|O_CLOEXEC) = 3</sys/devices/system/cpu/online>
248545 openat(AT_FDCWD</home/visitor/Documents/depthanything_u250_host_graph_r74_cpp_frame_graph_boundary>, "/sys/devices/system/cpu/online", O_RDONLY|O_CLOEXEC) = 3</sys/devices/system/cpu/online>
248545 openat(AT_FDCWD</home/visitor/Documents/depthanything_u250_host_graph_r74_cpp_frame_graph_boundary>, "/sys/devices/system/cpu/online", O_RDONLY|O_CLOEXEC) = 3</sys/devices/system/cpu/online>
248545 openat(AT_FDCWD</home/visitor/Documents/depthanything_u250_host_graph_r74_cpp_frame_graph_boundary>, "/sys/devices/system/cpu/online", O_RDONLY|O_CLOEXEC) = 3</sys/devices/system/cpu/online>
248545 openat(AT_FDCWD</home/visitor/Documents/depthanything_u250_host_graph_r74_cpp_frame_graph_boundary>, "/sys/devices/system/cpu/online", O_RDONLY|O_CLOEXEC) = 3</sys/devices/system/cpu/online>
248545 openat(AT_FDCWD</home/visitor/Documents/depthanything_u250_host_graph_r74_cpp_frame_graph_boundary>, "/sys/devices/system/cpu/online", O_RDONLY|O_CLOEXEC) = 3</sys/devices/system/cpu/online>
248545 openat(AT_FDCWD</home/visitor/Documents/depthanything_u250_host_graph_r74_cpp_frame_graph_boundary>, "/sys/devices/system/cpu/online", O_RDONLY|O_CLOEXEC) = 3</sys/devices/system/cpu/online>
248545 openat(AT_FDCWD</home/visitor/Documents/depthanything_u250_host_graph_r74_cpp_frame_graph_boundary>, "/sys/devices/system/cpu/online", O_RDONLY|O_CLOEXEC) = 3</sys/devices/system/cpu/online>
248545 openat(AT_FDCWD</home/visitor/Documents/depthanything_u250_host_graph_r74_cpp_frame_graph_boundary>, "/sys/devices/system/cpu/online", O_RDONLY|O_CLOEXEC) = 3</sys/devices/system/cpu/online>
248545 openat(AT_FDCWD</home/visitor/Documents/depthanything_u250_host_graph_r74_cpp_frame_graph_boundary>, "/sys/devices/system/cpu/online", O_RDONLY|O_CLOEXEC) = 3</sys/devices/system/cpu/online>
248545 openat(AT_FDCWD</home/visitor/Documents/depthanything_u250_host_graph_r74_cpp_frame_graph_boundary>, "/sys/devices/system/cpu/online", O_RDONLY|O_CLOEXEC) = 3</sys/devices/system/cpu/online>
248545 openat(AT_FDCWD</home/visitor/Documents/depthanything_u250_host_graph_r74_cpp_frame_graph_boundary>, "/sys/devices/system/cpu/online", O_RDONLY|O_CLOEXEC) = 3</sys/devices/system/cpu/online>
248545 openat(AT_FDCWD</home/visitor/Documents/depthanything_u250_host_graph_r74_cpp_frame_graph_boundary>, "/sys/devices/system/cpu/online", O_RDONLY|O_CLOEXEC) = 3</sys/devices/system/cpu/online>
248545 openat(AT_FDCWD</home/visitor/Documents/depthanything_u250_host_graph_r74_cpp_frame_graph_boundary>, "/sys/devices/system/cpu/online", O_RDONLY|O_CLOEXEC) = 3</sys/devices/system/cpu/online>
248545 openat(AT_FDCWD</home/visitor/Documents/depthanything_u250_host_graph_r74_cpp_frame_graph_boundary>, "/sys/devices/system/cpu/online", O_RDONLY|O_CLOEXEC) = 3</sys/devices/system/cpu/online>
248545 openat(AT_FDCWD</home/visitor/Documents/depthanything_u250_host_graph_r74_cpp_frame_graph_boundary>, "/sys/devices/system/cpu/online", O_RDONLY|O_CLOEXEC) = 3</sys/devices/system/cpu/online>
248545 openat(AT_FDCWD</home/visitor/Documents/depthanything_u250_host_graph_r74_cpp_frame_graph_boundary>, "/sys/devices/system/cpu/online", O_RDONLY|O_CLOEXEC) = 3</sys/devices/system/cpu/online>
248545 openat(AT_FDCWD</home/visitor/Documents/depthanything_u250_host_graph_r74_cpp_frame_graph_boundary>, "/sys/devices/system/cpu/online", O_RDONLY|O_CLOEXEC) = 3</sys/devices/system/cpu/online>
248545 openat(AT_FDCWD</home/visitor/Documents/depthanything_u250_host_graph_r74_cpp_frame_graph_boundary>, "/sys/devices/system/cpu/online", O_RDONLY|O_CLOEXEC) = 3</sys/devices/system/cpu/online>
248545 openat(AT_FDCWD</home/visitor/Documents/depthanything_u250_host_graph_r74_cpp_frame_graph_boundary>, "/sys/devices/system/cpu/online", O_RDONLY|O_CLOEXEC) = 3</sys/devices/system/cpu/online>
248545 openat(AT_FDCWD</home/visitor/Documents/depthanything_u250_host_graph_r74_cpp_frame_graph_boundary>, "/sys/devices/system/cpu/online", O_RDONLY|O_CLOEXEC) = 3</sys/devices/system/cpu/online>
248545 openat(AT_FDCWD</home/visitor/Documents/depthanything_u250_host_graph_r74_cpp_frame_graph_boundary>, "/sys/devices/system/cpu/online", O_RDONLY|O_CLOEXEC) = 3</sys/devices/system/cpu/online>
248545 openat(AT_FDCWD</home/visitor/Documents/depthanything_u250_host_graph_r74_cpp_frame_graph_boundary>, "/sys/devices/system/cpu/online", O_RDONLY|O_CLOEXEC) = 3</sys/devices/system/cpu/online>
248545 openat(AT_FDCWD</home/visitor/Documents/depthanything_u250_host_graph_r74_cpp_frame_graph_boundary>, "/sys/devices/system/cpu/online", O_RDONLY|O_CLOEXEC) = 3</sys/devices/system/cpu/online>
248545 openat(AT_FDCWD</home/visitor/Documents/depthanything_u250_host_graph_r74_cpp_frame_graph_boundary>, "/sys/devices/system/cpu/online", O_RDONLY|O_CLOEXEC) = 3</sys/devices/system/cpu/online>
248545 openat(AT_FDCWD</home/visitor/Documents/depthanything_u250_host_graph_r74_cpp_frame_graph_boundary>, "/sys/devices/system/cpu/online", O_RDONLY|O_CLOEXEC) = 3</sys/devices/system/cpu/online>
248545 openat(AT_FDCWD</home/visitor/Documents/depthanything_u250_host_graph_r74_cpp_frame_graph_boundary>, "/sys/devices/system/cpu/online", O_RDONLY|O_CLOEXEC) = 3</sys/devices/system/cpu/online>
248545 openat(AT_FDCWD</home/visitor/Documents/depthanything_u250_host_graph_r74_cpp_frame_graph_boundary>, "/sys/devices/system/cpu/online", O_RDONLY|O_CLOEXEC) = 3</sys/devices/system/cpu/online>
248545 openat(AT_FDCWD</home/visitor/Documents/depthanything_u250_host_graph_r74_cpp_frame_graph_boundary>, "/sys/devices/system/cpu/online", O_RDONLY|O_CLOEXEC) = 3</sys/devices/system/cpu/online>
248545 openat(AT_FDCWD</home/visitor/Documents/depthanything_u250_host_graph_r74_cpp_frame_graph_boundary>, "/sys/devices/system/cpu/online", O_RDONLY|O_CLOEXEC) = 3</sys/devices/system/cpu/online>
248545 openat(AT_FDCWD</home/visitor/Documents/depthanything_u250_host_graph_r74_cpp_frame_graph_boundary>, "/sys/devices/system/cpu/online", O_RDONLY|O_CLOEXEC) = 3</sys/devices/system/cpu/online>
248545 openat(AT_FDCWD</home/visitor/Documents/depthanything_u250_host_graph_r74_cpp_frame_graph_boundary>, "/sys/devices/system/cpu/online", O_RDONLY|O_CLOEXEC) = 3</sys/devices/system/cpu/online>
248545 openat(AT_FDCWD</home/visitor/Documents/depthanything_u250_host_graph_r74_cpp_frame_graph_boundary>, "/sys/devices/system/cpu/online", O_RDONLY|O_CLOEXEC) = 3</sys/devices/system/cpu/online>
248545 openat(AT_FDCWD</home/visitor/Documents/depthanything_u250_host_graph_r74_cpp_frame_graph_boundary>, "/sys/devices/system/cpu/online", O_RDONLY|O_CLOEXEC) = 3</sys/devices/system/cpu/online>
248545 openat(AT_FDCWD</home/visitor/Documents/depthanything_u250_host_graph_r74_cpp_frame_graph_boundary>, "/sys/devices/system/cpu/online", O_RDONLY|O_CLOEXEC) = 3</sys/devices/system/cpu/online>
248545 openat(AT_FDCWD</home/visitor/Documents/depthanything_u250_host_graph_r74_cpp_frame_graph_boundary>, "/sys/devices/system/cpu/online", O_RDONLY|O_CLOEXEC) = 3</sys/devices/system/cpu/online>
248545 openat(AT_FDCWD</home/visitor/Documents/depthanything_u250_host_graph_r74_cpp_frame_graph_boundary>, "/sys/devices/system/cpu/online", O_RDONLY|O_CLOEXEC) = 3</sys/devices/system/cpu/online>
248545 openat(AT_FDCWD</home/visitor/Documents/depthanything_u250_host_graph_r74_cpp_frame_graph_boundary>, "/sys/devices/system/cpu/online", O_RDONLY|O_CLOEXEC) = 3</sys/devices/system/cpu/online>
248545 openat(AT_FDCWD</home/visitor/Documents/depthanything_u250_host_graph_r74_cpp_frame_graph_boundary>, "/sys/devices/system/cpu/online", O_RDONLY|O_CLOEXEC) = 3</sys/devices/system/cpu/online>
248545 openat(AT_FDCWD</home/visitor/Documents/depthanything_u250_host_graph_r74_cpp_frame_graph_boundary>, "/sys/devices/system/cpu/online", O_RDONLY|O_CLOEXEC) = 3</sys/devices/system/cpu/online>
248545 openat(AT_FDCWD</home/visitor/Documents/depthanything_u250_host_graph_r74_cpp_frame_graph_boundary>, "/sys/devices/system/cpu/online", O_RDONLY|O_CLOEXEC) = 3</sys/devices/system/cpu/online>
248545 openat(AT_FDCWD</home/visitor/Documents/depthanything_u250_host_graph_r74_cpp_frame_graph_boundary>, "/sys/devices/system/cpu/online", O_RDONLY|O_CLOEXEC) = 3</sys/devices/system/cpu/online>
248545 openat(AT_FDCWD</home/visitor/Documents/depthanything_u250_host_graph_r74_cpp_frame_graph_boundary>, "/sys/devices/system/cpu/online", O_RDONLY|O_CLOEXEC) = 3</sys/devices/system/cpu/online>
248545 openat(AT_FDCWD</home/visitor/Documents/depthanything_u250_host_graph_r74_cpp_frame_graph_boundary>, "/sys/devices/system/cpu/online", O_RDONLY|O_CLOEXEC) = 3</sys/devices/system/cpu/online>
248545 openat(AT_FDCWD</home/visitor/Documents/depthanything_u250_host_graph_r74_cpp_frame_graph_boundary>, "/sys/devices/system/cpu/online", O_RDONLY|O_CLOEXEC) = 3</sys/devices/system/cpu/online>
248545 openat(AT_FDCWD</home/visitor/Documents/depthanything_u250_host_graph_r74_cpp_frame_graph_boundary>, "/sys/devices/system/cpu/online", O_RDONLY|O_CLOEXEC) = 3</sys/devices/system/cpu/online>
248545 openat(AT_FDCWD</home/visitor/Documents/depthanything_u250_host_graph_r74_cpp_frame_graph_boundary>, "/sys/devices/system/cpu/online", O_RDONLY|O_CLOEXEC) = 3</sys/devices/system/cpu/online>
248545 openat(AT_FDCWD</home/visitor/Documents/depthanything_u250_host_graph_r74_cpp_frame_graph_boundary>, "/sys/devices/system/cpu/online", O_RDONLY|O_CLOEXEC) = 3</sys/devices/system/cpu/online>
248545 openat(AT_FDCWD</home/visitor/Documents/depthanything_u250_host_graph_r74_cpp_frame_graph_boundary>, "/sys/devices/system/cpu/online", O_RDONLY|O_CLOEXEC) = 3</sys/devices/system/cpu/online>
248545 openat(AT_FDCWD</home/visitor/Documents/depthanything_u250_host_graph_r74_cpp_frame_graph_boundary>, "/sys/devices/system/cpu/online", O_RDONLY|O_CLOEXEC) = 3</sys/devices/system/cpu/online>
248545 openat(AT_FDCWD</home/visitor/Documents/depthanything_u250_host_graph_r74_cpp_frame_graph_boundary>, "/sys/devices/system/cpu/online", O_RDONLY|O_CLOEXEC) = 3</sys/devices/system/cpu/online>
248545 openat(AT_FDCWD</home/visitor/Documents/depthanything_u250_host_graph_r74_cpp_frame_graph_boundary>, "/sys/devices/system/cpu/online", O_RDONLY|O_CLOEXEC) = 3</sys/devices/system/cpu/online>
248545 openat(AT_FDCWD</home/visitor/Documents/depthanything_u250_host_graph_r74_cpp_frame_graph_boundary>, "/sys/devices/system/cpu/online", O_RDONLY|O_CLOEXEC) = 3</sys/devices/system/cpu/online>
248545 openat(AT_FDCWD</home/visitor/Documents/depthanything_u250_host_graph_r74_cpp_frame_graph_boundary>, "/sys/devices/system/cpu/online", O_RDONLY|O_CLOEXEC) = 3</sys/devices/system/cpu/online>
248545 openat(AT_FDCWD</home/visitor/Documents/depthanything_u250_host_graph_r74_cpp_frame_graph_boundary>, "/sys/devices/system/cpu/online", O_RDONLY|O_CLOEXEC) = 3</sys/devices/system/cpu/online>
248545 openat(AT_FDCWD</home/visitor/Documents/depthanything_u250_host_graph_r74_cpp_frame_graph_boundary>, "/sys/devices/system/cpu/online", O_RDONLY|O_CLOEXEC) = 3</sys/devices/system/cpu/online>
248545 openat(AT_FDCWD</home/visitor/Documents/depthanything_u250_host_graph_r74_cpp_frame_graph_boundary>, "/sys/devices/system/cpu/online", O_RDONLY|O_CLOEXEC) = 3</sys/devices/system/cpu/online>
248545 openat(AT_FDCWD</home/visitor/Documents/depthanything_u250_host_graph_r74_cpp_frame_graph_boundary>, "/sys/devices/system/cpu/online", O_RDONLY|O_CLOEXEC) = 3</sys/devices/system/cpu/online>
248545 openat(AT_FDCWD</home/visitor/Documents/depthanything_u250_host_graph_r74_cpp_frame_graph_boundary>, "/sys/devices/system/cpu/online", O_RDONLY|O_CLOEXEC) = 3</sys/devices/system/cpu/online>
248545 openat(AT_FDCWD</home/visitor/Documents/depthanything_u250_host_graph_r74_cpp_frame_graph_boundary>, "/sys/devices/system/cpu/online", O_RDONLY|O_CLOEXEC) = 3</sys/devices/system/cpu/online>
248545 openat(AT_FDCWD</home/visitor/Documents/depthanything_u250_host_graph_r74_cpp_frame_graph_boundary>, "/sys/devices/system/cpu/online", O_RDONLY|O_CLOEXEC) = 3</sys/devices/system/cpu/online>
248545 openat(AT_FDCWD</home/visitor/Documents/depthanything_u250_host_graph_r74_cpp_frame_graph_boundary>, "/sys/devices/system/cpu/online", O_RDONLY|O_CLOEXEC) = 3</sys/devices/system/cpu/online>
248545 openat(AT_FDCWD</home/visitor/Documents/depthanything_u250_host_graph_r74_cpp_frame_graph_boundary>, "/sys/devices/system/cpu/online", O_RDONLY|O_CLOEXEC) = 3</sys/devices/system/cpu/online>
248545 openat(AT_FDCWD</home/visitor/Documents/depthanything_u250_host_graph_r74_cpp_frame_graph_boundary>, "/sys/devices/system/cpu/online", O_RDONLY|O_CLOEXEC) = 3</sys/devices/system/cpu/online>
248545 openat(AT_FDCWD</home/visitor/Documents/depthanything_u250_host_graph_r74_cpp_frame_graph_boundary>, "/sys/devices/system/cpu/online", O_RDONLY|O_CLOEXEC) = 3</sys/devices/system/cpu/online>
248545 openat(AT_FDCWD</home/visitor/Documents/depthanything_u250_host_graph_r74_cpp_frame_graph_boundary>, "/sys/devices/system/cpu/online", O_RDONLY|O_CLOEXEC) = 3</sys/devices/system/cpu/online>
248545 openat(AT_FDCWD</home/visitor/Documents/depthanything_u250_host_graph_r74_cpp_frame_graph_boundary>, "/sys/devices/system/cpu/online", O_RDONLY|O_CLOEXEC) = 3</sys/devices/system/cpu/online>
248545 openat(AT_FDCWD</home/visitor/Documents/depthanything_u250_host_graph_r74_cpp_frame_graph_boundary>, "/sys/devices/system/cpu/online", O_RDONLY|O_CLOEXEC) = 3</sys/devices/system/cpu/online>
248545 openat(AT_FDCWD</home/visitor/Documents/depthanything_u250_host_graph_r74_cpp_frame_graph_boundary>, "/sys/devices/system/cpu/online", O_RDONLY|O_CLOEXEC) = 3</sys/devices/system/cpu/online>
248545 openat(AT_FDCWD</home/visitor/Documents/depthanything_u250_host_graph_r74_cpp_frame_graph_boundary>, "/sys/devices/system/cpu/online", O_RDONLY|O_CLOEXEC) = 3</sys/devices/system/cpu/online>
248545 openat(AT_FDCWD</home/visitor/Documents/depthanything_u250_host_graph_r74_cpp_frame_graph_boundary>, "/sys/devices/system/cpu/online", O_RDONLY|O_CLOEXEC) = 3</sys/devices/system/cpu/online>
248545 openat(AT_FDCWD</home/visitor/Documents/depthanything_u250_host_graph_r74_cpp_frame_graph_boundary>, "/sys/devices/system/cpu/online", O_RDONLY|O_CLOEXEC) = 3</sys/devices/system/cpu/online>
248545 openat(AT_FDCWD</home/visitor/Documents/depthanything_u250_host_graph_r74_cpp_frame_graph_boundary>, "/sys/devices/system/cpu/online", O_RDONLY|O_CLOEXEC) = 3</sys/devices/system/cpu/online>
248545 openat(AT_FDCWD</home/visitor/Documents/depthanything_u250_host_graph_r74_cpp_frame_graph_boundary>, "/sys/devices/system/cpu/online", O_RDONLY|O_CLOEXEC) = 3</sys/devices/system/cpu/online>
248545 openat(AT_FDCWD</home/visitor/Documents/depthanything_u250_host_graph_r74_cpp_frame_graph_boundary>, "/sys/devices/system/cpu/online", O_RDONLY|O_CLOEXEC) = 3</sys/devices/system/cpu/online>
248545 openat(AT_FDCWD</home/visitor/Documents/depthanything_u250_host_graph_r74_cpp_frame_graph_boundary>, "/sys/devices/system/cpu/online", O_RDONLY|O_CLOEXEC) = 3</sys/devices/system/cpu/online>
248545 openat(AT_FDCWD</home/visitor/Documents/depthanything_u250_host_graph_r74_cpp_frame_graph_boundary>, "/sys/devices/system/cpu/online", O_RDONLY|O_CLOEXEC) = 3</sys/devices/system/cpu/online>
248545 openat(AT_FDCWD</home/visitor/Documents/depthanything_u250_host_graph_r74_cpp_frame_graph_boundary>, "/sys/devices/system/cpu/online", O_RDONLY|O_CLOEXEC) = 3</sys/devices/system/cpu/online>
248545 openat(AT_FDCWD</home/visitor/Documents/depthanything_u250_host_graph_r74_cpp_frame_graph_boundary>, "/sys/devices/system/cpu/online", O_RDONLY|O_CLOEXEC) = 3</sys/devices/system/cpu/online>
248545 openat(AT_FDCWD</home/visitor/Documents/depthanything_u250_host_graph_r74_cpp_frame_graph_boundary>, "/sys/devices/system/cpu/online", O_RDONLY|O_CLOEXEC) = 3</sys/devices/system/cpu/online>
248545 openat(AT_FDCWD</home/visitor/Documents/depthanything_u250_host_graph_r74_cpp_frame_graph_boundary>, "/sys/devices/system/cpu/online", O_RDONLY|O_CLOEXEC) = 3</sys/devices/system/cpu/online>
248545 openat(AT_FDCWD</home/visitor/Documents/depthanything_u250_host_graph_r74_cpp_frame_graph_boundary>, "/sys/devices/system/cpu/online", O_RDONLY|O_CLOEXEC) = 3</sys/devices/system/cpu/online>
248545 openat(AT_FDCWD</home/visitor/Documents/depthanything_u250_host_graph_r74_cpp_frame_graph_boundary>, "/sys/devices/system/cpu/online", O_RDONLY|O_CLOEXEC) = 3</sys/devices/system/cpu/online>
248545 openat(AT_FDCWD</home/visitor/Documents/depthanything_u250_host_graph_r74_cpp_frame_graph_boundary>, "/sys/devices/system/cpu/online", O_RDONLY|O_CLOEXEC) = 3</sys/devices/system/cpu/online>
248545 openat(AT_FDCWD</home/visitor/Documents/depthanything_u250_host_graph_r74_cpp_frame_graph_boundary>, "/sys/devices/system/cpu/online", O_RDONLY|O_CLOEXEC) = 3</sys/devices/system/cpu/online>
248545 openat(AT_FDCWD</home/visitor/Documents/depthanything_u250_host_graph_r74_cpp_frame_graph_boundary>, "/sys/devices/system/cpu/online", O_RDONLY|O_CLOEXEC) = 3</sys/devices/system/cpu/online>
248545 openat(AT_FDCWD</home/visitor/Documents/depthanything_u250_host_graph_r74_cpp_frame_graph_boundary>, "/sys/devices/system/cpu/online", O_RDONLY|O_CLOEXEC) = 3</sys/devices/system/cpu/online>
248545 openat(AT_FDCWD</home/visitor/Documents/depthanything_u250_host_graph_r74_cpp_frame_graph_boundary>, "/sys/devices/system/cpu/online", O_RDONLY|O_CLOEXEC) = 3</sys/devices/system/cpu/online>
248545 openat(AT_FDCWD</home/visitor/Documents/depthanything_u250_host_graph_r74_cpp_frame_graph_boundary>, "/sys/devices/system/cpu/online", O_RDONLY|O_CLOEXEC) = 3</sys/devices/system/cpu/online>
248545 openat(AT_FDCWD</home/visitor/Documents/depthanything_u250_host_graph_r74_cpp_frame_graph_boundary>, "/sys/devices/system/cpu/online", O_RDONLY|O_CLOEXEC) = 3</sys/devices/system/cpu/online>
248545 openat(AT_FDCWD</home/visitor/Documents/depthanything_u250_host_graph_r74_cpp_frame_graph_boundary>, "/sys/devices/system/cpu/online", O_RDONLY|O_CLOEXEC) = 3</sys/devices/system/cpu/online>
248545 openat(AT_FDCWD</home/visitor/Documents/depthanything_u250_host_graph_r74_cpp_frame_graph_boundary>, "/sys/devices/system/cpu/online", O_RDONLY|O_CLOEXEC) = 3</sys/devices/system/cpu/online>
248545 openat(AT_FDCWD</home/visitor/Documents/depthanything_u250_host_graph_r74_cpp_frame_graph_boundary>, "/sys/devices/system/cpu/online", O_RDONLY|O_CLOEXEC) = 3</sys/devices/system/cpu/online>
248545 openat(AT_FDCWD</home/visitor/Documents/depthanything_u250_host_graph_r74_cpp_frame_graph_boundary>, "/sys/devices/system/cpu/online", O_RDONLY|O_CLOEXEC) = 3</sys/devices/system/cpu/online>
248545 openat(AT_FDCWD</home/visitor/Documents/depthanything_u250_host_graph_r74_cpp_frame_graph_boundary>, "/sys/devices/system/cpu/online", O_RDONLY|O_CLOEXEC) = 3</sys/devices/system/cpu/online>
248545 openat(AT_FDCWD</home/visitor/Documents/depthanything_u250_host_graph_r74_cpp_frame_graph_boundary>, "/sys/devices/system/cpu/online", O_RDONLY|O_CLOEXEC) = 3</sys/devices/system/cpu/online>
248545 openat(AT_FDCWD</home/visitor/Documents/depthanything_u250_host_graph_r74_cpp_frame_graph_boundary>, "/sys/devices/system/cpu/online", O_RDONLY|O_CLOEXEC) = 3</sys/devices/system/cpu/online>
248545 openat(AT_FDCWD</home/visitor/Documents/depthanything_u250_host_graph_r74_cpp_frame_graph_boundary>, "/sys/devices/system/cpu/online", O_RDONLY|O_CLOEXEC) = 3</sys/devices/system/cpu/online>
248545 openat(AT_FDCWD</home/visitor/Documents/depthanything_u250_host_graph_r74_cpp_frame_graph_boundary>, "/sys/devices/system/cpu/online", O_RDONLY|O_CLOEXEC) = 3</sys/devices/system/cpu/online>
248545 openat(AT_FDCWD</home/visitor/Documents/depthanything_u250_host_graph_r74_cpp_frame_graph_boundary>, "/sys/devices/system/cpu/online", O_RDONLY|O_CLOEXEC) = 3</sys/devices/system/cpu/online>
248545 openat(AT_FDCWD</home/visitor/Documents/depthanything_u250_host_graph_r74_cpp_frame_graph_boundary>, "/sys/devices/system/cpu/online", O_RDONLY|O_CLOEXEC) = 3</sys/devices/system/cpu/online>
248545 openat(AT_FDCWD</home/visitor/Documents/depthanything_u250_host_graph_r74_cpp_frame_graph_boundary>, "/sys/devices/system/cpu/online", O_RDONLY|O_CLOEXEC) = 3</sys/devices/system/cpu/online>
248545 openat(AT_FDCWD</home/visitor/Documents/depthanything_u250_host_graph_r74_cpp_frame_graph_boundary>, "/sys/devices/system/cpu/online", O_RDONLY|O_CLOEXEC) = 3</sys/devices/system/cpu/online>
248545 openat(AT_FDCWD</home/visitor/Documents/depthanything_u250_host_graph_r74_cpp_frame_graph_boundary>, "/sys/devices/system/cpu/online", O_RDONLY|O_CLOEXEC) = 3</sys/devices/system/cpu/online>
248545 openat(AT_FDCWD</home/visitor/Documents/depthanything_u250_host_graph_r74_cpp_frame_graph_boundary>, "/sys/devices/system/cpu/online", O_RDONLY|O_CLOEXEC) = 3</sys/devices/system/cpu/online>
248545 openat(AT_FDCWD</home/visitor/Documents/depthanything_u250_host_graph_r74_cpp_frame_graph_boundary>, "/sys/devices/system/cpu/online", O_RDONLY|O_CLOEXEC) = 3</sys/devices/system/cpu/online>
248545 openat(AT_FDCWD</home/visitor/Documents/depthanything_u250_host_graph_r74_cpp_frame_graph_boundary>, "/sys/devices/system/cpu/online", O_RDONLY|O_CLOEXEC) = 3</sys/devices/system/cpu/online>
248545 openat(AT_FDCWD</home/visitor/Documents/depthanything_u250_host_graph_r74_cpp_frame_graph_boundary>, "/sys/devices/system/cpu/online", O_RDONLY|O_CLOEXEC) = 3</sys/devices/system/cpu/online>
248545 openat(AT_FDCWD</home/visitor/Documents/depthanything_u250_host_graph_r74_cpp_frame_graph_boundary>, "/sys/devices/system/cpu/online", O_RDONLY|O_CLOEXEC) = 3</sys/devices/system/cpu/online>
248545 openat(AT_FDCWD</home/visitor/Documents/depthanything_u250_host_graph_r74_cpp_frame_graph_boundary>, "/sys/devices/system/cpu/online", O_RDONLY|O_CLOEXEC) = 3</sys/devices/system/cpu/online>
248545 openat(AT_FDCWD</home/visitor/Documents/depthanything_u250_host_graph_r74_cpp_frame_graph_boundary>, "/sys/devices/system/cpu/online", O_RDONLY|O_CLOEXEC) = 3</sys/devices/system/cpu/online>
248545 openat(AT_FDCWD</home/visitor/Documents/depthanything_u250_host_graph_r74_cpp_frame_graph_boundary>, "/sys/devices/system/cpu/online", O_RDONLY|O_CLOEXEC) = 3</sys/devices/system/cpu/online>
248545 openat(AT_FDCWD</home/visitor/Documents/depthanything_u250_host_graph_r74_cpp_frame_graph_boundary>, "/sys/devices/system/cpu/online", O_RDONLY|O_CLOEXEC) = 3</sys/devices/system/cpu/online>
248545 openat(AT_FDCWD</home/visitor/Documents/depthanything_u250_host_graph_r74_cpp_frame_graph_boundary>, "/sys/devices/system/cpu/online", O_RDONLY|O_CLOEXEC) = 3</sys/devices/system/cpu/online>
248545 openat(AT_FDCWD</home/visitor/Documents/depthanything_u250_host_graph_r74_cpp_frame_graph_boundary>, "/sys/devices/system/cpu/online", O_RDONLY|O_CLOEXEC) = 3</sys/devices/system/cpu/online>
248545 openat(AT_FDCWD</home/visitor/Documents/depthanything_u250_host_graph_r74_cpp_frame_graph_boundary>, "/sys/devices/system/cpu/online", O_RDONLY|O_CLOEXEC) = 3</sys/devices/system/cpu/online>
248545 openat(AT_FDCWD</home/visitor/Documents/depthanything_u250_host_graph_r74_cpp_frame_graph_boundary>, "/sys/devices/system/cpu/online", O_RDONLY|O_CLOEXEC) = 3</sys/devices/system/cpu/online>
248545 openat(AT_FDCWD</home/visitor/Documents/depthanything_u250_host_graph_r74_cpp_frame_graph_boundary>, "/sys/devices/system/cpu/online", O_RDONLY|O_CLOEXEC) = 3</sys/devices/system/cpu/online>
248545 openat(AT_FDCWD</home/visitor/Documents/depthanything_u250_host_graph_r74_cpp_frame_graph_boundary>, "/sys/devices/system/cpu/online", O_RDONLY|O_CLOEXEC) = 3</sys/devices/system/cpu/online>
248545 openat(AT_FDCWD</home/visitor/Documents/depthanything_u250_host_graph_r74_cpp_frame_graph_boundary>, "/sys/devices/system/cpu/online", O_RDONLY|O_CLOEXEC) = 3</sys/devices/system/cpu/online>
248545 openat(AT_FDCWD</home/visitor/Documents/depthanything_u250_host_graph_r74_cpp_frame_graph_boundary>, "/sys/devices/system/cpu/online", O_RDONLY|O_CLOEXEC) = 3</sys/devices/system/cpu/online>
248545 openat(AT_FDCWD</home/visitor/Documents/depthanything_u250_host_graph_r74_cpp_frame_graph_boundary>, "/sys/devices/system/cpu/online", O_RDONLY|O_CLOEXEC) = 3</sys/devices/system/cpu/online>
248545 openat(AT_FDCWD</home/visitor/Documents/depthanything_u250_host_graph_r74_cpp_frame_graph_boundary>, "/sys/devices/system/cpu/online", O_RDONLY|O_CLOEXEC) = 3</sys/devices/system/cpu/online>
248545 openat(AT_FDCWD</home/visitor/Documents/depthanything_u250_host_graph_r74_cpp_frame_graph_boundary>, "/sys/devices/system/cpu/online", O_RDONLY|O_CLOEXEC) = 3</sys/devices/system/cpu/online>
248545 openat(AT_FDCWD</home/visitor/Documents/depthanything_u250_host_graph_r74_cpp_frame_graph_boundary>, "/sys/devices/system/cpu/online", O_RDONLY|O_CLOEXEC) = 3</sys/devices/system/cpu/online>
248545 openat(AT_FDCWD</home/visitor/Documents/depthanything_u250_host_graph_r74_cpp_frame_graph_boundary>, "/sys/devices/system/cpu/online", O_RDONLY|O_CLOEXEC) = 3</sys/devices/system/cpu/online>
248545 openat(AT_FDCWD</home/visitor/Documents/depthanything_u250_host_graph_r74_cpp_frame_graph_boundary>, "/sys/devices/system/cpu/online", O_RDONLY|O_CLOEXEC) = 3</sys/devices/system/cpu/online>
248545 openat(AT_FDCWD</home/visitor/Documents/depthanything_u250_host_graph_r74_cpp_frame_graph_boundary>, "/sys/devices/system/cpu/online", O_RDONLY|O_CLOEXEC) = 3</sys/devices/system/cpu/online>
248545 openat(AT_FDCWD</home/visitor/Documents/depthanything_u250_host_graph_r74_cpp_frame_graph_boundary>, "/sys/devices/system/cpu/online", O_RDONLY|O_CLOEXEC) = 3</sys/devices/system/cpu/online>
248545 openat(AT_FDCWD</home/visitor/Documents/depthanything_u250_host_graph_r74_cpp_frame_graph_boundary>, "/sys/devices/system/cpu/online", O_RDONLY|O_CLOEXEC) = 3</sys/devices/system/cpu/online>
248545 openat(AT_FDCWD</home/visitor/Documents/depthanything_u250_host_graph_r74_cpp_frame_graph_boundary>, "/sys/devices/system/cpu/online", O_RDONLY|O_CLOEXEC) = 3</sys/devices/system/cpu/online>
248545 openat(AT_FDCWD</home/visitor/Documents/depthanything_u250_host_graph_r74_cpp_frame_graph_boundary>, "/sys/devices/system/cpu/online", O_RDONLY|O_CLOEXEC) = 3</sys/devices/system/cpu/online>
248545 openat(AT_FDCWD</home/visitor/Documents/depthanything_u250_host_graph_r74_cpp_frame_graph_boundary>, "/sys/devices/system/cpu/online", O_RDONLY|O_CLOEXEC) = 3</sys/devices/system/cpu/online>
248545 openat(AT_FDCWD</home/visitor/Documents/depthanything_u250_host_graph_r74_cpp_frame_graph_boundary>, "/sys/devices/system/cpu/online", O_RDONLY|O_CLOEXEC) = 3</sys/devices/system/cpu/online>
248545 openat(AT_FDCWD</home/visitor/Documents/depthanything_u250_host_graph_r74_cpp_frame_graph_boundary>, "/sys/devices/system/cpu/online", O_RDONLY|O_CLOEXEC) = 3</sys/devices/system/cpu/online>
248545 openat(AT_FDCWD</home/visitor/Documents/depthanything_u250_host_graph_r74_cpp_frame_graph_boundary>, "/sys/devices/system/cpu/online", O_RDONLY|O_CLOEXEC) = 3</sys/devices/system/cpu/online>
248545 openat(AT_FDCWD</home/visitor/Documents/depthanything_u250_host_graph_r74_cpp_frame_graph_boundary>, "/sys/devices/system/cpu/online", O_RDONLY|O_CLOEXEC) = 3</sys/devices/system/cpu/online>
248545 openat(AT_FDCWD</home/visitor/Documents/depthanything_u250_host_graph_r74_cpp_frame_graph_boundary>, "/sys/devices/system/cpu/online", O_RDONLY|O_CLOEXEC) = 3</sys/devices/system/cpu/online>
248545 openat(AT_FDCWD</home/visitor/Documents/depthanything_u250_host_graph_r74_cpp_frame_graph_boundary>, "/sys/devices/system/cpu/online", O_RDONLY|O_CLOEXEC) = 3</sys/devices/system/cpu/online>
248545 openat(AT_FDCWD</home/visitor/Documents/depthanything_u250_host_graph_r74_cpp_frame_graph_boundary>, "/sys/devices/system/cpu/online", O_RDONLY|O_CLOEXEC) = 3</sys/devices/system/cpu/online>
248545 openat(AT_FDCWD</home/visitor/Documents/depthanything_u250_host_graph_r74_cpp_frame_graph_boundary>, "/sys/devices/system/cpu/online", O_RDONLY|O_CLOEXEC) = 3</sys/devices/system/cpu/online>
248545 openat(AT_FDCWD</home/visitor/Documents/depthanything_u250_host_graph_r74_cpp_frame_graph_boundary>, "/sys/devices/system/cpu/online", O_RDONLY|O_CLOEXEC) = 3</sys/devices/system/cpu/online>
248545 openat(AT_FDCWD</home/visitor/Documents/depthanything_u250_host_graph_r74_cpp_frame_graph_boundary>, "/sys/devices/system/cpu/online", O_RDONLY|O_CLOEXEC) = 3</sys/devices/system/cpu/online>
248545 openat(AT_FDCWD</home/visitor/Documents/depthanything_u250_host_graph_r74_cpp_frame_graph_boundary>, "/sys/devices/system/cpu/online", O_RDONLY|O_CLOEXEC) = 3</sys/devices/system/cpu/online>
248545 openat(AT_FDCWD</home/visitor/Documents/depthanything_u250_host_graph_r74_cpp_frame_graph_boundary>, "/sys/devices/system/cpu/online", O_RDONLY|O_CLOEXEC) = 3</sys/devices/system/cpu/online>
248545 openat(AT_FDCWD</home/visitor/Documents/depthanything_u250_host_graph_r74_cpp_frame_graph_boundary>, "/sys/devices/system/cpu/online", O_RDONLY|O_CLOEXEC) = 3</sys/devices/system/cpu/online>
248545 openat(AT_FDCWD</home/visitor/Documents/depthanything_u250_host_graph_r74_cpp_frame_graph_boundary>, "/sys/devices/system/cpu/online", O_RDONLY|O_CLOEXEC) = 3</sys/devices/system/cpu/online>
248545 openat(AT_FDCWD</home/visitor/Documents/depthanything_u250_host_graph_r74_cpp_frame_graph_boundary>, "/sys/devices/system/cpu/online", O_RDONLY|O_CLOEXEC) = 3</sys/devices/system/cpu/online>
248545 openat(AT_FDCWD</home/visitor/Documents/depthanything_u250_host_graph_r74_cpp_frame_graph_boundary>, "/sys/devices/system/cpu/online", O_RDONLY|O_CLOEXEC) = 3</sys/devices/system/cpu/online>
248545 openat(AT_FDCWD</home/visitor/Documents/depthanything_u250_host_graph_r74_cpp_frame_graph_boundary>, "/sys/devices/system/cpu/online", O_RDONLY|O_CLOEXEC) = 3</sys/devices/system/cpu/online>
248545 openat(AT_FDCWD</home/visitor/Documents/depthanything_u250_host_graph_r74_cpp_frame_graph_boundary>, "/sys/devices/system/cpu/online", O_RDONLY|O_CLOEXEC) = 3</sys/devices/system/cpu/online>
248545 openat(AT_FDCWD</home/visitor/Documents/depthanything_u250_host_graph_r74_cpp_frame_graph_boundary>, "/sys/devices/system/cpu/online", O_RDONLY|O_CLOEXEC) = 3</sys/devices/system/cpu/online>
248545 openat(AT_FDCWD</home/visitor/Documents/depthanything_u250_host_graph_r74_cpp_frame_graph_boundary>, "/sys/devices/system/cpu/online", O_RDONLY|O_CLOEXEC) = 3</sys/devices/system/cpu/online>
248545 openat(AT_FDCWD</home/visitor/Documents/depthanything_u250_host_graph_r74_cpp_frame_graph_boundary>, "/sys/devices/system/cpu/online", O_RDONLY|O_CLOEXEC) = 3</sys/devices/system/cpu/online>
248545 openat(AT_FDCWD</home/visitor/Documents/depthanything_u250_host_graph_r74_cpp_frame_graph_boundary>, "/sys/devices/system/cpu/online", O_RDONLY|O_CLOEXEC) = 3</sys/devices/system/cpu/online>
248545 openat(AT_FDCWD</home/visitor/Documents/depthanything_u250_host_graph_r74_cpp_frame_graph_boundary>, "/sys/devices/system/cpu/online", O_RDONLY|O_CLOEXEC) = 3</sys/devices/system/cpu/online>
248545 openat(AT_FDCWD</home/visitor/Documents/depthanything_u250_host_graph_r74_cpp_frame_graph_boundary>, "/sys/devices/system/cpu/online", O_RDONLY|O_CLOEXEC) = 3</sys/devices/system/cpu/online>
248545 openat(AT_FDCWD</home/visitor/Documents/depthanything_u250_host_graph_r74_cpp_frame_graph_boundary>, "/sys/devices/system/cpu/online", O_RDONLY|O_CLOEXEC) = 3</sys/devices/system/cpu/online>
248545 openat(AT_FDCWD</home/visitor/Documents/depthanything_u250_host_graph_r74_cpp_frame_graph_boundary>, "/sys/devices/system/cpu/online", O_RDONLY|O_CLOEXEC) = 3</sys/devices/system/cpu/online>
248545 openat(AT_FDCWD</home/visitor/Documents/depthanything_u250_host_graph_r74_cpp_frame_graph_boundary>, "/sys/devices/system/cpu/online", O_RDONLY|O_CLOEXEC) = 3</sys/devices/system/cpu/online>
248545 openat(AT_FDCWD</home/visitor/Documents/depthanything_u250_host_graph_r74_cpp_frame_graph_boundary>, "/sys/devices/system/cpu/online", O_RDONLY|O_CLOEXEC) = 3</sys/devices/system/cpu/online>
248545 openat(AT_FDCWD</home/visitor/Documents/depthanything_u250_host_graph_r74_cpp_frame_graph_boundary>, "/sys/devices/system/cpu/online", O_RDONLY|O_CLOEXEC) = 3</sys/devices/system/cpu/online>
248545 openat(AT_FDCWD</home/visitor/Documents/depthanything_u250_host_graph_r74_cpp_frame_graph_boundary>, "/sys/devices/system/cpu/online", O_RDONLY|O_CLOEXEC) = 3</sys/devices/system/cpu/online>
248545 openat(AT_FDCWD</home/visitor/Documents/depthanything_u250_host_graph_r74_cpp_frame_graph_boundary>, "/sys/devices/system/cpu/online", O_RDONLY|O_CLOEXEC) = 3</sys/devices/system/cpu/online>
248545 openat(AT_FDCWD</home/visitor/Documents/depthanything_u250_host_graph_r74_cpp_frame_graph_boundary>, "/sys/devices/system/cpu/online", O_RDONLY|O_CLOEXEC) = 3</sys/devices/system/cpu/online>
248545 openat(AT_FDCWD</home/visitor/Documents/depthanything_u250_host_graph_r74_cpp_frame_graph_boundary>, "/sys/devices/system/cpu/online", O_RDONLY|O_CLOEXEC) = 3</sys/devices/system/cpu/online>
248545 openat(AT_FDCWD</home/visitor/Documents/depthanything_u250_host_graph_r74_cpp_frame_graph_boundary>, "/sys/devices/system/cpu/online", O_RDONLY|O_CLOEXEC) = 3</sys/devices/system/cpu/online>
248545 openat(AT_FDCWD</home/visitor/Documents/depthanything_u250_host_graph_r74_cpp_frame_graph_boundary>, "/sys/devices/system/cpu/online", O_RDONLY|O_CLOEXEC) = 3</sys/devices/system/cpu/online>
248545 openat(AT_FDCWD</home/visitor/Documents/depthanything_u250_host_graph_r74_cpp_frame_graph_boundary>, "/sys/devices/system/cpu/online", O_RDONLY|O_CLOEXEC) = 3</sys/devices/system/cpu/online>
248545 openat(AT_FDCWD</home/visitor/Documents/depthanything_u250_host_graph_r74_cpp_frame_graph_boundary>, "/sys/devices/system/cpu/online", O_RDONLY|O_CLOEXEC) = 3</sys/devices/system/cpu/online>
248545 openat(AT_FDCWD</home/visitor/Documents/depthanything_u250_host_graph_r74_cpp_frame_graph_boundary>, "/sys/devices/system/cpu/online", O_RDONLY|O_CLOEXEC) = 3</sys/devices/system/cpu/online>
248545 openat(AT_FDCWD</home/visitor/Documents/depthanything_u250_host_graph_r74_cpp_frame_graph_boundary>, "/sys/devices/system/cpu/online", O_RDONLY|O_CLOEXEC) = 3</sys/devices/system/cpu/online>
248545 openat(AT_FDCWD</home/visitor/Documents/depthanything_u250_host_graph_r74_cpp_frame_graph_boundary>, "/sys/devices/system/cpu/online", O_RDONLY|O_CLOEXEC) = 3</sys/devices/system/cpu/online>
248545 openat(AT_FDCWD</home/visitor/Documents/depthanything_u250_host_graph_r74_cpp_frame_graph_boundary>, "/sys/devices/system/cpu/online", O_RDONLY|O_CLOEXEC) = 3</sys/devices/system/cpu/online>
248545 openat(AT_FDCWD</home/visitor/Documents/depthanything_u250_host_graph_r74_cpp_frame_graph_boundary>, "/sys/devices/system/cpu/online", O_RDONLY|O_CLOEXEC) = 3</sys/devices/system/cpu/online>
248545 openat(AT_FDCWD</home/visitor/Documents/depthanything_u250_host_graph_r74_cpp_frame_graph_boundary>, "/sys/devices/system/cpu/online", O_RDONLY|O_CLOEXEC) = 3</sys/devices/system/cpu/online>
248545 openat(AT_FDCWD</home/visitor/Documents/depthanything_u250_host_graph_r74_cpp_frame_graph_boundary>, "/sys/devices/system/cpu/online", O_RDONLY|O_CLOEXEC) = 3</sys/devices/system/cpu/online>
248545 openat(AT_FDCWD</home/visitor/Documents/depthanything_u250_host_graph_r74_cpp_frame_graph_boundary>, "/sys/devices/system/cpu/online", O_RDONLY|O_CLOEXEC) = 3</sys/devices/system/cpu/online>
248545 openat(AT_FDCWD</home/visitor/Documents/depthanything_u250_host_graph_r74_cpp_frame_graph_boundary>, "/sys/devices/system/cpu/online", O_RDONLY|O_CLOEXEC) = 3</sys/devices/system/cpu/online>
248545 openat(AT_FDCWD</home/visitor/Documents/depthanything_u250_host_graph_r74_cpp_frame_graph_boundary>, "/sys/devices/system/cpu/online", O_RDONLY|O_CLOEXEC) = 3</sys/devices/system/cpu/online>
248545 openat(AT_FDCWD</home/visitor/Documents/depthanything_u250_host_graph_r74_cpp_frame_graph_boundary>, "/sys/devices/system/cpu/online", O_RDONLY|O_CLOEXEC) = 3</sys/devices/system/cpu/online>
248545 openat(AT_FDCWD</home/visitor/Documents/depthanything_u250_host_graph_r74_cpp_frame_graph_boundary>, "/sys/devices/system/cpu/online", O_RDONLY|O_CLOEXEC) = 3</sys/devices/system/cpu/online>
248545 openat(AT_FDCWD</home/visitor/Documents/depthanything_u250_host_graph_r74_cpp_frame_graph_boundary>, "/sys/devices/system/cpu/online", O_RDONLY|O_CLOEXEC) = 3</sys/devices/system/cpu/online>
248545 openat(AT_FDCWD</home/visitor/Documents/depthanything_u250_host_graph_r74_cpp_frame_graph_boundary>, "/sys/devices/system/cpu/online", O_RDONLY|O_CLOEXEC) = 3</sys/devices/system/cpu/online>
248545 openat(AT_FDCWD</home/visitor/Documents/depthanything_u250_host_graph_r74_cpp_frame_graph_boundary>, "/sys/devices/system/cpu/online", O_RDONLY|O_CLOEXEC) = 3</sys/devices/system/cpu/online>
248545 openat(AT_FDCWD</home/visitor/Documents/depthanything_u250_host_graph_r74_cpp_frame_graph_boundary>, "/sys/devices/system/cpu/online", O_RDONLY|O_CLOEXEC) = 3</sys/devices/system/cpu/online>
248545 openat(AT_FDCWD</home/visitor/Documents/depthanything_u250_host_graph_r74_cpp_frame_graph_boundary>, "/sys/devices/system/cpu/online", O_RDONLY|O_CLOEXEC) = 3</sys/devices/system/cpu/online>
248545 openat(AT_FDCWD</home/visitor/Documents/depthanything_u250_host_graph_r74_cpp_frame_graph_boundary>, "/sys/devices/system/cpu/online", O_RDONLY|O_CLOEXEC) = 3</sys/devices/system/cpu/online>
248545 openat(AT_FDCWD</home/visitor/Documents/depthanything_u250_host_graph_r74_cpp_frame_graph_boundary>, "/sys/devices/system/cpu/online", O_RDONLY|O_CLOEXEC) = 3</sys/devices/system/cpu/online>
248545 openat(AT_FDCWD</home/visitor/Documents/depthanything_u250_host_graph_r74_cpp_frame_graph_boundary>, "/sys/devices/system/cpu/online", O_RDONLY|O_CLOEXEC) = 3</sys/devices/system/cpu/online>
248545 openat(AT_FDCWD</home/visitor/Documents/depthanything_u250_host_graph_r74_cpp_frame_graph_boundary>, "/sys/devices/system/cpu/online", O_RDONLY|O_CLOEXEC) = 3</sys/devices/system/cpu/online>
248545 openat(AT_FDCWD</home/visitor/Documents/depthanything_u250_host_graph_r74_cpp_frame_graph_boundary>, "/sys/devices/system/cpu/online", O_RDONLY|O_CLOEXEC) = 3</sys/devices/system/cpu/online>
248545 openat(AT_FDCWD</home/visitor/Documents/depthanything_u250_host_graph_r74_cpp_frame_graph_boundary>, "/sys/devices/system/cpu/online", O_RDONLY|O_CLOEXEC) = 3</sys/devices/system/cpu/online>
248545 openat(AT_FDCWD</home/visitor/Documents/depthanything_u250_host_graph_r74_cpp_frame_graph_boundary>, "/sys/devices/system/cpu/online", O_RDONLY|O_CLOEXEC) = 3</sys/devices/system/cpu/online>
248545 openat(AT_FDCWD</home/visitor/Documents/depthanything_u250_host_graph_r74_cpp_frame_graph_boundary>, "/sys/devices/system/cpu/online", O_RDONLY|O_CLOEXEC) = 3</sys/devices/system/cpu/online>
248545 openat(AT_FDCWD</home/visitor/Documents/depthanything_u250_host_graph_r74_cpp_frame_graph_boundary>, "/sys/devices/system/cpu/online", O_RDONLY|O_CLOEXEC) = 3</sys/devices/system/cpu/online>
248545 openat(AT_FDCWD</home/visitor/Documents/depthanything_u250_host_graph_r74_cpp_frame_graph_boundary>, "/sys/devices/system/cpu/online", O_RDONLY|O_CLOEXEC) = 3</sys/devices/system/cpu/online>
248545 openat(AT_FDCWD</home/visitor/Documents/depthanything_u250_host_graph_r74_cpp_frame_graph_boundary>, "/sys/devices/system/cpu/online", O_RDONLY|O_CLOEXEC) = 3</sys/devices/system/cpu/online>
248545 openat(AT_FDCWD</home/visitor/Documents/depthanything_u250_host_graph_r74_cpp_frame_graph_boundary>, "/sys/devices/system/cpu/online", O_RDONLY|O_CLOEXEC) = 3</sys/devices/system/cpu/online>
248545 openat(AT_FDCWD</home/visitor/Documents/depthanything_u250_host_graph_r74_cpp_frame_graph_boundary>, "/sys/devices/system/cpu/online", O_RDONLY|O_CLOEXEC) = 3</sys/devices/system/cpu/online>
248545 openat(AT_FDCWD</home/visitor/Documents/depthanything_u250_host_graph_r74_cpp_frame_graph_boundary>, "/sys/devices/system/cpu/online", O_RDONLY|O_CLOEXEC) = 3</sys/devices/system/cpu/online>
248545 openat(AT_FDCWD</home/visitor/Documents/depthanything_u250_host_graph_r74_cpp_frame_graph_boundary>, "/sys/devices/system/cpu/online", O_RDONLY|O_CLOEXEC) = 3</sys/devices/system/cpu/online>
248545 openat(AT_FDCWD</home/visitor/Documents/depthanything_u250_host_graph_r74_cpp_frame_graph_boundary>, "/sys/devices/system/cpu/online", O_RDONLY|O_CLOEXEC) = 3</sys/devices/system/cpu/online>
248545 openat(AT_FDCWD</home/visitor/Documents/depthanything_u250_host_graph_r74_cpp_frame_graph_boundary>, "/sys/devices/system/cpu/online", O_RDONLY|O_CLOEXEC) = 3</sys/devices/system/cpu/online>
248545 openat(AT_FDCWD</home/visitor/Documents/depthanything_u250_host_graph_r74_cpp_frame_graph_boundary>, "/sys/devices/system/cpu/online", O_RDONLY|O_CLOEXEC) = 3</sys/devices/system/cpu/online>
248545 openat(AT_FDCWD</home/visitor/Documents/depthanything_u250_host_graph_r74_cpp_frame_graph_boundary>, "/sys/devices/system/cpu/online", O_RDONLY|O_CLOEXEC) = 3</sys/devices/system/cpu/online>
248545 openat(AT_FDCWD</home/visitor/Documents/depthanything_u250_host_graph_r74_cpp_frame_graph_boundary>, "/sys/devices/system/cpu/online", O_RDONLY|O_CLOEXEC) = 3</sys/devices/system/cpu/online>
248545 openat(AT_FDCWD</home/visitor/Documents/depthanything_u250_host_graph_r74_cpp_frame_graph_boundary>, "/sys/devices/system/cpu/online", O_RDONLY|O_CLOEXEC) = 3</sys/devices/system/cpu/online>
248545 openat(AT_FDCWD</home/visitor/Documents/depthanything_u250_host_graph_r74_cpp_frame_graph_boundary>, "/sys/devices/system/cpu/online", O_RDONLY|O_CLOEXEC) = 3</sys/devices/system/cpu/online>
248545 openat(AT_FDCWD</home/visitor/Documents/depthanything_u250_host_graph_r74_cpp_frame_graph_boundary>, "/sys/devices/system/cpu/online", O_RDONLY|O_CLOEXEC) = 3</sys/devices/system/cpu/online>
248545 openat(AT_FDCWD</home/visitor/Documents/depthanything_u250_host_graph_r74_cpp_frame_graph_boundary>, "/sys/devices/system/cpu/online", O_RDONLY|O_CLOEXEC) = 3</sys/devices/system/cpu/online>
248545 openat(AT_FDCWD</home/visitor/Documents/depthanything_u250_host_graph_r74_cpp_frame_graph_boundary>, "/sys/devices/system/cpu/online", O_RDONLY|O_CLOEXEC) = 3</sys/devices/system/cpu/online>
248545 openat(AT_FDCWD</home/visitor/Documents/depthanything_u250_host_graph_r74_cpp_frame_graph_boundary>, "/sys/devices/system/cpu/online", O_RDONLY|O_CLOEXEC) = 3</sys/devices/system/cpu/online>
248545 openat(AT_FDCWD</home/visitor/Documents/depthanything_u250_host_graph_r74_cpp_frame_graph_boundary>, "/sys/devices/system/cpu/online", O_RDONLY|O_CLOEXEC) = 3</sys/devices/system/cpu/online>
248545 openat(AT_FDCWD</home/visitor/Documents/depthanything_u250_host_graph_r74_cpp_frame_graph_boundary>, "/sys/devices/system/cpu/online", O_RDONLY|O_CLOEXEC) = 3</sys/devices/system/cpu/online>
248545 openat(AT_FDCWD</home/visitor/Documents/depthanything_u250_host_graph_r74_cpp_frame_graph_boundary>, "/sys/devices/system/cpu/online", O_RDONLY|O_CLOEXEC) = 3</sys/devices/system/cpu/online>
248545 openat(AT_FDCWD</home/visitor/Documents/depthanything_u250_host_graph_r74_cpp_frame_graph_boundary>, "/sys/devices/system/cpu/online", O_RDONLY|O_CLOEXEC) = 3</sys/devices/system/cpu/online>
248545 openat(AT_FDCWD</home/visitor/Documents/depthanything_u250_host_graph_r74_cpp_frame_graph_boundary>, "/sys/devices/system/cpu/online", O_RDONLY|O_CLOEXEC) = 3</sys/devices/system/cpu/online>
248545 openat(AT_FDCWD</home/visitor/Documents/depthanything_u250_host_graph_r74_cpp_frame_graph_boundary>, "/sys/devices/system/cpu/online", O_RDONLY|O_CLOEXEC) = 3</sys/devices/system/cpu/online>
248545 openat(AT_FDCWD</home/visitor/Documents/depthanything_u250_host_graph_r74_cpp_frame_graph_boundary>, "/sys/devices/system/cpu/online", O_RDONLY|O_CLOEXEC) = 3</sys/devices/system/cpu/online>
248545 openat(AT_FDCWD</home/visitor/Documents/depthanything_u250_host_graph_r74_cpp_frame_graph_boundary>, "/sys/devices/system/cpu/online", O_RDONLY|O_CLOEXEC) = 3</sys/devices/system/cpu/online>
248545 openat(AT_FDCWD</home/visitor/Documents/depthanything_u250_host_graph_r74_cpp_frame_graph_boundary>, "/sys/devices/system/cpu/online", O_RDONLY|O_CLOEXEC) = 3</sys/devices/system/cpu/online>
248545 openat(AT_FDCWD</home/visitor/Documents/depthanything_u250_host_graph_r74_cpp_frame_graph_boundary>, "/sys/devices/system/cpu/online", O_RDONLY|O_CLOEXEC) = 3</sys/devices/system/cpu/online>
248545 openat(AT_FDCWD</home/visitor/Documents/depthanything_u250_host_graph_r74_cpp_frame_graph_boundary>, "/sys/devices/system/cpu/online", O_RDONLY|O_CLOEXEC) = 3</sys/devices/system/cpu/online>
248545 openat(AT_FDCWD</home/visitor/Documents/depthanything_u250_host_graph_r74_cpp_frame_graph_boundary>, "/sys/devices/system/cpu/online", O_RDONLY|O_CLOEXEC) = 3</sys/devices/system/cpu/online>
248545 openat(AT_FDCWD</home/visitor/Documents/depthanything_u250_host_graph_r74_cpp_frame_graph_boundary>, "/sys/devices/system/cpu/online", O_RDONLY|O_CLOEXEC) = 3</sys/devices/system/cpu/online>
248545 openat(AT_FDCWD</home/visitor/Documents/depthanything_u250_host_graph_r74_cpp_frame_graph_boundary>, "/sys/devices/system/cpu/online", O_RDONLY|O_CLOEXEC) = 3</sys/devices/system/cpu/online>
248545 openat(AT_FDCWD</home/visitor/Documents/depthanything_u250_host_graph_r74_cpp_frame_graph_boundary>, "/sys/devices/system/cpu/online", O_RDONLY|O_CLOEXEC) = 3</sys/devices/system/cpu/online>
248545 openat(AT_FDCWD</home/visitor/Documents/depthanything_u250_host_graph_r74_cpp_frame_graph_boundary>, "/sys/devices/system/cpu/online", O_RDONLY|O_CLOEXEC) = 3</sys/devices/system/cpu/online>
248545 openat(AT_FDCWD</home/visitor/Documents/depthanything_u250_host_graph_r74_cpp_frame_graph_boundary>, "/sys/devices/system/cpu/online", O_RDONLY|O_CLOEXEC) = 3</sys/devices/system/cpu/online>
248545 openat(AT_FDCWD</home/visitor/Documents/depthanything_u250_host_graph_r74_cpp_frame_graph_boundary>, "/sys/devices/system/cpu/online", O_RDONLY|O_CLOEXEC) = 3</sys/devices/system/cpu/online>
248545 openat(AT_FDCWD</home/visitor/Documents/depthanything_u250_host_graph_r74_cpp_frame_graph_boundary>, "/sys/devices/system/cpu/online", O_RDONLY|O_CLOEXEC) = 3</sys/devices/system/cpu/online>
248545 openat(AT_FDCWD</home/visitor/Documents/depthanything_u250_host_graph_r74_cpp_frame_graph_boundary>, "/sys/devices/system/cpu/online", O_RDONLY|O_CLOEXEC) = 3</sys/devices/system/cpu/online>
248545 openat(AT_FDCWD</home/visitor/Documents/depthanything_u250_host_graph_r74_cpp_frame_graph_boundary>, "/sys/devices/system/cpu/online", O_RDONLY|O_CLOEXEC) = 3</sys/devices/system/cpu/online>
248545 openat(AT_FDCWD</home/visitor/Documents/depthanything_u250_host_graph_r74_cpp_frame_graph_boundary>, "/sys/devices/system/cpu/online", O_RDONLY|O_CLOEXEC) = 3</sys/devices/system/cpu/online>
248545 openat(AT_FDCWD</home/visitor/Documents/depthanything_u250_host_graph_r74_cpp_frame_graph_boundary>, "/sys/devices/system/cpu/online", O_RDONLY|O_CLOEXEC) = 3</sys/devices/system/cpu/online>
248545 openat(AT_FDCWD</home/visitor/Documents/depthanything_u250_host_graph_r74_cpp_frame_graph_boundary>, "/sys/devices/system/cpu/online", O_RDONLY|O_CLOEXEC) = 3</sys/devices/system/cpu/online>
248545 openat(AT_FDCWD</home/visitor/Documents/depthanything_u250_host_graph_r74_cpp_frame_graph_boundary>, "/sys/devices/system/cpu/online", O_RDONLY|O_CLOEXEC) = 3</sys/devices/system/cpu/online>
248545 openat(AT_FDCWD</home/visitor/Documents/depthanything_u250_host_graph_r74_cpp_frame_graph_boundary>, "/sys/devices/system/cpu/online", O_RDONLY|O_CLOEXEC) = 3</sys/devices/system/cpu/online>
248545 openat(AT_FDCWD</home/visitor/Documents/depthanything_u250_host_graph_r74_cpp_frame_graph_boundary>, "/sys/devices/system/cpu/online", O_RDONLY|O_CLOEXEC) = 3</sys/devices/system/cpu/online>
248545 openat(AT_FDCWD</home/visitor/Documents/depthanything_u250_host_graph_r74_cpp_frame_graph_boundary>, "/sys/devices/system/cpu/online", O_RDONLY|O_CLOEXEC) = 3</sys/devices/system/cpu/online>
248545 openat(AT_FDCWD</home/visitor/Documents/depthanything_u250_host_graph_r74_cpp_frame_graph_boundary>, "/sys/devices/system/cpu/online", O_RDONLY|O_CLOEXEC) = 3</sys/devices/system/cpu/online>
248545 openat(AT_FDCWD</home/visitor/Documents/depthanything_u250_host_graph_r74_cpp_frame_graph_boundary>, "/sys/devices/system/cpu/online", O_RDONLY|O_CLOEXEC) = 3</sys/devices/system/cpu/online>
248545 openat(AT_FDCWD</home/visitor/Documents/depthanything_u250_host_graph_r74_cpp_frame_graph_boundary>, "/sys/devices/system/cpu/online", O_RDONLY|O_CLOEXEC) = 3</sys/devices/system/cpu/online>
248545 openat(AT_FDCWD</home/visitor/Documents/depthanything_u250_host_graph_r74_cpp_frame_graph_boundary>, "/sys/devices/system/cpu/online", O_RDONLY|O_CLOEXEC) = 3</sys/devices/system/cpu/online>
248545 openat(AT_FDCWD</home/visitor/Documents/depthanything_u250_host_graph_r74_cpp_frame_graph_boundary>, "/sys/devices/system/cpu/online", O_RDONLY|O_CLOEXEC) = 3</sys/devices/system/cpu/online>
248545 openat(AT_FDCWD</home/visitor/Documents/depthanything_u250_host_graph_r74_cpp_frame_graph_boundary>, "/sys/devices/system/cpu/online", O_RDONLY|O_CLOEXEC) = 3</sys/devices/system/cpu/online>
248545 openat(AT_FDCWD</home/visitor/Documents/depthanything_u250_host_graph_r74_cpp_frame_graph_boundary>, "/sys/devices/system/cpu/online", O_RDONLY|O_CLOEXEC) = 3</sys/devices/system/cpu/online>
248545 openat(AT_FDCWD</home/visitor/Documents/depthanything_u250_host_graph_r74_cpp_frame_graph_boundary>, "/sys/devices/system/cpu/online", O_RDONLY|O_CLOEXEC) = 3</sys/devices/system/cpu/online>
248545 openat(AT_FDCWD</home/visitor/Documents/depthanything_u250_host_graph_r74_cpp_frame_graph_boundary>, "/sys/devices/system/cpu/online", O_RDONLY|O_CLOEXEC) = 3</sys/devices/system/cpu/online>
248545 openat(AT_FDCWD</home/visitor/Documents/depthanything_u250_host_graph_r74_cpp_frame_graph_boundary>, "/sys/devices/system/cpu/online", O_RDONLY|O_CLOEXEC) = 3</sys/devices/system/cpu/online>
248545 openat(AT_FDCWD</home/visitor/Documents/depthanything_u250_host_graph_r74_cpp_frame_graph_boundary>, "/sys/devices/system/cpu/online", O_RDONLY|O_CLOEXEC) = 3</sys/devices/system/cpu/online>
248545 openat(AT_FDCWD</home/visitor/Documents/depthanything_u250_host_graph_r74_cpp_frame_graph_boundary>, "/sys/devices/system/cpu/online", O_RDONLY|O_CLOEXEC) = 3</sys/devices/system/cpu/online>
248545 openat(AT_FDCWD</home/visitor/Documents/depthanything_u250_host_graph_r74_cpp_frame_graph_boundary>, "/sys/devices/system/cpu/online", O_RDONLY|O_CLOEXEC) = 3</sys/devices/system/cpu/online>
248545 openat(AT_FDCWD</home/visitor/Documents/depthanything_u250_host_graph_r74_cpp_frame_graph_boundary>, "/sys/devices/system/cpu/online", O_RDONLY|O_CLOEXEC) = 3</sys/devices/system/cpu/online>
248545 openat(AT_FDCWD</home/visitor/Documents/depthanything_u250_host_graph_r74_cpp_frame_graph_boundary>, "/sys/devices/system/cpu/online", O_RDONLY|O_CLOEXEC) = 3</sys/devices/system/cpu/online>
248545 openat(AT_FDCWD</home/visitor/Documents/depthanything_u250_host_graph_r74_cpp_frame_graph_boundary>, "/sys/devices/system/cpu/online", O_RDONLY|O_CLOEXEC) = 3</sys/devices/system/cpu/online>
248545 openat(AT_FDCWD</home/visitor/Documents/depthanything_u250_host_graph_r74_cpp_frame_graph_boundary>, "/sys/devices/system/cpu/online", O_RDONLY|O_CLOEXEC) = 3</sys/devices/system/cpu/online>
248545 openat(AT_FDCWD</home/visitor/Documents/depthanything_u250_host_graph_r74_cpp_frame_graph_boundary>, "/sys/devices/system/cpu/online", O_RDONLY|O_CLOEXEC) = 3</sys/devices/system/cpu/online>
248545 openat(AT_FDCWD</home/visitor/Documents/depthanything_u250_host_graph_r74_cpp_frame_graph_boundary>, "/sys/devices/system/cpu/online", O_RDONLY|O_CLOEXEC) = 3</sys/devices/system/cpu/online>
248545 openat(AT_FDCWD</home/visitor/Documents/depthanything_u250_host_graph_r74_cpp_frame_graph_boundary>, "/sys/devices/system/cpu/online", O_RDONLY|O_CLOEXEC) = 3</sys/devices/system/cpu/online>
248545 openat(AT_FDCWD</home/visitor/Documents/depthanything_u250_host_graph_r74_cpp_frame_graph_boundary>, "/sys/devices/system/cpu/online", O_RDONLY|O_CLOEXEC) = 3</sys/devices/system/cpu/online>
248545 openat(AT_FDCWD</home/visitor/Documents/depthanything_u250_host_graph_r74_cpp_frame_graph_boundary>, "/sys/devices/system/cpu/online", O_RDONLY|O_CLOEXEC) = 3</sys/devices/system/cpu/online>
248545 openat(AT_FDCWD</home/visitor/Documents/depthanything_u250_host_graph_r74_cpp_frame_graph_boundary>, "/sys/devices/system/cpu/online", O_RDONLY|O_CLOEXEC) = 3</sys/devices/system/cpu/online>
248545 openat(AT_FDCWD</home/visitor/Documents/depthanything_u250_host_graph_r74_cpp_frame_graph_boundary>, "/sys/devices/system/cpu/online", O_RDONLY|O_CLOEXEC) = 3</sys/devices/system/cpu/online>
248545 openat(AT_FDCWD</home/visitor/Documents/depthanything_u250_host_graph_r74_cpp_frame_graph_boundary>, "/sys/devices/system/cpu/online", O_RDONLY|O_CLOEXEC) = 3</sys/devices/system/cpu/online>
248545 openat(AT_FDCWD</home/visitor/Documents/depthanything_u250_host_graph_r74_cpp_frame_graph_boundary>, "/sys/devices/system/cpu/online", O_RDONLY|O_CLOEXEC) = 3</sys/devices/system/cpu/online>
248545 openat(AT_FDCWD</home/visitor/Documents/depthanything_u250_host_graph_r74_cpp_frame_graph_boundary>, "/sys/devices/system/cpu/online", O_RDONLY|O_CLOEXEC) = 3</sys/devices/system/cpu/online>
248545 openat(AT_FDCWD</home/visitor/Documents/depthanything_u250_host_graph_r74_cpp_frame_graph_boundary>, "/sys/devices/system/cpu/online", O_RDONLY|O_CLOEXEC) = 3</sys/devices/system/cpu/online>
248545 openat(AT_FDCWD</home/visitor/Documents/depthanything_u250_host_graph_r74_cpp_frame_graph_boundary>, "/sys/devices/system/cpu/online", O_RDONLY|O_CLOEXEC) = 3</sys/devices/system/cpu/online>
248545 openat(AT_FDCWD</home/visitor/Documents/depthanything_u250_host_graph_r74_cpp_frame_graph_boundary>, "/sys/devices/system/cpu/online", O_RDONLY|O_CLOEXEC) = 3</sys/devices/system/cpu/online>
248545 openat(AT_FDCWD</home/visitor/Documents/depthanything_u250_host_graph_r74_cpp_frame_graph_boundary>, "/sys/devices/system/cpu/online", O_RDONLY|O_CLOEXEC) = 3</sys/devices/system/cpu/online>
248545 openat(AT_FDCWD</home/visitor/Documents/depthanything_u250_host_graph_r74_cpp_frame_graph_boundary>, "/sys/devices/system/cpu/online", O_RDONLY|O_CLOEXEC) = 3</sys/devices/system/cpu/online>
248545 openat(AT_FDCWD</home/visitor/Documents/depthanything_u250_host_graph_r74_cpp_frame_graph_boundary>, "/sys/devices/system/cpu/online", O_RDONLY|O_CLOEXEC) = 3</sys/devices/system/cpu/online>
248545 openat(AT_FDCWD</home/visitor/Documents/depthanything_u250_host_graph_r74_cpp_frame_graph_boundary>, "/sys/devices/system/cpu/online", O_RDONLY|O_CLOEXEC) = 3</sys/devices/system/cpu/online>
248545 openat(AT_FDCWD</home/visitor/Documents/depthanything_u250_host_graph_r74_cpp_frame_graph_boundary>, "/sys/devices/system/cpu/online", O_RDONLY|O_CLOEXEC) = 3</sys/devices/system/cpu/online>
248545 openat(AT_FDCWD</home/visitor/Documents/depthanything_u250_host_graph_r74_cpp_frame_graph_boundary>, "/sys/devices/system/cpu/online", O_RDONLY|O_CLOEXEC) = 3</sys/devices/system/cpu/online>
248545 openat(AT_FDCWD</home/visitor/Documents/depthanything_u250_host_graph_r74_cpp_frame_graph_boundary>, "/sys/devices/system/cpu/online", O_RDONLY|O_CLOEXEC) = 3</sys/devices/system/cpu/online>
248545 openat(AT_FDCWD</home/visitor/Documents/depthanything_u250_host_graph_r74_cpp_frame_graph_boundary>, "/sys/devices/system/cpu/online", O_RDONLY|O_CLOEXEC) = 3</sys/devices/system/cpu/online>
248545 openat(AT_FDCWD</home/visitor/Documents/depthanything_u250_host_graph_r74_cpp_frame_graph_boundary>, "/sys/devices/system/cpu/online", O_RDONLY|O_CLOEXEC) = 3</sys/devices/system/cpu/online>
248545 openat(AT_FDCWD</home/visitor/Documents/depthanything_u250_host_graph_r74_cpp_frame_graph_boundary>, "/sys/devices/system/cpu/online", O_RDONLY|O_CLOEXEC) = 3</sys/devices/system/cpu/online>
248545 openat(AT_FDCWD</home/visitor/Documents/depthanything_u250_host_graph_r74_cpp_frame_graph_boundary>, "/sys/devices/system/cpu/online", O_RDONLY|O_CLOEXEC) = 3</sys/devices/system/cpu/online>
248545 openat(AT_FDCWD</home/visitor/Documents/depthanything_u250_host_graph_r74_cpp_frame_graph_boundary>, "/sys/devices/system/cpu/online", O_RDONLY|O_CLOEXEC) = 3</sys/devices/system/cpu/online>
248545 openat(AT_FDCWD</home/visitor/Documents/depthanything_u250_host_graph_r74_cpp_frame_graph_boundary>, "/sys/devices/system/cpu/online", O_RDONLY|O_CLOEXEC) = 3</sys/devices/system/cpu/online>
248545 openat(AT_FDCWD</home/visitor/Documents/depthanything_u250_host_graph_r74_cpp_frame_graph_boundary>, "/sys/devices/system/cpu/online", O_RDONLY|O_CLOEXEC) = 3</sys/devices/system/cpu/online>
248545 openat(AT_FDCWD</home/visitor/Documents/depthanything_u250_host_graph_r74_cpp_frame_graph_boundary>, "/sys/devices/system/cpu/online", O_RDONLY|O_CLOEXEC) = 3</sys/devices/system/cpu/online>
248545 openat(AT_FDCWD</home/visitor/Documents/depthanything_u250_host_graph_r74_cpp_frame_graph_boundary>, "/sys/devices/system/cpu/online", O_RDONLY|O_CLOEXEC) = 3</sys/devices/system/cpu/online>
248545 openat(AT_FDCWD</home/visitor/Documents/depthanything_u250_host_graph_r74_cpp_frame_graph_boundary>, "/sys/devices/system/cpu/online", O_RDONLY|O_CLOEXEC) = 3</sys/devices/system/cpu/online>
248545 openat(AT_FDCWD</home/visitor/Documents/depthanything_u250_host_graph_r74_cpp_frame_graph_boundary>, "/sys/devices/system/cpu/online", O_RDONLY|O_CLOEXEC) = 3</sys/devices/system/cpu/online>
248545 openat(AT_FDCWD</home/visitor/Documents/depthanything_u250_host_graph_r74_cpp_frame_graph_boundary>, "/sys/devices/system/cpu/online", O_RDONLY|O_CLOEXEC) = 3</sys/devices/system/cpu/online>
248545 openat(AT_FDCWD</home/visitor/Documents/depthanything_u250_host_graph_r74_cpp_frame_graph_boundary>, "/sys/devices/system/cpu/online", O_RDONLY|O_CLOEXEC) = 3</sys/devices/system/cpu/online>
248545 openat(AT_FDCWD</home/visitor/Documents/depthanything_u250_host_graph_r74_cpp_frame_graph_boundary>, "/sys/devices/system/cpu/online", O_RDONLY|O_CLOEXEC) = 3</sys/devices/system/cpu/online>
248545 openat(AT_FDCWD</home/visitor/Documents/depthanything_u250_host_graph_r74_cpp_frame_graph_boundary>, "/sys/devices/system/cpu/online", O_RDONLY|O_CLOEXEC) = 3</sys/devices/system/cpu/online>
248545 openat(AT_FDCWD</home/visitor/Documents/depthanything_u250_host_graph_r74_cpp_frame_graph_boundary>, "/sys/devices/system/cpu/online", O_RDONLY|O_CLOEXEC) = 3</sys/devices/system/cpu/online>
248545 openat(AT_FDCWD</home/visitor/Documents/depthanything_u250_host_graph_r74_cpp_frame_graph_boundary>, "/sys/devices/system/cpu/online", O_RDONLY|O_CLOEXEC) = 3</sys/devices/system/cpu/online>
248545 openat(AT_FDCWD</home/visitor/Documents/depthanything_u250_host_graph_r74_cpp_frame_graph_boundary>, "/sys/devices/system/cpu/online", O_RDONLY|O_CLOEXEC) = 3</sys/devices/system/cpu/online>
248545 openat(AT_FDCWD</home/visitor/Documents/depthanything_u250_host_graph_r74_cpp_frame_graph_boundary>, "/sys/devices/system/cpu/online", O_RDONLY|O_CLOEXEC) = 3</sys/devices/system/cpu/online>
248545 openat(AT_FDCWD</home/visitor/Documents/depthanything_u250_host_graph_r74_cpp_frame_graph_boundary>, "/sys/devices/system/cpu/online", O_RDONLY|O_CLOEXEC) = 3</sys/devices/system/cpu/online>
248545 openat(AT_FDCWD</home/visitor/Documents/depthanything_u250_host_graph_r74_cpp_frame_graph_boundary>, "/sys/devices/system/cpu/online", O_RDONLY|O_CLOEXEC) = 3</sys/devices/system/cpu/online>
248545 openat(AT_FDCWD</home/visitor/Documents/depthanything_u250_host_graph_r74_cpp_frame_graph_boundary>, "/sys/devices/system/cpu/online", O_RDONLY|O_CLOEXEC) = 3</sys/devices/system/cpu/online>
248545 openat(AT_FDCWD</home/visitor/Documents/depthanything_u250_host_graph_r74_cpp_frame_graph_boundary>, "/sys/devices/system/cpu/online", O_RDONLY|O_CLOEXEC) = 3</sys/devices/system/cpu/online>
248545 openat(AT_FDCWD</home/visitor/Documents/depthanything_u250_host_graph_r74_cpp_frame_graph_boundary>, "/sys/devices/system/cpu/online", O_RDONLY|O_CLOEXEC) = 3</sys/devices/system/cpu/online>
248545 openat(AT_FDCWD</home/visitor/Documents/depthanything_u250_host_graph_r74_cpp_frame_graph_boundary>, "/sys/devices/system/cpu/online", O_RDONLY|O_CLOEXEC) = 3</sys/devices/system/cpu/online>
248545 openat(AT_FDCWD</home/visitor/Documents/depthanything_u250_host_graph_r74_cpp_frame_graph_boundary>, "/sys/devices/system/cpu/online", O_RDONLY|O_CLOEXEC) = 3</sys/devices/system/cpu/online>
248545 openat(AT_FDCWD</home/visitor/Documents/depthanything_u250_host_graph_r74_cpp_frame_graph_boundary>, "/sys/devices/system/cpu/online", O_RDONLY|O_CLOEXEC) = 3</sys/devices/system/cpu/online>
248545 openat(AT_FDCWD</home/visitor/Documents/depthanything_u250_host_graph_r74_cpp_frame_graph_boundary>, "/sys/devices/system/cpu/online", O_RDONLY|O_CLOEXEC) = 3</sys/devices/system/cpu/online>
248545 openat(AT_FDCWD</home/visitor/Documents/depthanything_u250_host_graph_r74_cpp_frame_graph_boundary>, "/sys/devices/system/cpu/online", O_RDONLY|O_CLOEXEC) = 3</sys/devices/system/cpu/online>
248545 openat(AT_FDCWD</home/visitor/Documents/depthanything_u250_host_graph_r74_cpp_frame_graph_boundary>, "/sys/devices/system/cpu/online", O_RDONLY|O_CLOEXEC) = 3</sys/devices/system/cpu/online>
248545 openat(AT_FDCWD</home/visitor/Documents/depthanything_u250_host_graph_r74_cpp_frame_graph_boundary>, "/sys/devices/system/cpu/online", O_RDONLY|O_CLOEXEC) = 3</sys/devices/system/cpu/online>
248545 openat(AT_FDCWD</home/visitor/Documents/depthanything_u250_host_graph_r74_cpp_frame_graph_boundary>, "/sys/devices/system/cpu/online", O_RDONLY|O_CLOEXEC) = 3</sys/devices/system/cpu/online>
248545 openat(AT_FDCWD</home/visitor/Documents/depthanything_u250_host_graph_r74_cpp_frame_graph_boundary>, "/sys/devices/system/cpu/online", O_RDONLY|O_CLOEXEC) = 3</sys/devices/system/cpu/online>
248545 openat(AT_FDCWD</home/visitor/Documents/depthanything_u250_host_graph_r74_cpp_frame_graph_boundary>, "/sys/devices/system/cpu/online", O_RDONLY|O_CLOEXEC) = 3</sys/devices/system/cpu/online>
248545 openat(AT_FDCWD</home/visitor/Documents/depthanything_u250_host_graph_r74_cpp_frame_graph_boundary>, "/sys/devices/system/cpu/online", O_RDONLY|O_CLOEXEC) = 3</sys/devices/system/cpu/online>
248545 openat(AT_FDCWD</home/visitor/Documents/depthanything_u250_host_graph_r74_cpp_frame_graph_boundary>, "/sys/devices/system/cpu/online", O_RDONLY|O_CLOEXEC) = 3</sys/devices/system/cpu/online>
248545 openat(AT_FDCWD</home/visitor/Documents/depthanything_u250_host_graph_r74_cpp_frame_graph_boundary>, "/sys/devices/system/cpu/online", O_RDONLY|O_CLOEXEC) = 3</sys/devices/system/cpu/online>
248545 openat(AT_FDCWD</home/visitor/Documents/depthanything_u250_host_graph_r74_cpp_frame_graph_boundary>, "/sys/devices/system/cpu/online", O_RDONLY|O_CLOEXEC) = 3</sys/devices/system/cpu/online>
248545 openat(AT_FDCWD</home/visitor/Documents/depthanything_u250_host_graph_r74_cpp_frame_graph_boundary>, "/sys/devices/system/cpu/online", O_RDONLY|O_CLOEXEC) = 3</sys/devices/system/cpu/online>
248545 openat(AT_FDCWD</home/visitor/Documents/depthanything_u250_host_graph_r74_cpp_frame_graph_boundary>, "/sys/devices/system/cpu/online", O_RDONLY|O_CLOEXEC) = 3</sys/devices/system/cpu/online>
248545 openat(AT_FDCWD</home/visitor/Documents/depthanything_u250_host_graph_r74_cpp_frame_graph_boundary>, "/sys/devices/system/cpu/online", O_RDONLY|O_CLOEXEC) = 3</sys/devices/system/cpu/online>
248545 openat(AT_FDCWD</home/visitor/Documents/depthanything_u250_host_graph_r74_cpp_frame_graph_boundary>, "/sys/devices/system/cpu/online", O_RDONLY|O_CLOEXEC) = 3</sys/devices/system/cpu/online>
248545 openat(AT_FDCWD</home/visitor/Documents/depthanything_u250_host_graph_r74_cpp_frame_graph_boundary>, "/sys/devices/system/cpu/online", O_RDONLY|O_CLOEXEC) = 3</sys/devices/system/cpu/online>
248545 openat(AT_FDCWD</home/visitor/Documents/depthanything_u250_host_graph_r74_cpp_frame_graph_boundary>, "/sys/devices/system/cpu/online", O_RDONLY|O_CLOEXEC) = 3</sys/devices/system/cpu/online>
248545 openat(AT_FDCWD</home/visitor/Documents/depthanything_u250_host_graph_r74_cpp_frame_graph_boundary>, "/sys/devices/system/cpu/online", O_RDONLY|O_CLOEXEC) = 3</sys/devices/system/cpu/online>
248545 openat(AT_FDCWD</home/visitor/Documents/depthanything_u250_host_graph_r74_cpp_frame_graph_boundary>, "/sys/devices/system/cpu/online", O_RDONLY|O_CLOEXEC) = 3</sys/devices/system/cpu/online>
248545 openat(AT_FDCWD</home/visitor/Documents/depthanything_u250_host_graph_r74_cpp_frame_graph_boundary>, "/sys/devices/system/cpu/online", O_RDONLY|O_CLOEXEC) = 3</sys/devices/system/cpu/online>
248545 openat(AT_FDCWD</home/visitor/Documents/depthanything_u250_host_graph_r74_cpp_frame_graph_boundary>, "/sys/devices/system/cpu/online", O_RDONLY|O_CLOEXEC) = 3</sys/devices/system/cpu/online>
248545 openat(AT_FDCWD</home/visitor/Documents/depthanything_u250_host_graph_r74_cpp_frame_graph_boundary>, "/sys/devices/system/cpu/online", O_RDONLY|O_CLOEXEC) = 3</sys/devices/system/cpu/online>
248545 openat(AT_FDCWD</home/visitor/Documents/depthanything_u250_host_graph_r74_cpp_frame_graph_boundary>, "/sys/devices/system/cpu/online", O_RDONLY|O_CLOEXEC) = 3</sys/devices/system/cpu/online>
248545 openat(AT_FDCWD</home/visitor/Documents/depthanything_u250_host_graph_r74_cpp_frame_graph_boundary>, "/sys/devices/system/cpu/online", O_RDONLY|O_CLOEXEC) = 3</sys/devices/system/cpu/online>
248545 openat(AT_FDCWD</home/visitor/Documents/depthanything_u250_host_graph_r74_cpp_frame_graph_boundary>, "/sys/devices/system/cpu/online", O_RDONLY|O_CLOEXEC) = 3</sys/devices/system/cpu/online>
248545 openat(AT_FDCWD</home/visitor/Documents/depthanything_u250_host_graph_r74_cpp_frame_graph_boundary>, "/sys/devices/system/cpu/online", O_RDONLY|O_CLOEXEC) = 3</sys/devices/system/cpu/online>
248545 openat(AT_FDCWD</home/visitor/Documents/depthanything_u250_host_graph_r74_cpp_frame_graph_boundary>, "/sys/devices/system/cpu/online", O_RDONLY|O_CLOEXEC) = 3</sys/devices/system/cpu/online>
248545 openat(AT_FDCWD</home/visitor/Documents/depthanything_u250_host_graph_r74_cpp_frame_graph_boundary>, "/sys/devices/system/cpu/online", O_RDONLY|O_CLOEXEC) = 3</sys/devices/system/cpu/online>
248545 openat(AT_FDCWD</home/visitor/Documents/depthanything_u250_host_graph_r74_cpp_frame_graph_boundary>, "/sys/devices/system/cpu/online", O_RDONLY|O_CLOEXEC) = 3</sys/devices/system/cpu/online>
248545 openat(AT_FDCWD</home/visitor/Documents/depthanything_u250_host_graph_r74_cpp_frame_graph_boundary>, "/sys/devices/system/cpu/online", O_RDONLY|O_CLOEXEC) = 3</sys/devices/system/cpu/online>
248545 openat(AT_FDCWD</home/visitor/Documents/depthanything_u250_host_graph_r74_cpp_frame_graph_boundary>, "/sys/devices/system/cpu/online", O_RDONLY|O_CLOEXEC) = 3</sys/devices/system/cpu/online>
248545 openat(AT_FDCWD</home/visitor/Documents/depthanything_u250_host_graph_r74_cpp_frame_graph_boundary>, "/sys/devices/system/cpu/online", O_RDONLY|O_CLOEXEC) = 3</sys/devices/system/cpu/online>
248545 openat(AT_FDCWD</home/visitor/Documents/depthanything_u250_host_graph_r74_cpp_frame_graph_boundary>, "/sys/devices/system/cpu/online", O_RDONLY|O_CLOEXEC) = 3</sys/devices/system/cpu/online>
248545 openat(AT_FDCWD</home/visitor/Documents/depthanything_u250_host_graph_r74_cpp_frame_graph_boundary>, "/sys/devices/system/cpu/online", O_RDONLY|O_CLOEXEC) = 3</sys/devices/system/cpu/online>
248545 openat(AT_FDCWD</home/visitor/Documents/depthanything_u250_host_graph_r74_cpp_frame_graph_boundary>, "/sys/devices/system/cpu/online", O_RDONLY|O_CLOEXEC) = 3</sys/devices/system/cpu/online>
248545 openat(AT_FDCWD</home/visitor/Documents/depthanything_u250_host_graph_r74_cpp_frame_graph_boundary>, "/sys/devices/system/cpu/online", O_RDONLY|O_CLOEXEC) = 3</sys/devices/system/cpu/online>
248545 openat(AT_FDCWD</home/visitor/Documents/depthanything_u250_host_graph_r74_cpp_frame_graph_boundary>, "/sys/devices/system/cpu/online", O_RDONLY|O_CLOEXEC) = 3</sys/devices/system/cpu/online>
248545 openat(AT_FDCWD</home/visitor/Documents/depthanything_u250_host_graph_r74_cpp_frame_graph_boundary>, "/sys/devices/system/cpu/online", O_RDONLY|O_CLOEXEC) = 3</sys/devices/system/cpu/online>
248545 openat(AT_FDCWD</home/visitor/Documents/depthanything_u250_host_graph_r74_cpp_frame_graph_boundary>, "/sys/devices/system/cpu/online", O_RDONLY|O_CLOEXEC) = 3</sys/devices/system/cpu/online>
248545 openat(AT_FDCWD</home/visitor/Documents/depthanything_u250_host_graph_r74_cpp_frame_graph_boundary>, "/sys/devices/system/cpu/online", O_RDONLY|O_CLOEXEC) = 3</sys/devices/system/cpu/online>
248545 openat(AT_FDCWD</home/visitor/Documents/depthanything_u250_host_graph_r74_cpp_frame_graph_boundary>, "/sys/devices/system/cpu/online", O_RDONLY|O_CLOEXEC) = 3</sys/devices/system/cpu/online>
248545 openat(AT_FDCWD</home/visitor/Documents/depthanything_u250_host_graph_r74_cpp_frame_graph_boundary>, "/sys/devices/system/cpu/online", O_RDONLY|O_CLOEXEC) = 3</sys/devices/system/cpu/online>
248545 openat(AT_FDCWD</home/visitor/Documents/depthanything_u250_host_graph_r74_cpp_frame_graph_boundary>, "/sys/devices/system/cpu/online", O_RDONLY|O_CLOEXEC) = 3</sys/devices/system/cpu/online>
248545 openat(AT_FDCWD</home/visitor/Documents/depthanything_u250_host_graph_r74_cpp_frame_graph_boundary>, "/sys/devices/system/cpu/online", O_RDONLY|O_CLOEXEC) = 3</sys/devices/system/cpu/online>
248545 openat(AT_FDCWD</home/visitor/Documents/depthanything_u250_host_graph_r74_cpp_frame_graph_boundary>, "/sys/devices/system/cpu/online", O_RDONLY|O_CLOEXEC) = 3</sys/devices/system/cpu/online>
248545 openat(AT_FDCWD</home/visitor/Documents/depthanything_u250_host_graph_r74_cpp_frame_graph_boundary>, "/sys/devices/system/cpu/online", O_RDONLY|O_CLOEXEC) = 3</sys/devices/system/cpu/online>
248545 openat(AT_FDCWD</home/visitor/Documents/depthanything_u250_host_graph_r74_cpp_frame_graph_boundary>, "/sys/devices/system/cpu/online", O_RDONLY|O_CLOEXEC) = 3</sys/devices/system/cpu/online>
248545 openat(AT_FDCWD</home/visitor/Documents/depthanything_u250_host_graph_r74_cpp_frame_graph_boundary>, "/sys/devices/system/cpu/online", O_RDONLY|O_CLOEXEC) = 3</sys/devices/system/cpu/online>
248545 openat(AT_FDCWD</home/visitor/Documents/depthanything_u250_host_graph_r74_cpp_frame_graph_boundary>, "/sys/devices/system/cpu/online", O_RDONLY|O_CLOEXEC) = 3</sys/devices/system/cpu/online>
248545 openat(AT_FDCWD</home/visitor/Documents/depthanything_u250_host_graph_r74_cpp_frame_graph_boundary>, "/sys/devices/system/cpu/online", O_RDONLY|O_CLOEXEC) = 3</sys/devices/system/cpu/online>
248545 openat(AT_FDCWD</home/visitor/Documents/depthanything_u250_host_graph_r74_cpp_frame_graph_boundary>, "/sys/devices/system/cpu/online", O_RDONLY|O_CLOEXEC) = 3</sys/devices/system/cpu/online>
248545 openat(AT_FDCWD</home/visitor/Documents/depthanything_u250_host_graph_r74_cpp_frame_graph_boundary>, "/sys/devices/system/cpu/online", O_RDONLY|O_CLOEXEC) = 3</sys/devices/system/cpu/online>
248545 openat(AT_FDCWD</home/visitor/Documents/depthanything_u250_host_graph_r74_cpp_frame_graph_boundary>, "/sys/devices/system/cpu/online", O_RDONLY|O_CLOEXEC) = 3</sys/devices/system/cpu/online>
248545 openat(AT_FDCWD</home/visitor/Documents/depthanything_u250_host_graph_r74_cpp_frame_graph_boundary>, "/sys/devices/system/cpu/online", O_RDONLY|O_CLOEXEC) = 3</sys/devices/system/cpu/online>
248545 openat(AT_FDCWD</home/visitor/Documents/depthanything_u250_host_graph_r74_cpp_frame_graph_boundary>, "/sys/devices/system/cpu/online", O_RDONLY|O_CLOEXEC) = 3</sys/devices/system/cpu/online>
248545 openat(AT_FDCWD</home/visitor/Documents/depthanything_u250_host_graph_r74_cpp_frame_graph_boundary>, "/sys/devices/system/cpu/online", O_RDONLY|O_CLOEXEC) = 3</sys/devices/system/cpu/online>
248545 openat(AT_FDCWD</home/visitor/Documents/depthanything_u250_host_graph_r74_cpp_frame_graph_boundary>, "/sys/devices/system/cpu/online", O_RDONLY|O_CLOEXEC) = 3</sys/devices/system/cpu/online>
248545 openat(AT_FDCWD</home/visitor/Documents/depthanything_u250_host_graph_r74_cpp_frame_graph_boundary>, "/sys/devices/system/cpu/online", O_RDONLY|O_CLOEXEC) = 3</sys/devices/system/cpu/online>
248545 openat(AT_FDCWD</home/visitor/Documents/depthanything_u250_host_graph_r74_cpp_frame_graph_boundary>, "/sys/devices/system/cpu/online", O_RDONLY|O_CLOEXEC) = 3</sys/devices/system/cpu/online>
248545 openat(AT_FDCWD</home/visitor/Documents/depthanything_u250_host_graph_r74_cpp_frame_graph_boundary>, "/sys/devices/system/cpu/online", O_RDONLY|O_CLOEXEC) = 3</sys/devices/system/cpu/online>
248545 openat(AT_FDCWD</home/visitor/Documents/depthanything_u250_host_graph_r74_cpp_frame_graph_boundary>, "/sys/devices/system/cpu/online", O_RDONLY|O_CLOEXEC) = 3</sys/devices/system/cpu/online>
248545 openat(AT_FDCWD</home/visitor/Documents/depthanything_u250_host_graph_r74_cpp_frame_graph_boundary>, "/sys/devices/system/cpu/online", O_RDONLY|O_CLOEXEC) = 3</sys/devices/system/cpu/online>
248545 openat(AT_FDCWD</home/visitor/Documents/depthanything_u250_host_graph_r74_cpp_frame_graph_boundary>, "/sys/devices/system/cpu/online", O_RDONLY|O_CLOEXEC) = 3</sys/devices/system/cpu/online>
248545 openat(AT_FDCWD</home/visitor/Documents/depthanything_u250_host_graph_r74_cpp_frame_graph_boundary>, "/sys/devices/system/cpu/online", O_RDONLY|O_CLOEXEC) = 3</sys/devices/system/cpu/online>
248545 openat(AT_FDCWD</home/visitor/Documents/depthanything_u250_host_graph_r74_cpp_frame_graph_boundary>, "/sys/devices/system/cpu/online", O_RDONLY|O_CLOEXEC) = 3</sys/devices/system/cpu/online>
248545 openat(AT_FDCWD</home/visitor/Documents/depthanything_u250_host_graph_r74_cpp_frame_graph_boundary>, "/sys/devices/system/cpu/online", O_RDONLY|O_CLOEXEC) = 3</sys/devices/system/cpu/online>
248545 openat(AT_FDCWD</home/visitor/Documents/depthanything_u250_host_graph_r74_cpp_frame_graph_boundary>, "/sys/devices/system/cpu/online", O_RDONLY|O_CLOEXEC) = 3</sys/devices/system/cpu/online>
248545 openat(AT_FDCWD</home/visitor/Documents/depthanything_u250_host_graph_r74_cpp_frame_graph_boundary>, "/sys/devices/system/cpu/online", O_RDONLY|O_CLOEXEC) = 3</sys/devices/system/cpu/online>
248545 openat(AT_FDCWD</home/visitor/Documents/depthanything_u250_host_graph_r74_cpp_frame_graph_boundary>, "/sys/devices/system/cpu/online", O_RDONLY|O_CLOEXEC) = 3</sys/devices/system/cpu/online>
248545 openat(AT_FDCWD</home/visitor/Documents/depthanything_u250_host_graph_r74_cpp_frame_graph_boundary>, "/sys/devices/system/cpu/online", O_RDONLY|O_CLOEXEC) = 3</sys/devices/system/cpu/online>
248545 openat(AT_FDCWD</home/visitor/Documents/depthanything_u250_host_graph_r74_cpp_frame_graph_boundary>, "/sys/devices/system/cpu/online", O_RDONLY|O_CLOEXEC) = 3</sys/devices/system/cpu/online>
248545 openat(AT_FDCWD</home/visitor/Documents/depthanything_u250_host_graph_r74_cpp_frame_graph_boundary>, "/sys/devices/system/cpu/online", O_RDONLY|O_CLOEXEC) = 3</sys/devices/system/cpu/online>
248545 openat(AT_FDCWD</home/visitor/Documents/depthanything_u250_host_graph_r74_cpp_frame_graph_boundary>, "/sys/devices/system/cpu/online", O_RDONLY|O_CLOEXEC) = 3</sys/devices/system/cpu/online>
248545 openat(AT_FDCWD</home/visitor/Documents/depthanything_u250_host_graph_r74_cpp_frame_graph_boundary>, "/sys/devices/system/cpu/online", O_RDONLY|O_CLOEXEC) = 3</sys/devices/system/cpu/online>
248545 openat(AT_FDCWD</home/visitor/Documents/depthanything_u250_host_graph_r74_cpp_frame_graph_boundary>, "/sys/devices/system/cpu/online", O_RDONLY|O_CLOEXEC) = 3</sys/devices/system/cpu/online>
248545 openat(AT_FDCWD</home/visitor/Documents/depthanything_u250_host_graph_r74_cpp_frame_graph_boundary>, "/sys/devices/system/cpu/online", O_RDONLY|O_CLOEXEC) = 3</sys/devices/system/cpu/online>
248545 openat(AT_FDCWD</home/visitor/Documents/depthanything_u250_host_graph_r74_cpp_frame_graph_boundary>, "/sys/devices/system/cpu/online", O_RDONLY|O_CLOEXEC) = 3</sys/devices/system/cpu/online>
248545 openat(AT_FDCWD</home/visitor/Documents/depthanything_u250_host_graph_r74_cpp_frame_graph_boundary>, "/sys/devices/system/cpu/online", O_RDONLY|O_CLOEXEC) = 3</sys/devices/system/cpu/online>
248545 openat(AT_FDCWD</home/visitor/Documents/depthanything_u250_host_graph_r74_cpp_frame_graph_boundary>, "/sys/devices/system/cpu/online", O_RDONLY|O_CLOEXEC) = 3</sys/devices/system/cpu/online>
248545 openat(AT_FDCWD</home/visitor/Documents/depthanything_u250_host_graph_r74_cpp_frame_graph_boundary>, "/sys/devices/system/cpu/online", O_RDONLY|O_CLOEXEC) = 3</sys/devices/system/cpu/online>
248545 openat(AT_FDCWD</home/visitor/Documents/depthanything_u250_host_graph_r74_cpp_frame_graph_boundary>, "/sys/devices/system/cpu/online", O_RDONLY|O_CLOEXEC) = 3</sys/devices/system/cpu/online>
248545 openat(AT_FDCWD</home/visitor/Documents/depthanything_u250_host_graph_r74_cpp_frame_graph_boundary>, "/sys/devices/system/cpu/online", O_RDONLY|O_CLOEXEC) = 3</sys/devices/system/cpu/online>
248545 openat(AT_FDCWD</home/visitor/Documents/depthanything_u250_host_graph_r74_cpp_frame_graph_boundary>, "/sys/devices/system/cpu/online", O_RDONLY|O_CLOEXEC) = 3</sys/devices/system/cpu/online>
248545 openat(AT_FDCWD</home/visitor/Documents/depthanything_u250_host_graph_r74_cpp_frame_graph_boundary>, "/sys/devices/system/cpu/online", O_RDONLY|O_CLOEXEC) = 3</sys/devices/system/cpu/online>
248545 openat(AT_FDCWD</home/visitor/Documents/depthanything_u250_host_graph_r74_cpp_frame_graph_boundary>, "/sys/devices/system/cpu/online", O_RDONLY|O_CLOEXEC) = 3</sys/devices/system/cpu/online>
248545 openat(AT_FDCWD</home/visitor/Documents/depthanything_u250_host_graph_r74_cpp_frame_graph_boundary>, "/sys/devices/system/cpu/online", O_RDONLY|O_CLOEXEC) = 3</sys/devices/system/cpu/online>
248545 openat(AT_FDCWD</home/visitor/Documents/depthanything_u250_host_graph_r74_cpp_frame_graph_boundary>, "/sys/devices/system/cpu/online", O_RDONLY|O_CLOEXEC) = 3</sys/devices/system/cpu/online>
248545 openat(AT_FDCWD</home/visitor/Documents/depthanything_u250_host_graph_r74_cpp_frame_graph_boundary>, "/sys/devices/system/cpu/online", O_RDONLY|O_CLOEXEC) = 3</sys/devices/system/cpu/online>
248545 openat(AT_FDCWD</home/visitor/Documents/depthanything_u250_host_graph_r74_cpp_frame_graph_boundary>, "/sys/devices/system/cpu/online", O_RDONLY|O_CLOEXEC) = 3</sys/devices/system/cpu/online>
248545 openat(AT_FDCWD</home/visitor/Documents/depthanything_u250_host_graph_r74_cpp_frame_graph_boundary>, "/sys/devices/system/cpu/online", O_RDONLY|O_CLOEXEC) = 3</sys/devices/system/cpu/online>
248545 openat(AT_FDCWD</home/visitor/Documents/depthanything_u250_host_graph_r74_cpp_frame_graph_boundary>, "/sys/devices/system/cpu/online", O_RDONLY|O_CLOEXEC) = 3</sys/devices/system/cpu/online>
248545 openat(AT_FDCWD</home/visitor/Documents/depthanything_u250_host_graph_r74_cpp_frame_graph_boundary>, "/sys/devices/system/cpu/online", O_RDONLY|O_CLOEXEC) = 3</sys/devices/system/cpu/online>
248545 openat(AT_FDCWD</home/visitor/Documents/depthanything_u250_host_graph_r74_cpp_frame_graph_boundary>, "/sys/devices/system/cpu/online", O_RDONLY|O_CLOEXEC) = 3</sys/devices/system/cpu/online>
248545 openat(AT_FDCWD</home/visitor/Documents/depthanything_u250_host_graph_r74_cpp_frame_graph_boundary>, "/sys/devices/system/cpu/online", O_RDONLY|O_CLOEXEC) = 3</sys/devices/system/cpu/online>
248545 openat(AT_FDCWD</home/visitor/Documents/depthanything_u250_host_graph_r74_cpp_frame_graph_boundary>, "/sys/devices/system/cpu/online", O_RDONLY|O_CLOEXEC) = 3</sys/devices/system/cpu/online>
248545 openat(AT_FDCWD</home/visitor/Documents/depthanything_u250_host_graph_r74_cpp_frame_graph_boundary>, "/sys/devices/system/cpu/online", O_RDONLY|O_CLOEXEC) = 3</sys/devices/system/cpu/online>
248545 openat(AT_FDCWD</home/visitor/Documents/depthanything_u250_host_graph_r74_cpp_frame_graph_boundary>, "/sys/devices/system/cpu/online", O_RDONLY|O_CLOEXEC) = 3</sys/devices/system/cpu/online>
248545 openat(AT_FDCWD</home/visitor/Documents/depthanything_u250_host_graph_r74_cpp_frame_graph_boundary>, "/sys/devices/system/cpu/online", O_RDONLY|O_CLOEXEC) = 3</sys/devices/system/cpu/online>
248545 openat(AT_FDCWD</home/visitor/Documents/depthanything_u250_host_graph_r74_cpp_frame_graph_boundary>, "/sys/devices/system/cpu/online", O_RDONLY|O_CLOEXEC) = 3</sys/devices/system/cpu/online>
248545 openat(AT_FDCWD</home/visitor/Documents/depthanything_u250_host_graph_r74_cpp_frame_graph_boundary>, "/sys/devices/system/cpu/online", O_RDONLY|O_CLOEXEC) = 3</sys/devices/system/cpu/online>
248545 openat(AT_FDCWD</home/visitor/Documents/depthanything_u250_host_graph_r74_cpp_frame_graph_boundary>, "/sys/devices/system/cpu/online", O_RDONLY|O_CLOEXEC) = 3</sys/devices/system/cpu/online>
248545 openat(AT_FDCWD</home/visitor/Documents/depthanything_u250_host_graph_r74_cpp_frame_graph_boundary>, "/sys/devices/system/cpu/online", O_RDONLY|O_CLOEXEC) = 3</sys/devices/system/cpu/online>
248545 openat(AT_FDCWD</home/visitor/Documents/depthanything_u250_host_graph_r74_cpp_frame_graph_boundary>, "/sys/devices/system/cpu/online", O_RDONLY|O_CLOEXEC) = 3</sys/devices/system/cpu/online>
248545 openat(AT_FDCWD</home/visitor/Documents/depthanything_u250_host_graph_r74_cpp_frame_graph_boundary>, "/sys/devices/system/cpu/online", O_RDONLY|O_CLOEXEC) = 3</sys/devices/system/cpu/online>
248545 openat(AT_FDCWD</home/visitor/Documents/depthanything_u250_host_graph_r74_cpp_frame_graph_boundary>, "/sys/devices/system/cpu/online", O_RDONLY|O_CLOEXEC) = 3</sys/devices/system/cpu/online>
248545 openat(AT_FDCWD</home/visitor/Documents/depthanything_u250_host_graph_r74_cpp_frame_graph_boundary>, "/sys/devices/system/cpu/online", O_RDONLY|O_CLOEXEC) = 3</sys/devices/system/cpu/online>
248545 openat(AT_FDCWD</home/visitor/Documents/depthanything_u250_host_graph_r74_cpp_frame_graph_boundary>, "/sys/devices/system/cpu/online", O_RDONLY|O_CLOEXEC) = 3</sys/devices/system/cpu/online>
248545 openat(AT_FDCWD</home/visitor/Documents/depthanything_u250_host_graph_r74_cpp_frame_graph_boundary>, "/sys/devices/system/cpu/online", O_RDONLY|O_CLOEXEC) = 3</sys/devices/system/cpu/online>
248545 openat(AT_FDCWD</home/visitor/Documents/depthanything_u250_host_graph_r74_cpp_frame_graph_boundary>, "/sys/devices/system/cpu/online", O_RDONLY|O_CLOEXEC) = 3</sys/devices/system/cpu/online>
248545 openat(AT_FDCWD</home/visitor/Documents/depthanything_u250_host_graph_r74_cpp_frame_graph_boundary>, "/sys/devices/system/cpu/online", O_RDONLY|O_CLOEXEC) = 3</sys/devices/system/cpu/online>
248545 openat(AT_FDCWD</home/visitor/Documents/depthanything_u250_host_graph_r74_cpp_frame_graph_boundary>, "/sys/devices/system/cpu/online", O_RDONLY|O_CLOEXEC) = 3</sys/devices/system/cpu/online>
248545 openat(AT_FDCWD</home/visitor/Documents/depthanything_u250_host_graph_r74_cpp_frame_graph_boundary>, "/sys/devices/system/cpu/online", O_RDONLY|O_CLOEXEC) = 3</sys/devices/system/cpu/online>
248545 openat(AT_FDCWD</home/visitor/Documents/depthanything_u250_host_graph_r74_cpp_frame_graph_boundary>, "/sys/devices/system/cpu/online", O_RDONLY|O_CLOEXEC) = 3</sys/devices/system/cpu/online>
248545 openat(AT_FDCWD</home/visitor/Documents/depthanything_u250_host_graph_r74_cpp_frame_graph_boundary>, "/sys/devices/system/cpu/online", O_RDONLY|O_CLOEXEC) = 3</sys/devices/system/cpu/online>
248545 openat(AT_FDCWD</home/visitor/Documents/depthanything_u250_host_graph_r74_cpp_frame_graph_boundary>, "/sys/devices/system/cpu/online", O_RDONLY|O_CLOEXEC) = 3</sys/devices/system/cpu/online>
248545 openat(AT_FDCWD</home/visitor/Documents/depthanything_u250_host_graph_r74_cpp_frame_graph_boundary>, "/sys/devices/system/cpu/online", O_RDONLY|O_CLOEXEC) = 3</sys/devices/system/cpu/online>
248545 openat(AT_FDCWD</home/visitor/Documents/depthanything_u250_host_graph_r74_cpp_frame_graph_boundary>, "/sys/devices/system/cpu/online", O_RDONLY|O_CLOEXEC) = 3</sys/devices/system/cpu/online>
248545 openat(AT_FDCWD</home/visitor/Documents/depthanything_u250_host_graph_r74_cpp_frame_graph_boundary>, "/sys/devices/system/cpu/online", O_RDONLY|O_CLOEXEC) = 3</sys/devices/system/cpu/online>
248545 openat(AT_FDCWD</home/visitor/Documents/depthanything_u250_host_graph_r74_cpp_frame_graph_boundary>, "/sys/devices/system/cpu/online", O_RDONLY|O_CLOEXEC) = 3</sys/devices/system/cpu/online>
248545 openat(AT_FDCWD</home/visitor/Documents/depthanything_u250_host_graph_r74_cpp_frame_graph_boundary>, "/sys/devices/system/cpu/online", O_RDONLY|O_CLOEXEC) = 3</sys/devices/system/cpu/online>
248545 openat(AT_FDCWD</home/visitor/Documents/depthanything_u250_host_graph_r74_cpp_frame_graph_boundary>, "/sys/devices/system/cpu/online", O_RDONLY|O_CLOEXEC) = 3</sys/devices/system/cpu/online>
248545 openat(AT_FDCWD</home/visitor/Documents/depthanything_u250_host_graph_r74_cpp_frame_graph_boundary>, "/sys/devices/system/cpu/online", O_RDONLY|O_CLOEXEC) = 3</sys/devices/system/cpu/online>
248545 openat(AT_FDCWD</home/visitor/Documents/depthanything_u250_host_graph_r74_cpp_frame_graph_boundary>, "/sys/devices/system/cpu/online", O_RDONLY|O_CLOEXEC) = 3</sys/devices/system/cpu/online>
248545 openat(AT_FDCWD</home/visitor/Documents/depthanything_u250_host_graph_r74_cpp_frame_graph_boundary>, "/sys/devices/system/cpu/online", O_RDONLY|O_CLOEXEC) = 3</sys/devices/system/cpu/online>
248545 openat(AT_FDCWD</home/visitor/Documents/depthanything_u250_host_graph_r74_cpp_frame_graph_boundary>, "/sys/devices/system/cpu/online", O_RDONLY|O_CLOEXEC) = 3</sys/devices/system/cpu/online>
248545 openat(AT_FDCWD</home/visitor/Documents/depthanything_u250_host_graph_r74_cpp_frame_graph_boundary>, "/sys/devices/system/cpu/online", O_RDONLY|O_CLOEXEC) = 3</sys/devices/system/cpu/online>
248545 openat(AT_FDCWD</home/visitor/Documents/depthanything_u250_host_graph_r74_cpp_frame_graph_boundary>, "/sys/devices/system/cpu/online", O_RDONLY|O_CLOEXEC) = 3</sys/devices/system/cpu/online>
248545 openat(AT_FDCWD</home/visitor/Documents/depthanything_u250_host_graph_r74_cpp_frame_graph_boundary>, "/sys/devices/system/cpu/online", O_RDONLY|O_CLOEXEC) = 3</sys/devices/system/cpu/online>
248545 openat(AT_FDCWD</home/visitor/Documents/depthanything_u250_host_graph_r74_cpp_frame_graph_boundary>, "/sys/devices/system/cpu/online", O_RDONLY|O_CLOEXEC) = 3</sys/devices/system/cpu/online>
248545 openat(AT_FDCWD</home/visitor/Documents/depthanything_u250_host_graph_r74_cpp_frame_graph_boundary>, "/sys/devices/system/cpu/online", O_RDONLY|O_CLOEXEC) = 3</sys/devices/system/cpu/online>
248545 openat(AT_FDCWD</home/visitor/Documents/depthanything_u250_host_graph_r74_cpp_frame_graph_boundary>, "/sys/devices/system/cpu/online", O_RDONLY|O_CLOEXEC) = 3</sys/devices/system/cpu/online>
248545 openat(AT_FDCWD</home/visitor/Documents/depthanything_u250_host_graph_r74_cpp_frame_graph_boundary>, "/sys/devices/system/cpu/online", O_RDONLY|O_CLOEXEC) = 3</sys/devices/system/cpu/online>
248545 openat(AT_FDCWD</home/visitor/Documents/depthanything_u250_host_graph_r74_cpp_frame_graph_boundary>, "/sys/devices/system/cpu/online", O_RDONLY|O_CLOEXEC) = 3</sys/devices/system/cpu/online>
248545 openat(AT_FDCWD</home/visitor/Documents/depthanything_u250_host_graph_r74_cpp_frame_graph_boundary>, "/sys/devices/system/cpu/online", O_RDONLY|O_CLOEXEC) = 3</sys/devices/system/cpu/online>
248545 openat(AT_FDCWD</home/visitor/Documents/depthanything_u250_host_graph_r74_cpp_frame_graph_boundary>, "/sys/devices/system/cpu/online", O_RDONLY|O_CLOEXEC) = 3</sys/devices/system/cpu/online>
248545 openat(AT_FDCWD</home/visitor/Documents/depthanything_u250_host_graph_r74_cpp_frame_graph_boundary>, "/sys/devices/system/cpu/online", O_RDONLY|O_CLOEXEC) = 3</sys/devices/system/cpu/online>
248545 openat(AT_FDCWD</home/visitor/Documents/depthanything_u250_host_graph_r74_cpp_frame_graph_boundary>, "/sys/devices/system/cpu/online", O_RDONLY|O_CLOEXEC) = 3</sys/devices/system/cpu/online>
248545 openat(AT_FDCWD</home/visitor/Documents/depthanything_u250_host_graph_r74_cpp_frame_graph_boundary>, "/sys/devices/system/cpu/online", O_RDONLY|O_CLOEXEC) = 3</sys/devices/system/cpu/online>
248545 openat(AT_FDCWD</home/visitor/Documents/depthanything_u250_host_graph_r74_cpp_frame_graph_boundary>, "/sys/devices/system/cpu/online", O_RDONLY|O_CLOEXEC) = 3</sys/devices/system/cpu/online>
248545 openat(AT_FDCWD</home/visitor/Documents/depthanything_u250_host_graph_r74_cpp_frame_graph_boundary>, "/sys/devices/system/cpu/online", O_RDONLY|O_CLOEXEC) = 3</sys/devices/system/cpu/online>
248545 openat(AT_FDCWD</home/visitor/Documents/depthanything_u250_host_graph_r74_cpp_frame_graph_boundary>, "/sys/devices/system/cpu/online", O_RDONLY|O_CLOEXEC) = 3</sys/devices/system/cpu/online>
248545 openat(AT_FDCWD</home/visitor/Documents/depthanything_u250_host_graph_r74_cpp_frame_graph_boundary>, "/sys/devices/system/cpu/online", O_RDONLY|O_CLOEXEC) = 3</sys/devices/system/cpu/online>
248545 openat(AT_FDCWD</home/visitor/Documents/depthanything_u250_host_graph_r74_cpp_frame_graph_boundary>, "/sys/devices/system/cpu/online", O_RDONLY|O_CLOEXEC) = 3</sys/devices/system/cpu/online>
248545 openat(AT_FDCWD</home/visitor/Documents/depthanything_u250_host_graph_r74_cpp_frame_graph_boundary>, "/sys/devices/system/cpu/online", O_RDONLY|O_CLOEXEC) = 3</sys/devices/system/cpu/online>
248545 openat(AT_FDCWD</home/visitor/Documents/depthanything_u250_host_graph_r74_cpp_frame_graph_boundary>, "/sys/devices/system/cpu/online", O_RDONLY|O_CLOEXEC) = 3</sys/devices/system/cpu/online>
248545 openat(AT_FDCWD</home/visitor/Documents/depthanything_u250_host_graph_r74_cpp_frame_graph_boundary>, "/sys/devices/system/cpu/online", O_RDONLY|O_CLOEXEC) = 3</sys/devices/system/cpu/online>
248545 openat(AT_FDCWD</home/visitor/Documents/depthanything_u250_host_graph_r74_cpp_frame_graph_boundary>, "/sys/devices/system/cpu/online", O_RDONLY|O_CLOEXEC) = 3</sys/devices/system/cpu/online>
248545 openat(AT_FDCWD</home/visitor/Documents/depthanything_u250_host_graph_r74_cpp_frame_graph_boundary>, "/sys/devices/system/cpu/online", O_RDONLY|O_CLOEXEC) = 3</sys/devices/system/cpu/online>
248545 openat(AT_FDCWD</home/visitor/Documents/depthanything_u250_host_graph_r74_cpp_frame_graph_boundary>, "/sys/devices/system/cpu/online", O_RDONLY|O_CLOEXEC) = 3</sys/devices/system/cpu/online>
248545 openat(AT_FDCWD</home/visitor/Documents/depthanything_u250_host_graph_r74_cpp_frame_graph_boundary>, "/sys/devices/system/cpu/online", O_RDONLY|O_CLOEXEC) = 3</sys/devices/system/cpu/online>
248545 openat(AT_FDCWD</home/visitor/Documents/depthanything_u250_host_graph_r74_cpp_frame_graph_boundary>, "/sys/devices/system/cpu/online", O_RDONLY|O_CLOEXEC) = 3</sys/devices/system/cpu/online>
248545 openat(AT_FDCWD</home/visitor/Documents/depthanything_u250_host_graph_r74_cpp_frame_graph_boundary>, "/sys/devices/system/cpu/online", O_RDONLY|O_CLOEXEC) = 3</sys/devices/system/cpu/online>
248545 openat(AT_FDCWD</home/visitor/Documents/depthanything_u250_host_graph_r74_cpp_frame_graph_boundary>, "/sys/devices/system/cpu/online", O_RDONLY|O_CLOEXEC) = 3</sys/devices/system/cpu/online>
248545 openat(AT_FDCWD</home/visitor/Documents/depthanything_u250_host_graph_r74_cpp_frame_graph_boundary>, "/sys/devices/system/cpu/online", O_RDONLY|O_CLOEXEC) = 3</sys/devices/system/cpu/online>
248545 openat(AT_FDCWD</home/visitor/Documents/depthanything_u250_host_graph_r74_cpp_frame_graph_boundary>, "/sys/devices/system/cpu/online", O_RDONLY|O_CLOEXEC) = 3</sys/devices/system/cpu/online>
248545 openat(AT_FDCWD</home/visitor/Documents/depthanything_u250_host_graph_r74_cpp_frame_graph_boundary>, "/sys/devices/system/cpu/online", O_RDONLY|O_CLOEXEC) = 3</sys/devices/system/cpu/online>
248545 openat(AT_FDCWD</home/visitor/Documents/depthanything_u250_host_graph_r74_cpp_frame_graph_boundary>, "/sys/devices/system/cpu/online", O_RDONLY|O_CLOEXEC) = 3</sys/devices/system/cpu/online>
248545 openat(AT_FDCWD</home/visitor/Documents/depthanything_u250_host_graph_r74_cpp_frame_graph_boundary>, "/sys/devices/system/cpu/online", O_RDONLY|O_CLOEXEC) = 3</sys/devices/system/cpu/online>
248545 openat(AT_FDCWD</home/visitor/Documents/depthanything_u250_host_graph_r74_cpp_frame_graph_boundary>, "/sys/devices/system/cpu/online", O_RDONLY|O_CLOEXEC) = 3</sys/devices/system/cpu/online>
248545 openat(AT_FDCWD</home/visitor/Documents/depthanything_u250_host_graph_r74_cpp_frame_graph_boundary>, "/sys/devices/system/cpu/online", O_RDONLY|O_CLOEXEC) = 3</sys/devices/system/cpu/online>
248545 openat(AT_FDCWD</home/visitor/Documents/depthanything_u250_host_graph_r74_cpp_frame_graph_boundary>, "/sys/devices/system/cpu/online", O_RDONLY|O_CLOEXEC) = 3</sys/devices/system/cpu/online>
248545 openat(AT_FDCWD</home/visitor/Documents/depthanything_u250_host_graph_r74_cpp_frame_graph_boundary>, "/sys/devices/system/cpu/online", O_RDONLY|O_CLOEXEC) = 3</sys/devices/system/cpu/online>
248545 openat(AT_FDCWD</home/visitor/Documents/depthanything_u250_host_graph_r74_cpp_frame_graph_boundary>, "/sys/devices/system/cpu/online", O_RDONLY|O_CLOEXEC) = 3</sys/devices/system/cpu/online>
248545 openat(AT_FDCWD</home/visitor/Documents/depthanything_u250_host_graph_r74_cpp_frame_graph_boundary>, "/sys/devices/system/cpu/online", O_RDONLY|O_CLOEXEC) = 3</sys/devices/system/cpu/online>
248545 openat(AT_FDCWD</home/visitor/Documents/depthanything_u250_host_graph_r74_cpp_frame_graph_boundary>, "/sys/devices/system/cpu/online", O_RDONLY|O_CLOEXEC) = 3</sys/devices/system/cpu/online>
248545 openat(AT_FDCWD</home/visitor/Documents/depthanything_u250_host_graph_r74_cpp_frame_graph_boundary>, "/sys/devices/system/cpu/online", O_RDONLY|O_CLOEXEC) = 3</sys/devices/system/cpu/online>
248545 openat(AT_FDCWD</home/visitor/Documents/depthanything_u250_host_graph_r74_cpp_frame_graph_boundary>, "/sys/devices/system/cpu/online", O_RDONLY|O_CLOEXEC) = 3</sys/devices/system/cpu/online>
248545 openat(AT_FDCWD</home/visitor/Documents/depthanything_u250_host_graph_r74_cpp_frame_graph_boundary>, "/sys/devices/system/cpu/online", O_RDONLY|O_CLOEXEC) = 3</sys/devices/system/cpu/online>
248545 openat(AT_FDCWD</home/visitor/Documents/depthanything_u250_host_graph_r74_cpp_frame_graph_boundary>, "/sys/devices/system/cpu/online", O_RDONLY|O_CLOEXEC) = 3</sys/devices/system/cpu/online>
248545 openat(AT_FDCWD</home/visitor/Documents/depthanything_u250_host_graph_r74_cpp_frame_graph_boundary>, "/sys/devices/system/cpu/online", O_RDONLY|O_CLOEXEC) = 3</sys/devices/system/cpu/online>
248545 openat(AT_FDCWD</home/visitor/Documents/depthanything_u250_host_graph_r74_cpp_frame_graph_boundary>, "/sys/devices/system/cpu/online", O_RDONLY|O_CLOEXEC) = 3</sys/devices/system/cpu/online>
248545 openat(AT_FDCWD</home/visitor/Documents/depthanything_u250_host_graph_r74_cpp_frame_graph_boundary>, "/sys/devices/system/cpu/online", O_RDONLY|O_CLOEXEC) = 3</sys/devices/system/cpu/online>
248545 openat(AT_FDCWD</home/visitor/Documents/depthanything_u250_host_graph_r74_cpp_frame_graph_boundary>, "/sys/devices/system/cpu/online", O_RDONLY|O_CLOEXEC) = 3</sys/devices/system/cpu/online>
248545 openat(AT_FDCWD</home/visitor/Documents/depthanything_u250_host_graph_r74_cpp_frame_graph_boundary>, "/sys/devices/system/cpu/online", O_RDONLY|O_CLOEXEC) = 3</sys/devices/system/cpu/online>
248545 openat(AT_FDCWD</home/visitor/Documents/depthanything_u250_host_graph_r74_cpp_frame_graph_boundary>, "/sys/devices/system/cpu/online", O_RDONLY|O_CLOEXEC) = 3</sys/devices/system/cpu/online>
248545 openat(AT_FDCWD</home/visitor/Documents/depthanything_u250_host_graph_r74_cpp_frame_graph_boundary>, "/sys/devices/system/cpu/online", O_RDONLY|O_CLOEXEC) = 3</sys/devices/system/cpu/online>
248545 openat(AT_FDCWD</home/visitor/Documents/depthanything_u250_host_graph_r74_cpp_frame_graph_boundary>, "/sys/devices/system/cpu/online", O_RDONLY|O_CLOEXEC) = 3</sys/devices/system/cpu/online>
248545 openat(AT_FDCWD</home/visitor/Documents/depthanything_u250_host_graph_r74_cpp_frame_graph_boundary>, "/sys/devices/system/cpu/online", O_RDONLY|O_CLOEXEC) = 3</sys/devices/system/cpu/online>
248545 openat(AT_FDCWD</home/visitor/Documents/depthanything_u250_host_graph_r74_cpp_frame_graph_boundary>, "/sys/devices/system/cpu/online", O_RDONLY|O_CLOEXEC) = 3</sys/devices/system/cpu/online>
248545 openat(AT_FDCWD</home/visitor/Documents/depthanything_u250_host_graph_r74_cpp_frame_graph_boundary>, "/sys/devices/system/cpu/online", O_RDONLY|O_CLOEXEC) = 3</sys/devices/system/cpu/online>
248545 openat(AT_FDCWD</home/visitor/Documents/depthanything_u250_host_graph_r74_cpp_frame_graph_boundary>, "/sys/devices/system/cpu/online", O_RDONLY|O_CLOEXEC) = 3</sys/devices/system/cpu/online>
248545 openat(AT_FDCWD</home/visitor/Documents/depthanything_u250_host_graph_r74_cpp_frame_graph_boundary>, "/sys/devices/system/cpu/online", O_RDONLY|O_CLOEXEC) = 3</sys/devices/system/cpu/online>
248545 openat(AT_FDCWD</home/visitor/Documents/depthanything_u250_host_graph_r74_cpp_frame_graph_boundary>, "/sys/devices/system/cpu/online", O_RDONLY|O_CLOEXEC) = 3</sys/devices/system/cpu/online>
248545 openat(AT_FDCWD</home/visitor/Documents/depthanything_u250_host_graph_r74_cpp_frame_graph_boundary>, "/sys/devices/system/cpu/online", O_RDONLY|O_CLOEXEC) = 3</sys/devices/system/cpu/online>
248545 openat(AT_FDCWD</home/visitor/Documents/depthanything_u250_host_graph_r74_cpp_frame_graph_boundary>, "/sys/devices/system/cpu/online", O_RDONLY|O_CLOEXEC) = 3</sys/devices/system/cpu/online>
248545 openat(AT_FDCWD</home/visitor/Documents/depthanything_u250_host_graph_r74_cpp_frame_graph_boundary>, "/sys/devices/system/cpu/online", O_RDONLY|O_CLOEXEC) = 3</sys/devices/system/cpu/online>
248545 openat(AT_FDCWD</home/visitor/Documents/depthanything_u250_host_graph_r74_cpp_frame_graph_boundary>, "/sys/devices/system/cpu/online", O_RDONLY|O_CLOEXEC) = 3</sys/devices/system/cpu/online>
248545 openat(AT_FDCWD</home/visitor/Documents/depthanything_u250_host_graph_r74_cpp_frame_graph_boundary>, "/sys/devices/system/cpu/online", O_RDONLY|O_CLOEXEC) = 3</sys/devices/system/cpu/online>
248545 openat(AT_FDCWD</home/visitor/Documents/depthanything_u250_host_graph_r74_cpp_frame_graph_boundary>, "/sys/devices/system/cpu/online", O_RDONLY|O_CLOEXEC) = 3</sys/devices/system/cpu/online>
248545 openat(AT_FDCWD</home/visitor/Documents/depthanything_u250_host_graph_r74_cpp_frame_graph_boundary>, "/sys/devices/system/cpu/online", O_RDONLY|O_CLOEXEC) = 3</sys/devices/system/cpu/online>
248545 openat(AT_FDCWD</home/visitor/Documents/depthanything_u250_host_graph_r74_cpp_frame_graph_boundary>, "/sys/devices/system/cpu/online", O_RDONLY|O_CLOEXEC) = 3</sys/devices/system/cpu/online>
248545 openat(AT_FDCWD</home/visitor/Documents/depthanything_u250_host_graph_r74_cpp_frame_graph_boundary>, "/sys/devices/system/cpu/online", O_RDONLY|O_CLOEXEC) = 3</sys/devices/system/cpu/online>
248545 openat(AT_FDCWD</home/visitor/Documents/depthanything_u250_host_graph_r74_cpp_frame_graph_boundary>, "/sys/devices/system/cpu/online", O_RDONLY|O_CLOEXEC) = 3</sys/devices/system/cpu/online>
248545 openat(AT_FDCWD</home/visitor/Documents/depthanything_u250_host_graph_r74_cpp_frame_graph_boundary>, "/sys/devices/system/cpu/online", O_RDONLY|O_CLOEXEC) = 3</sys/devices/system/cpu/online>
248545 openat(AT_FDCWD</home/visitor/Documents/depthanything_u250_host_graph_r74_cpp_frame_graph_boundary>, "/sys/devices/system/cpu/online", O_RDONLY|O_CLOEXEC) = 3</sys/devices/system/cpu/online>
248545 openat(AT_FDCWD</home/visitor/Documents/depthanything_u250_host_graph_r74_cpp_frame_graph_boundary>, "/sys/devices/system/cpu/online", O_RDONLY|O_CLOEXEC) = 3</sys/devices/system/cpu/online>
248545 openat(AT_FDCWD</home/visitor/Documents/depthanything_u250_host_graph_r74_cpp_frame_graph_boundary>, "/sys/devices/system/cpu/online", O_RDONLY|O_CLOEXEC) = 3</sys/devices/system/cpu/online>
248545 openat(AT_FDCWD</home/visitor/Documents/depthanything_u250_host_graph_r74_cpp_frame_graph_boundary>, "/sys/devices/system/cpu/online", O_RDONLY|O_CLOEXEC) = 3</sys/devices/system/cpu/online>
248545 openat(AT_FDCWD</home/visitor/Documents/depthanything_u250_host_graph_r74_cpp_frame_graph_boundary>, "/sys/devices/system/cpu/online", O_RDONLY|O_CLOEXEC) = 3</sys/devices/system/cpu/online>
248545 openat(AT_FDCWD</home/visitor/Documents/depthanything_u250_host_graph_r74_cpp_frame_graph_boundary>, "/sys/devices/system/cpu/online", O_RDONLY|O_CLOEXEC) = 3</sys/devices/system/cpu/online>
248545 openat(AT_FDCWD</home/visitor/Documents/depthanything_u250_host_graph_r74_cpp_frame_graph_boundary>, "/sys/devices/system/cpu/online", O_RDONLY|O_CLOEXEC) = 3</sys/devices/system/cpu/online>
248545 openat(AT_FDCWD</home/visitor/Documents/depthanything_u250_host_graph_r74_cpp_frame_graph_boundary>, "/sys/devices/system/cpu/online", O_RDONLY|O_CLOEXEC) = 3</sys/devices/system/cpu/online>
248545 openat(AT_FDCWD</home/visitor/Documents/depthanything_u250_host_graph_r74_cpp_frame_graph_boundary>, "/sys/devices/system/cpu/online", O_RDONLY|O_CLOEXEC) = 3</sys/devices/system/cpu/online>
248545 openat(AT_FDCWD</home/visitor/Documents/depthanything_u250_host_graph_r74_cpp_frame_graph_boundary>, "/sys/devices/system/cpu/online", O_RDONLY|O_CLOEXEC) = 3</sys/devices/system/cpu/online>
248545 openat(AT_FDCWD</home/visitor/Documents/depthanything_u250_host_graph_r74_cpp_frame_graph_boundary>, "/sys/devices/system/cpu/online", O_RDONLY|O_CLOEXEC) = 3</sys/devices/system/cpu/online>
248545 openat(AT_FDCWD</home/visitor/Documents/depthanything_u250_host_graph_r74_cpp_frame_graph_boundary>, "/sys/devices/system/cpu/online", O_RDONLY|O_CLOEXEC) = 3</sys/devices/system/cpu/online>
248545 openat(AT_FDCWD</home/visitor/Documents/depthanything_u250_host_graph_r74_cpp_frame_graph_boundary>, "/sys/devices/system/cpu/online", O_RDONLY|O_CLOEXEC) = 3</sys/devices/system/cpu/online>
248545 openat(AT_FDCWD</home/visitor/Documents/depthanything_u250_host_graph_r74_cpp_frame_graph_boundary>, "/sys/devices/system/cpu/online", O_RDONLY|O_CLOEXEC) = 3</sys/devices/system/cpu/online>
248545 openat(AT_FDCWD</home/visitor/Documents/depthanything_u250_host_graph_r74_cpp_frame_graph_boundary>, "/sys/devices/system/cpu/online", O_RDONLY|O_CLOEXEC) = 3</sys/devices/system/cpu/online>
248545 openat(AT_FDCWD</home/visitor/Documents/depthanything_u250_host_graph_r74_cpp_frame_graph_boundary>, "/sys/devices/system/cpu/online", O_RDONLY|O_CLOEXEC) = 3</sys/devices/system/cpu/online>
248545 openat(AT_FDCWD</home/visitor/Documents/depthanything_u250_host_graph_r74_cpp_frame_graph_boundary>, "/sys/devices/system/cpu/online", O_RDONLY|O_CLOEXEC) = 3</sys/devices/system/cpu/online>
248545 openat(AT_FDCWD</home/visitor/Documents/depthanything_u250_host_graph_r74_cpp_frame_graph_boundary>, "/sys/devices/system/cpu/online", O_RDONLY|O_CLOEXEC) = 3</sys/devices/system/cpu/online>
248545 openat(AT_FDCWD</home/visitor/Documents/depthanything_u250_host_graph_r74_cpp_frame_graph_boundary>, "/sys/devices/system/cpu/online", O_RDONLY|O_CLOEXEC) = 3</sys/devices/system/cpu/online>
248545 openat(AT_FDCWD</home/visitor/Documents/depthanything_u250_host_graph_r74_cpp_frame_graph_boundary>, "/sys/devices/system/cpu/online", O_RDONLY|O_CLOEXEC) = 3</sys/devices/system/cpu/online>
248545 openat(AT_FDCWD</home/visitor/Documents/depthanything_u250_host_graph_r74_cpp_frame_graph_boundary>, "/sys/devices/system/cpu/online", O_RDONLY|O_CLOEXEC) = 3</sys/devices/system/cpu/online>
248545 openat(AT_FDCWD</home/visitor/Documents/depthanything_u250_host_graph_r74_cpp_frame_graph_boundary>, "/sys/devices/system/cpu/online", O_RDONLY|O_CLOEXEC) = 3</sys/devices/system/cpu/online>
248545 openat(AT_FDCWD</home/visitor/Documents/depthanything_u250_host_graph_r74_cpp_frame_graph_boundary>, "/sys/devices/system/cpu/online", O_RDONLY|O_CLOEXEC) = 3</sys/devices/system/cpu/online>
248545 openat(AT_FDCWD</home/visitor/Documents/depthanything_u250_host_graph_r74_cpp_frame_graph_boundary>, "/sys/devices/system/cpu/online", O_RDONLY|O_CLOEXEC) = 3</sys/devices/system/cpu/online>
248545 openat(AT_FDCWD</home/visitor/Documents/depthanything_u250_host_graph_r74_cpp_frame_graph_boundary>, "/sys/devices/system/cpu/online", O_RDONLY|O_CLOEXEC) = 3</sys/devices/system/cpu/online>
248545 openat(AT_FDCWD</home/visitor/Documents/depthanything_u250_host_graph_r74_cpp_frame_graph_boundary>, "/sys/devices/system/cpu/online", O_RDONLY|O_CLOEXEC) = 3</sys/devices/system/cpu/online>
248545 openat(AT_FDCWD</home/visitor/Documents/depthanything_u250_host_graph_r74_cpp_frame_graph_boundary>, "/sys/devices/system/cpu/online", O_RDONLY|O_CLOEXEC) = 3</sys/devices/system/cpu/online>
248545 openat(AT_FDCWD</home/visitor/Documents/depthanything_u250_host_graph_r74_cpp_frame_graph_boundary>, "/sys/devices/system/cpu/online", O_RDONLY|O_CLOEXEC) = 3</sys/devices/system/cpu/online>
248545 openat(AT_FDCWD</home/visitor/Documents/depthanything_u250_host_graph_r74_cpp_frame_graph_boundary>, "/sys/devices/system/cpu/online", O_RDONLY|O_CLOEXEC) = 3</sys/devices/system/cpu/online>
248545 openat(AT_FDCWD</home/visitor/Documents/depthanything_u250_host_graph_r74_cpp_frame_graph_boundary>, "/sys/devices/system/cpu/online", O_RDONLY|O_CLOEXEC) = 3</sys/devices/system/cpu/online>
248545 openat(AT_FDCWD</home/visitor/Documents/depthanything_u250_host_graph_r74_cpp_frame_graph_boundary>, "/sys/devices/system/cpu/online", O_RDONLY|O_CLOEXEC) = 3</sys/devices/system/cpu/online>
248545 openat(AT_FDCWD</home/visitor/Documents/depthanything_u250_host_graph_r74_cpp_frame_graph_boundary>, "/sys/devices/system/cpu/online", O_RDONLY|O_CLOEXEC) = 3</sys/devices/system/cpu/online>
248545 openat(AT_FDCWD</home/visitor/Documents/depthanything_u250_host_graph_r74_cpp_frame_graph_boundary>, "/sys/devices/system/cpu/online", O_RDONLY|O_CLOEXEC) = 3</sys/devices/system/cpu/online>
248545 openat(AT_FDCWD</home/visitor/Documents/depthanything_u250_host_graph_r74_cpp_frame_graph_boundary>, "/sys/devices/system/cpu/online", O_RDONLY|O_CLOEXEC) = 3</sys/devices/system/cpu/online>
248545 openat(AT_FDCWD</home/visitor/Documents/depthanything_u250_host_graph_r74_cpp_frame_graph_boundary>, "/sys/devices/system/cpu/online", O_RDONLY|O_CLOEXEC) = 3</sys/devices/system/cpu/online>
248545 openat(AT_FDCWD</home/visitor/Documents/depthanything_u250_host_graph_r74_cpp_frame_graph_boundary>, "/sys/devices/system/cpu/online", O_RDONLY|O_CLOEXEC) = 3</sys/devices/system/cpu/online>
248545 openat(AT_FDCWD</home/visitor/Documents/depthanything_u250_host_graph_r74_cpp_frame_graph_boundary>, "/sys/devices/system/cpu/online", O_RDONLY|O_CLOEXEC) = 3</sys/devices/system/cpu/online>
248545 openat(AT_FDCWD</home/visitor/Documents/depthanything_u250_host_graph_r74_cpp_frame_graph_boundary>, "/sys/devices/system/cpu/online", O_RDONLY|O_CLOEXEC) = 3</sys/devices/system/cpu/online>
248545 openat(AT_FDCWD</home/visitor/Documents/depthanything_u250_host_graph_r74_cpp_frame_graph_boundary>, "/sys/devices/system/cpu/online", O_RDONLY|O_CLOEXEC) = 3</sys/devices/system/cpu/online>
248545 openat(AT_FDCWD</home/visitor/Documents/depthanything_u250_host_graph_r74_cpp_frame_graph_boundary>, "/sys/devices/system/cpu/online", O_RDONLY|O_CLOEXEC) = 3</sys/devices/system/cpu/online>
248545 openat(AT_FDCWD</home/visitor/Documents/depthanything_u250_host_graph_r74_cpp_frame_graph_boundary>, "/sys/devices/system/cpu/online", O_RDONLY|O_CLOEXEC) = 3</sys/devices/system/cpu/online>
248545 openat(AT_FDCWD</home/visitor/Documents/depthanything_u250_host_graph_r74_cpp_frame_graph_boundary>, "/sys/devices/system/cpu/online", O_RDONLY|O_CLOEXEC) = 3</sys/devices/system/cpu/online>
248545 openat(AT_FDCWD</home/visitor/Documents/depthanything_u250_host_graph_r74_cpp_frame_graph_boundary>, "/sys/devices/system/cpu/online", O_RDONLY|O_CLOEXEC) = 3</sys/devices/system/cpu/online>
248545 openat(AT_FDCWD</home/visitor/Documents/depthanything_u250_host_graph_r74_cpp_frame_graph_boundary>, "/sys/devices/system/cpu/online", O_RDONLY|O_CLOEXEC) = 3</sys/devices/system/cpu/online>
248545 openat(AT_FDCWD</home/visitor/Documents/depthanything_u250_host_graph_r74_cpp_frame_graph_boundary>, "/sys/devices/system/cpu/online", O_RDONLY|O_CLOEXEC) = 3</sys/devices/system/cpu/online>
248545 openat(AT_FDCWD</home/visitor/Documents/depthanything_u250_host_graph_r74_cpp_frame_graph_boundary>, "/sys/devices/system/cpu/online", O_RDONLY|O_CLOEXEC) = 3</sys/devices/system/cpu/online>
248545 openat(AT_FDCWD</home/visitor/Documents/depthanything_u250_host_graph_r74_cpp_frame_graph_boundary>, "/sys/devices/system/cpu/online", O_RDONLY|O_CLOEXEC) = 3</sys/devices/system/cpu/online>
248545 openat(AT_FDCWD</home/visitor/Documents/depthanything_u250_host_graph_r74_cpp_frame_graph_boundary>, "/sys/devices/system/cpu/online", O_RDONLY|O_CLOEXEC) = 3</sys/devices/system/cpu/online>
248545 openat(AT_FDCWD</home/visitor/Documents/depthanything_u250_host_graph_r74_cpp_frame_graph_boundary>, "/sys/devices/system/cpu/online", O_RDONLY|O_CLOEXEC) = 3</sys/devices/system/cpu/online>
248545 openat(AT_FDCWD</home/visitor/Documents/depthanything_u250_host_graph_r74_cpp_frame_graph_boundary>, "/sys/devices/system/cpu/online", O_RDONLY|O_CLOEXEC) = 3</sys/devices/system/cpu/online>
248545 openat(AT_FDCWD</home/visitor/Documents/depthanything_u250_host_graph_r74_cpp_frame_graph_boundary>, "/sys/devices/system/cpu/online", O_RDONLY|O_CLOEXEC) = 3</sys/devices/system/cpu/online>
248545 openat(AT_FDCWD</home/visitor/Documents/depthanything_u250_host_graph_r74_cpp_frame_graph_boundary>, "/sys/devices/system/cpu/online", O_RDONLY|O_CLOEXEC) = 3</sys/devices/system/cpu/online>
248545 openat(AT_FDCWD</home/visitor/Documents/depthanything_u250_host_graph_r74_cpp_frame_graph_boundary>, "/sys/devices/system/cpu/online", O_RDONLY|O_CLOEXEC) = 3</sys/devices/system/cpu/online>
248545 openat(AT_FDCWD</home/visitor/Documents/depthanything_u250_host_graph_r74_cpp_frame_graph_boundary>, "/sys/devices/system/cpu/online", O_RDONLY|O_CLOEXEC) = 3</sys/devices/system/cpu/online>
248545 openat(AT_FDCWD</home/visitor/Documents/depthanything_u250_host_graph_r74_cpp_frame_graph_boundary>, "/sys/devices/system/cpu/online", O_RDONLY|O_CLOEXEC) = 3</sys/devices/system/cpu/online>
248545 openat(AT_FDCWD</home/visitor/Documents/depthanything_u250_host_graph_r74_cpp_frame_graph_boundary>, "/sys/devices/system/cpu/online", O_RDONLY|O_CLOEXEC) = 3</sys/devices/system/cpu/online>
248545 openat(AT_FDCWD</home/visitor/Documents/depthanything_u250_host_graph_r74_cpp_frame_graph_boundary>, "/sys/devices/system/cpu/online", O_RDONLY|O_CLOEXEC) = 3</sys/devices/system/cpu/online>
248545 openat(AT_FDCWD</home/visitor/Documents/depthanything_u250_host_graph_r74_cpp_frame_graph_boundary>, "/sys/devices/system/cpu/online", O_RDONLY|O_CLOEXEC) = 3</sys/devices/system/cpu/online>
248545 openat(AT_FDCWD</home/visitor/Documents/depthanything_u250_host_graph_r74_cpp_frame_graph_boundary>, "/sys/devices/system/cpu/online", O_RDONLY|O_CLOEXEC) = 3</sys/devices/system/cpu/online>
248545 openat(AT_FDCWD</home/visitor/Documents/depthanything_u250_host_graph_r74_cpp_frame_graph_boundary>, "/sys/devices/system/cpu/online", O_RDONLY|O_CLOEXEC) = 3</sys/devices/system/cpu/online>
248545 openat(AT_FDCWD</home/visitor/Documents/depthanything_u250_host_graph_r74_cpp_frame_graph_boundary>, "/sys/devices/system/cpu/online", O_RDONLY|O_CLOEXEC) = 3</sys/devices/system/cpu/online>
248545 openat(AT_FDCWD</home/visitor/Documents/depthanything_u250_host_graph_r74_cpp_frame_graph_boundary>, "/sys/devices/system/cpu/online", O_RDONLY|O_CLOEXEC) = 3</sys/devices/system/cpu/online>
248545 openat(AT_FDCWD</home/visitor/Documents/depthanything_u250_host_graph_r74_cpp_frame_graph_boundary>, "/sys/devices/system/cpu/online", O_RDONLY|O_CLOEXEC) = 3</sys/devices/system/cpu/online>
248545 openat(AT_FDCWD</home/visitor/Documents/depthanything_u250_host_graph_r74_cpp_frame_graph_boundary>, "/sys/devices/system/cpu/online", O_RDONLY|O_CLOEXEC) = 3</sys/devices/system/cpu/online>
248545 openat(AT_FDCWD</home/visitor/Documents/depthanything_u250_host_graph_r74_cpp_frame_graph_boundary>, "/sys/devices/system/cpu/online", O_RDONLY|O_CLOEXEC) = 3</sys/devices/system/cpu/online>
248545 openat(AT_FDCWD</home/visitor/Documents/depthanything_u250_host_graph_r74_cpp_frame_graph_boundary>, "/sys/devices/system/cpu/online", O_RDONLY|O_CLOEXEC) = 3</sys/devices/system/cpu/online>
248545 openat(AT_FDCWD</home/visitor/Documents/depthanything_u250_host_graph_r74_cpp_frame_graph_boundary>, "/sys/devices/system/cpu/online", O_RDONLY|O_CLOEXEC) = 3</sys/devices/system/cpu/online>
248545 openat(AT_FDCWD</home/visitor/Documents/depthanything_u250_host_graph_r74_cpp_frame_graph_boundary>, "/sys/devices/system/cpu/online", O_RDONLY|O_CLOEXEC) = 3</sys/devices/system/cpu/online>
248545 openat(AT_FDCWD</home/visitor/Documents/depthanything_u250_host_graph_r74_cpp_frame_graph_boundary>, "/sys/devices/system/cpu/online", O_RDONLY|O_CLOEXEC) = 3</sys/devices/system/cpu/online>
248545 openat(AT_FDCWD</home/visitor/Documents/depthanything_u250_host_graph_r74_cpp_frame_graph_boundary>, "/sys/devices/system/cpu/online", O_RDONLY|O_CLOEXEC) = 3</sys/devices/system/cpu/online>
248545 openat(AT_FDCWD</home/visitor/Documents/depthanything_u250_host_graph_r74_cpp_frame_graph_boundary>, "/sys/devices/system/cpu/online", O_RDONLY|O_CLOEXEC) = 3</sys/devices/system/cpu/online>
248545 openat(AT_FDCWD</home/visitor/Documents/depthanything_u250_host_graph_r74_cpp_frame_graph_boundary>, "/sys/devices/system/cpu/online", O_RDONLY|O_CLOEXEC) = 3</sys/devices/system/cpu/online>
248545 openat(AT_FDCWD</home/visitor/Documents/depthanything_u250_host_graph_r74_cpp_frame_graph_boundary>, "/sys/devices/system/cpu/online", O_RDONLY|O_CLOEXEC) = 3</sys/devices/system/cpu/online>
248545 openat(AT_FDCWD</home/visitor/Documents/depthanything_u250_host_graph_r74_cpp_frame_graph_boundary>, "/sys/devices/system/cpu/online", O_RDONLY|O_CLOEXEC) = 3</sys/devices/system/cpu/online>
248545 openat(AT_FDCWD</home/visitor/Documents/depthanything_u250_host_graph_r74_cpp_frame_graph_boundary>, "/sys/devices/system/cpu/online", O_RDONLY|O_CLOEXEC) = 3</sys/devices/system/cpu/online>
248545 openat(AT_FDCWD</home/visitor/Documents/depthanything_u250_host_graph_r74_cpp_frame_graph_boundary>, "/sys/devices/system/cpu/online", O_RDONLY|O_CLOEXEC) = 3</sys/devices/system/cpu/online>
248545 openat(AT_FDCWD</home/visitor/Documents/depthanything_u250_host_graph_r74_cpp_frame_graph_boundary>, "/sys/devices/system/cpu/online", O_RDONLY|O_CLOEXEC) = 3</sys/devices/system/cpu/online>
248545 openat(AT_FDCWD</home/visitor/Documents/depthanything_u250_host_graph_r74_cpp_frame_graph_boundary>, "/sys/devices/system/cpu/online", O_RDONLY|O_CLOEXEC) = 3</sys/devices/system/cpu/online>
248545 openat(AT_FDCWD</home/visitor/Documents/depthanything_u250_host_graph_r74_cpp_frame_graph_boundary>, "/sys/devices/system/cpu/online", O_RDONLY|O_CLOEXEC) = 3</sys/devices/system/cpu/online>
248545 openat(AT_FDCWD</home/visitor/Documents/depthanything_u250_host_graph_r74_cpp_frame_graph_boundary>, "/sys/devices/system/cpu/online", O_RDONLY|O_CLOEXEC) = 3</sys/devices/system/cpu/online>
248545 openat(AT_FDCWD</home/visitor/Documents/depthanything_u250_host_graph_r74_cpp_frame_graph_boundary>, "/sys/devices/system/cpu/online", O_RDONLY|O_CLOEXEC) = 3</sys/devices/system/cpu/online>
248545 openat(AT_FDCWD</home/visitor/Documents/depthanything_u250_host_graph_r74_cpp_frame_graph_boundary>, "/sys/devices/system/cpu/online", O_RDONLY|O_CLOEXEC) = 3</sys/devices/system/cpu/online>
248545 openat(AT_FDCWD</home/visitor/Documents/depthanything_u250_host_graph_r74_cpp_frame_graph_boundary>, "/home/visitor/Documents/depthanything_r74_controlflow_out/full_controlflow.npz", O_RDWR|O_CREAT|O_TRUNC|O_CLOEXEC, 0666) = 3</home/visitor/Documents/depthanything_r74_controlflow_out/full_controlflow.npz>
248545 openat(AT_FDCWD</home/visitor/Documents/depthanything_u250_host_graph_r74_cpp_frame_graph_boundary>, "/home/visitor/Documents/depthanything_r74_controlflow_out/full_controlflow.summary.json", O_WRONLY|O_CREAT|O_TRUNC|O_CLOEXEC, 0666) = 3</home/visitor/Documents/depthanything_r74_controlflow_out/full_controlflow.summary.json>
248545 openat(AT_FDCWD</home/visitor/Documents/depthanything_u250_host_graph_r74_cpp_frame_graph_boundary>, "/home/visitor/Documents/depthanything_r74_controlflow_out/full_controlflow.summary.json", O_RDONLY|O_CLOEXEC) = 3</home/visitor/Documents/depthanything_r74_controlflow_out/full_controlflow.summary.json>
248545 openat(AT_FDCWD</home/visitor/Documents/depthanything_u250_host_graph_r74_cpp_frame_graph_boundary>, "/dev/null", O_RDWR|O_CLOEXEC) = 5</dev/null<char 1:3>>
252164 openat(AT_FDCWD</home/visitor/Documents/depthanything_u250_host_graph_r74_cpp_frame_graph_boundary>, "/proc/self/fd", O_RDONLY|O_CLOEXEC) = 3</proc/252164/fd>
252164 openat(AT_FDCWD</home/visitor/Documents/depthanything_u250_host_graph_r74_cpp_frame_graph_boundary>, "/home/visitor/anaconda3/lib/glibc-hwcaps/x86-64-v3/libc.so.6", O_RDONLY|O_CLOEXEC) = -1 ENOENT (No such file or directory)
252164 openat(AT_FDCWD</home/visitor/Documents/depthanything_u250_host_graph_r74_cpp_frame_graph_boundary>, "/home/visitor/anaconda3/lib/glibc-hwcaps/x86-64-v2/libc.so.6", O_RDONLY|O_CLOEXEC) = -1 ENOENT (No such file or directory)
252164 openat(AT_FDCWD</home/visitor/Documents/depthanything_u250_host_graph_r74_cpp_frame_graph_boundary>, "/home/visitor/anaconda3/lib/tls/haswell/x86_64/libc.so.6", O_RDONLY|O_CLOEXEC) = -1 ENOENT (No such file or directory)
252164 openat(AT_FDCWD</home/visitor/Documents/depthanything_u250_host_graph_r74_cpp_frame_graph_boundary>, "/home/visitor/anaconda3/lib/tls/haswell/libc.so.6", O_RDONLY|O_CLOEXEC) = -1 ENOENT (No such file or directory)
252164 openat(AT_FDCWD</home/visitor/Documents/depthanything_u250_host_graph_r74_cpp_frame_graph_boundary>, "/home/visitor/anaconda3/lib/tls/x86_64/libc.so.6", O_RDONLY|O_CLOEXEC) = -1 ENOENT (No such file or directory)
252164 openat(AT_FDCWD</home/visitor/Documents/depthanything_u250_host_graph_r74_cpp_frame_graph_boundary>, "/home/visitor/anaconda3/lib/tls/libc.so.6", O_RDONLY|O_CLOEXEC) = -1 ENOENT (No such file or directory)
252164 openat(AT_FDCWD</home/visitor/Documents/depthanything_u250_host_graph_r74_cpp_frame_graph_boundary>, "/home/visitor/anaconda3/lib/haswell/x86_64/libc.so.6", O_RDONLY|O_CLOEXEC) = -1 ENOENT (No such file or directory)
252164 openat(AT_FDCWD</home/visitor/Documents/depthanything_u250_host_graph_r74_cpp_frame_graph_boundary>, "/home/visitor/anaconda3/lib/haswell/libc.so.6", O_RDONLY|O_CLOEXEC) = -1 ENOENT (No such file or directory)
252164 openat(AT_FDCWD</home/visitor/Documents/depthanything_u250_host_graph_r74_cpp_frame_graph_boundary>, "/home/visitor/anaconda3/lib/x86_64/libc.so.6", O_RDONLY|O_CLOEXEC) = -1 ENOENT (No such file or directory)
252164 openat(AT_FDCWD</home/visitor/Documents/depthanything_u250_host_graph_r74_cpp_frame_graph_boundary>, "/home/visitor/anaconda3/lib/libc.so.6", O_RDONLY|O_CLOEXEC) = -1 ENOENT (No such file or directory)
252164 openat(AT_FDCWD</home/visitor/Documents/depthanything_u250_host_graph_r74_cpp_frame_graph_boundary>, "glibc-hwcaps/x86-64-v3/libc.so.6", O_RDONLY|O_CLOEXEC) = -1 ENOENT (No such file or directory)
252164 openat(AT_FDCWD</home/visitor/Documents/depthanything_u250_host_graph_r74_cpp_frame_graph_boundary>, "glibc-hwcaps/x86-64-v2/libc.so.6", O_RDONLY|O_CLOEXEC) = -1 ENOENT (No such file or directory)
252164 openat(AT_FDCWD</home/visitor/Documents/depthanything_u250_host_graph_r74_cpp_frame_graph_boundary>, "tls/haswell/x86_64/libc.so.6", O_RDONLY|O_CLOEXEC) = -1 ENOENT (No such file or directory)
252164 openat(AT_FDCWD</home/visitor/Documents/depthanything_u250_host_graph_r74_cpp_frame_graph_boundary>, "tls/haswell/libc.so.6", O_RDONLY|O_CLOEXEC) = -1 ENOENT (No such file or directory)
252164 openat(AT_FDCWD</home/visitor/Documents/depthanything_u250_host_graph_r74_cpp_frame_graph_boundary>, "tls/x86_64/libc.so.6", O_RDONLY|O_CLOEXEC) = -1 ENOENT (No such file or directory)
252164 openat(AT_FDCWD</home/visitor/Documents/depthanything_u250_host_graph_r74_cpp_frame_graph_boundary>, "tls/libc.so.6", O_RDONLY|O_CLOEXEC) = -1 ENOENT (No such file or directory)
252164 openat(AT_FDCWD</home/visitor/Documents/depthanything_u250_host_graph_r74_cpp_frame_graph_boundary>, "haswell/x86_64/libc.so.6", O_RDONLY|O_CLOEXEC) = -1 ENOENT (No such file or directory)
252164 openat(AT_FDCWD</home/visitor/Documents/depthanything_u250_host_graph_r74_cpp_frame_graph_boundary>, "haswell/libc.so.6", O_RDONLY|O_CLOEXEC) = -1 ENOENT (No such file or directory)
252164 openat(AT_FDCWD</home/visitor/Documents/depthanything_u250_host_graph_r74_cpp_frame_graph_boundary>, "x86_64/libc.so.6", O_RDONLY|O_CLOEXEC) = -1 ENOENT (No such file or directory)
252164 openat(AT_FDCWD</home/visitor/Documents/depthanything_u250_host_graph_r74_cpp_frame_graph_boundary>, "libc.so.6", O_RDONLY|O_CLOEXEC) = -1 ENOENT (No such file or directory)
252164 openat(AT_FDCWD</home/visitor/Documents/depthanything_u250_host_graph_r74_cpp_frame_graph_boundary>, "/etc/ld.so.cache", O_RDONLY|O_CLOEXEC) = 3</etc/ld.so.cache>
252164 openat(AT_FDCWD</home/visitor/Documents/depthanything_u250_host_graph_r74_cpp_frame_graph_boundary>, "/lib/x86_64-linux-gnu/libc.so.6", O_RDONLY|O_CLOEXEC) = 3</usr/lib/x86_64-linux-gnu/libc.so.6>
252164 openat(AT_FDCWD</home/visitor/Documents/depthanything_u250_host_graph_r74_cpp_frame_graph_boundary>, "/usr/lib/locale/locale-archive", O_RDONLY|O_CLOEXEC) = 3</usr/lib/locale/locale-archive>
252164 openat(AT_FDCWD</home/visitor/Documents/depthanything_u250_host_graph_r74_cpp_frame_graph_boundary>, "/usr/share/locale/locale.alias", O_RDONLY|O_CLOEXEC) = 3</etc/locale.alias>
252164 openat(AT_FDCWD</home/visitor/Documents/depthanything_u250_host_graph_r74_cpp_frame_graph_boundary>, "/usr/lib/locale/C.UTF-8/LC_IDENTIFICATION", O_RDONLY|O_CLOEXEC) = -1 ENOENT (No such file or directory)
252164 openat(AT_FDCWD</home/visitor/Documents/depthanything_u250_host_graph_r74_cpp_frame_graph_boundary>, "/usr/lib/locale/C.utf8/LC_IDENTIFICATION", O_RDONLY|O_CLOEXEC) = 3</usr/lib/locale/C.utf8/LC_IDENTIFICATION>
252164 openat(AT_FDCWD</home/visitor/Documents/depthanything_u250_host_graph_r74_cpp_frame_graph_boundary>, "/usr/lib/x86_64-linux-gnu/gconv/gconv-modules.cache", O_RDONLY) = 3</usr/lib/x86_64-linux-gnu/gconv/gconv-modules.cache>
252164 openat(AT_FDCWD</home/visitor/Documents/depthanything_u250_host_graph_r74_cpp_frame_graph_boundary>, "/usr/lib/locale/C.UTF-8/LC_MEASUREMENT", O_RDONLY|O_CLOEXEC) = -1 ENOENT (No such file or directory)
252164 openat(AT_FDCWD</home/visitor/Documents/depthanything_u250_host_graph_r74_cpp_frame_graph_boundary>, "/usr/lib/locale/C.utf8/LC_MEASUREMENT", O_RDONLY|O_CLOEXEC) = 3</usr/lib/locale/C.utf8/LC_MEASUREMENT>
252164 openat(AT_FDCWD</home/visitor/Documents/depthanything_u250_host_graph_r74_cpp_frame_graph_boundary>, "/usr/lib/locale/C.UTF-8/LC_TELEPHONE", O_RDONLY|O_CLOEXEC) = -1 ENOENT (No such file or directory)
252164 openat(AT_FDCWD</home/visitor/Documents/depthanything_u250_host_graph_r74_cpp_frame_graph_boundary>, "/usr/lib/locale/C.utf8/LC_TELEPHONE", O_RDONLY|O_CLOEXEC) = 3</usr/lib/locale/C.utf8/LC_TELEPHONE>
252164 openat(AT_FDCWD</home/visitor/Documents/depthanything_u250_host_graph_r74_cpp_frame_graph_boundary>, "/usr/lib/locale/C.UTF-8/LC_ADDRESS", O_RDONLY|O_CLOEXEC) = -1 ENOENT (No such file or directory)
252164 openat(AT_FDCWD</home/visitor/Documents/depthanything_u250_host_graph_r74_cpp_frame_graph_boundary>, "/usr/lib/locale/C.utf8/LC_ADDRESS", O_RDONLY|O_CLOEXEC) = 3</usr/lib/locale/C.utf8/LC_ADDRESS>
252164 openat(AT_FDCWD</home/visitor/Documents/depthanything_u250_host_graph_r74_cpp_frame_graph_boundary>, "/usr/lib/locale/C.UTF-8/LC_NAME", O_RDONLY|O_CLOEXEC) = -1 ENOENT (No such file or directory)
252164 openat(AT_FDCWD</home/visitor/Documents/depthanything_u250_host_graph_r74_cpp_frame_graph_boundary>, "/usr/lib/locale/C.utf8/LC_NAME", O_RDONLY|O_CLOEXEC) = 3</usr/lib/locale/C.utf8/LC_NAME>
252164 openat(AT_FDCWD</home/visitor/Documents/depthanything_u250_host_graph_r74_cpp_frame_graph_boundary>, "/usr/lib/locale/C.UTF-8/LC_PAPER", O_RDONLY|O_CLOEXEC) = -1 ENOENT (No such file or directory)
252164 openat(AT_FDCWD</home/visitor/Documents/depthanything_u250_host_graph_r74_cpp_frame_graph_boundary>, "/usr/lib/locale/C.utf8/LC_PAPER", O_RDONLY|O_CLOEXEC) = 3</usr/lib/locale/C.utf8/LC_PAPER>
252164 openat(AT_FDCWD</home/visitor/Documents/depthanything_u250_host_graph_r74_cpp_frame_graph_boundary>, "/usr/lib/locale/C.UTF-8/LC_MESSAGES", O_RDONLY|O_CLOEXEC) = -1 ENOENT (No such file or directory)
252164 openat(AT_FDCWD</home/visitor/Documents/depthanything_u250_host_graph_r74_cpp_frame_graph_boundary>, "/usr/lib/locale/C.utf8/LC_MESSAGES", O_RDONLY|O_CLOEXEC) = 3</usr/lib/locale/C.utf8/LC_MESSAGES>
252164 openat(AT_FDCWD</home/visitor/Documents/depthanything_u250_host_graph_r74_cpp_frame_graph_boundary>, "/usr/lib/locale/C.utf8/LC_MESSAGES/SYS_LC_MESSAGES", O_RDONLY|O_CLOEXEC) = 3</usr/lib/locale/C.utf8/LC_MESSAGES/SYS_LC_MESSAGES>
252164 openat(AT_FDCWD</home/visitor/Documents/depthanything_u250_host_graph_r74_cpp_frame_graph_boundary>, "/usr/lib/locale/C.UTF-8/LC_MONETARY", O_RDONLY|O_CLOEXEC) = -1 ENOENT (No such file or directory)
252164 openat(AT_FDCWD</home/visitor/Documents/depthanything_u250_host_graph_r74_cpp_frame_graph_boundary>, "/usr/lib/locale/C.utf8/LC_MONETARY", O_RDONLY|O_CLOEXEC) = 3</usr/lib/locale/C.utf8/LC_MONETARY>
252164 openat(AT_FDCWD</home/visitor/Documents/depthanything_u250_host_graph_r74_cpp_frame_graph_boundary>, "/usr/lib/locale/C.UTF-8/LC_COLLATE", O_RDONLY|O_CLOEXEC) = -1 ENOENT (No such file or directory)
252164 openat(AT_FDCWD</home/visitor/Documents/depthanything_u250_host_graph_r74_cpp_frame_graph_boundary>, "/usr/lib/locale/C.utf8/LC_COLLATE", O_RDONLY|O_CLOEXEC) = 3</usr/lib/locale/C.utf8/LC_COLLATE>
252164 openat(AT_FDCWD</home/visitor/Documents/depthanything_u250_host_graph_r74_cpp_frame_graph_boundary>, "/usr/lib/locale/C.UTF-8/LC_TIME", O_RDONLY|O_CLOEXEC) = -1 ENOENT (No such file or directory)
252164 openat(AT_FDCWD</home/visitor/Documents/depthanything_u250_host_graph_r74_cpp_frame_graph_boundary>, "/usr/lib/locale/C.utf8/LC_TIME", O_RDONLY|O_CLOEXEC) = 3</usr/lib/locale/C.utf8/LC_TIME>
252164 openat(AT_FDCWD</home/visitor/Documents/depthanything_u250_host_graph_r74_cpp_frame_graph_boundary>, "/usr/lib/locale/C.UTF-8/LC_NUMERIC", O_RDONLY|O_CLOEXEC) = -1 ENOENT (No such file or directory)
252164 openat(AT_FDCWD</home/visitor/Documents/depthanything_u250_host_graph_r74_cpp_frame_graph_boundary>, "/usr/lib/locale/C.utf8/LC_NUMERIC", O_RDONLY|O_CLOEXEC) = 3</usr/lib/locale/C.utf8/LC_NUMERIC>
252164 openat(AT_FDCWD</home/visitor/Documents/depthanything_u250_host_graph_r74_cpp_frame_graph_boundary>, "/usr/lib/locale/C.UTF-8/LC_CTYPE", O_RDONLY|O_CLOEXEC) = -1 ENOENT (No such file or directory)
252164 openat(AT_FDCWD</home/visitor/Documents/depthanything_u250_host_graph_r74_cpp_frame_graph_boundary>, "/usr/lib/locale/C.utf8/LC_CTYPE", O_RDONLY|O_CLOEXEC) = 3</usr/lib/locale/C.utf8/LC_CTYPE>
248546 --- SIGCHLD {si_signo=SIGCHLD, si_code=CLD_EXITED, si_pid=252164, si_uid=1001, si_status=0, si_utime=0, si_stime=0} ---
248545 openat(AT_FDCWD</home/visitor/Documents/depthanything_u250_host_graph_r74_cpp_frame_graph_boundary>, "/home/visitor/Documents/depthanything_u250_host_graph_r74_cpp_frame_graph_boundary/build/native_codec/fpgaDmaBatch.cpython-313-x86_64-linux-gnu.so", O_RDONLY|O_CLOEXEC) = 3</home/visitor/Documents/depthanything_u250_host_graph_r74_cpp_frame_graph_boundary/build/native_codec/fpgaDmaBatch.cpython-313-x86_64-linux-gnu.so>
248545 openat(AT_FDCWD</home/visitor/Documents/depthanything_u250_host_graph_r74_cpp_frame_graph_boundary>, "/home/visitor/Documents/depthanything_u250_host_graph_r74_cpp_frame_graph_boundary/tools/run_u250_native_codec_controlflow.py", O_RDONLY|O_CLOEXEC) = 3</home/visitor/Documents/depthanything_u250_host_graph_r74_cpp_frame_graph_boundary/tools/run_u250_native_codec_controlflow.py>
248545 openat(AT_FDCWD</home/visitor/Documents/depthanything_u250_host_graph_r74_cpp_frame_graph_boundary>, "/home/visitor/Documents/depthanything_u250_host_graph_r74_cpp_frame_graph_boundary/tools/run_u250_depthanything_hybrid.py", O_RDONLY|O_CLOEXEC) = 3</home/visitor/Documents/depthanything_u250_host_graph_r74_cpp_frame_graph_boundary/tools/run_u250_depthanything_hybrid.py>
248545 openat(AT_FDCWD</home/visitor/Documents/depthanything_u250_host_graph_r74_cpp_frame_graph_boundary>, "/home/visitor/Documents/depthanything_u250_host_graph_r74_cpp_frame_graph_boundary/tools/u250_cpp_mapped_runtime.py", O_RDONLY|O_CLOEXEC) = 3</home/visitor/Documents/depthanything_u250_host_graph_r74_cpp_frame_graph_boundary/tools/u250_cpp_mapped_runtime.py>
248545 openat(AT_FDCWD</home/visitor/Documents/depthanything_u250_host_graph_r74_cpp_frame_graph_boundary>, "/home/visitor/Documents/depthanything_u250_host_graph_r74_cpp_frame_graph_boundary/tools/u250_layout_descriptors.py", O_RDONLY|O_CLOEXEC) = 3</home/visitor/Documents/depthanything_u250_host_graph_r74_cpp_frame_graph_boundary/tools/u250_layout_descriptors.py>
248545 openat(AT_FDCWD</home/visitor/Documents/depthanything_u250_host_graph_r74_cpp_frame_graph_boundary>, "/home/visitor/Documents/depthanything_u250_host_graph_r74_cpp_frame_graph_boundary/tools/fpga_dma_batch.cpp", O_RDONLY|O_CLOEXEC) = 3</home/visitor/Documents/depthanything_u250_host_graph_r74_cpp_frame_graph_boundary/tools/fpga_dma_batch.cpp>
248545 openat(AT_FDCWD</home/visitor/Documents/depthanything_u250_host_graph_r74_cpp_frame_graph_boundary>, "/home/visitor/Documents/depthanything_u250_host_graph_r74_cpp_frame_graph_boundary/tools/u250_host_profile.py", O_RDONLY|O_CLOEXEC) = 3</home/visitor/Documents/depthanything_u250_host_graph_r74_cpp_frame_graph_boundary/tools/u250_host_profile.py>
248545 openat(AT_FDCWD</home/visitor/Documents/depthanything_u250_host_graph_r74_cpp_frame_graph_boundary>, "/home/visitor/Documents/depthanything_u250_host_graph_r74_cpp_frame_graph_boundary/tools/qualify_u250_host_executor.py", O_RDONLY|O_CLOEXEC) = 3</home/visitor/Documents/depthanything_u250_host_graph_r74_cpp_frame_graph_boundary/tools/qualify_u250_host_executor.py>
248545 openat(AT_FDCWD</home/visitor/Documents/depthanything_u250_host_graph_r74_cpp_frame_graph_boundary>, "/home/visitor/Documents/depthanything_u250_host_graph_r74_cpp_frame_graph_boundary/tools/u250_host_graph.hpp", O_RDONLY|O_CLOEXEC) = 3</home/visitor/Documents/depthanything_u250_host_graph_r74_cpp_frame_graph_boundary/tools/u250_host_graph.hpp>
248545 openat(AT_FDCWD</home/visitor/Documents/depthanything_u250_host_graph_r74_cpp_frame_graph_boundary>, "/home/visitor/Documents/depthanything_u250_host_graph_r74_cpp_frame_graph_boundary/tools/u250_host_executor.py", O_RDONLY|O_CLOEXEC) = 3</home/visitor/Documents/depthanything_u250_host_graph_r74_cpp_frame_graph_boundary/tools/u250_host_executor.py>
248545 openat(AT_FDCWD</home/visitor/Documents/depthanything_u250_host_graph_r74_cpp_frame_graph_boundary>, "/home/visitor/Documents/depthanything_u250_host_graph_r74_cpp_frame_graph_boundary/resident_kernel_bank_manifest.json", O_RDONLY|O_CLOEXEC) = 3</home/visitor/Documents/depthanything_u250_host_graph_r74_cpp_frame_graph_boundary/resident_kernel_bank_manifest.json>
248545 openat(AT_FDCWD</home/visitor/Documents/depthanything_u250_host_graph_r74_cpp_frame_graph_boundary>, "/home/visitor/Documents/depthanything_u250_host_graph_r74_cpp_frame_graph_boundary/depthanything_u250_runtime_contract.json", O_RDONLY|O_CLOEXEC) = 3</home/visitor/Documents/depthanything_u250_host_graph_r74_cpp_frame_graph_boundary/depthanything_u250_runtime_contract.json>
248545 openat(AT_FDCWD</home/visitor/Documents/depthanything_u250_host_graph_r74_cpp_frame_graph_boundary>, "/home/visitor/Documents/depthanything_u250_host_graph_r74_cpp_frame_graph_boundary/depthanything_u250_host_plan.json", O_RDONLY|O_CLOEXEC) = 3</home/visitor/Documents/depthanything_u250_host_graph_r74_cpp_frame_graph_boundary/depthanything_u250_host_plan.json>
248545 openat(AT_FDCWD</home/visitor/Documents/depthanything_u250_host_graph_r74_cpp_frame_graph_boundary>, "/home/visitor/Documents/depthanything_u250_host_graph_r74_cpp_frame_graph_boundary/depthanything_u250_host_params.npz", O_RDONLY|O_CLOEXEC) = 3</home/visitor/Documents/depthanything_u250_host_graph_r74_cpp_frame_graph_boundary/depthanything_u250_host_params.npz>
248545 openat(AT_FDCWD</home/visitor/Documents/depthanything_u250_host_graph_r74_cpp_frame_graph_boundary>, "/home/visitor/Documents/depthanything_u250_host_graph_r74_cpp_frame_graph_boundary/demo05.npy", O_RDONLY|O_CLOEXEC) = 3</home/visitor/Documents/depthanything_u250_host_graph_r74_cpp_frame_graph_boundary/demo05.npy>
248545 openat(AT_FDCWD</home/visitor/Documents/depthanything_u250_host_graph_r74_cpp_frame_graph_boundary>, "/home/visitor/Documents/depthanything_u250_host_graph_r74_cpp_frame_graph_boundary/artifacts/u250_cpp_frame_graph_r74/native_codec_all_oracle.json", O_RDONLY|O_CLOEXEC) = 3</home/visitor/Documents/depthanything_u250_host_graph_r74_cpp_frame_graph_boundary/artifacts/u250_cpp_frame_graph_r74/native_codec_all_oracle.json>
248545 openat(AT_FDCWD</home/visitor/Documents/depthanything_u250_host_graph_r74_cpp_frame_graph_boundary>, "/home/visitor/Documents/depthanything_u250_host_graph_r74_cpp_frame_graph_boundary/artifacts/u250_cpp_frame_graph_r74/host_executor_qualification.json", O_RDONLY|O_CLOEXEC) = 3</home/visitor/Documents/depthanything_u250_host_graph_r74_cpp_frame_graph_boundary/artifacts/u250_cpp_frame_graph_r74/host_executor_qualification.json>
248545 openat(AT_FDCWD</home/visitor/Documents/depthanything_u250_host_graph_r74_cpp_frame_graph_boundary>, "/home/visitor/Documents/depthanything_u250_host_graph_r74_cpp_frame_graph_boundary/cfg", O_RDONLY|O_NONBLOCK|O_CLOEXEC|O_DIRECTORY) = 3</home/visitor/Documents/depthanything_u250_host_graph_r74_cpp_frame_graph_boundary/cfg>
248545 openat(AT_FDCWD</home/visitor/Documents/depthanything_u250_host_graph_r74_cpp_frame_graph_boundary>, "/home/visitor/Documents/depthanything_u250_host_graph_r74_cpp_frame_graph_boundary/cfg/attention2_l00_h00_cfg.txt", O_RDONLY|O_CLOEXEC) = 3</home/visitor/Documents/depthanything_u250_host_graph_r74_cpp_frame_graph_boundary/cfg/attention2_l00_h00_cfg.txt>
248545 openat(AT_FDCWD</home/visitor/Documents/depthanything_u250_host_graph_r74_cpp_frame_graph_boundary>, "/home/visitor/Documents/depthanything_u250_host_graph_r74_cpp_frame_graph_boundary/cfg/attention2_l00_h01_cfg.txt", O_RDONLY|O_CLOEXEC) = 3</home/visitor/Documents/depthanything_u250_host_graph_r74_cpp_frame_graph_boundary/cfg/attention2_l00_h01_cfg.txt>
248545 openat(AT_FDCWD</home/visitor/Documents/depthanything_u250_host_graph_r74_cpp_frame_graph_boundary>, "/home/visitor/Documents/depthanything_u250_host_graph_r74_cpp_frame_graph_boundary/cfg/attention2_l00_h02_cfg.txt", O_RDONLY|O_CLOEXEC) = 3</home/visitor/Documents/depthanything_u250_host_graph_r74_cpp_frame_graph_boundary/cfg/attention2_l00_h02_cfg.txt>
248545 openat(AT_FDCWD</home/visitor/Documents/depthanything_u250_host_graph_r74_cpp_frame_graph_boundary>, "/home/visitor/Documents/depthanything_u250_host_graph_r74_cpp_frame_graph_boundary/cfg/attention2_l00_h03_cfg.txt", O_RDONLY|O_CLOEXEC) = 3</home/visitor/Documents/depthanything_u250_host_graph_r74_cpp_frame_graph_boundary/cfg/attention2_l00_h03_cfg.txt>
248545 openat(AT_FDCWD</home/visitor/Documents/depthanything_u250_host_graph_r74_cpp_frame_graph_boundary>, "/home/visitor/Documents/depthanything_u250_host_graph_r74_cpp_frame_graph_boundary/cfg/attention2_l00_h04_cfg.txt", O_RDONLY|O_CLOEXEC) = 3</home/visitor/Documents/depthanything_u250_host_graph_r74_cpp_frame_graph_boundary/cfg/attention2_l00_h04_cfg.txt>
248545 openat(AT_FDCWD</home/visitor/Documents/depthanything_u250_host_graph_r74_cpp_frame_graph_boundary>, "/home/visitor/Documents/depthanything_u250_host_graph_r74_cpp_frame_graph_boundary/cfg/attention2_l00_h05_cfg.txt", O_RDONLY|O_CLOEXEC) = 3</home/visitor/Documents/depthanything_u250_host_graph_r74_cpp_frame_graph_boundary/cfg/attention2_l00_h05_cfg.txt>
248545 openat(AT_FDCWD</home/visitor/Documents/depthanything_u250_host_graph_r74_cpp_frame_graph_boundary>, "/home/visitor/Documents/depthanything_u250_host_graph_r74_cpp_frame_graph_boundary/cfg/attention2_l01_h00_cfg.txt", O_RDONLY|O_CLOEXEC) = 3</home/visitor/Documents/depthanything_u250_host_graph_r74_cpp_frame_graph_boundary/cfg/attention2_l01_h00_cfg.txt>
248545 openat(AT_FDCWD</home/visitor/Documents/depthanything_u250_host_graph_r74_cpp_frame_graph_boundary>, "/home/visitor/Documents/depthanything_u250_host_graph_r74_cpp_frame_graph_boundary/cfg/attention2_l01_h01_cfg.txt", O_RDONLY|O_CLOEXEC) = 3</home/visitor/Documents/depthanything_u250_host_graph_r74_cpp_frame_graph_boundary/cfg/attention2_l01_h01_cfg.txt>
248545 openat(AT_FDCWD</home/visitor/Documents/depthanything_u250_host_graph_r74_cpp_frame_graph_boundary>, "/home/visitor/Documents/depthanything_u250_host_graph_r74_cpp_frame_graph_boundary/cfg/attention2_l01_h02_cfg.txt", O_RDONLY|O_CLOEXEC) = 3</home/visitor/Documents/depthanything_u250_host_graph_r74_cpp_frame_graph_boundary/cfg/attention2_l01_h02_cfg.txt>
248545 openat(AT_FDCWD</home/visitor/Documents/depthanything_u250_host_graph_r74_cpp_frame_graph_boundary>, "/home/visitor/Documents/depthanything_u250_host_graph_r74_cpp_frame_graph_boundary/cfg/attention2_l01_h03_cfg.txt", O_RDONLY|O_CLOEXEC) = 3</home/visitor/Documents/depthanything_u250_host_graph_r74_cpp_frame_graph_boundary/cfg/attention2_l01_h03_cfg.txt>
248545 openat(AT_FDCWD</home/visitor/Documents/depthanything_u250_host_graph_r74_cpp_frame_graph_boundary>, "/home/visitor/Documents/depthanything_u250_host_graph_r74_cpp_frame_graph_boundary/cfg/attention2_l01_h04_cfg.txt", O_RDONLY|O_CLOEXEC) = 3</home/visitor/Documents/depthanything_u250_host_graph_r74_cpp_frame_graph_boundary/cfg/attention2_l01_h04_cfg.txt>
248545 openat(AT_FDCWD</home/visitor/Documents/depthanything_u250_host_graph_r74_cpp_frame_graph_boundary>, "/home/visitor/Documents/depthanything_u250_host_graph_r74_cpp_frame_graph_boundary/cfg/attention2_l01_h05_cfg.txt", O_RDONLY|O_CLOEXEC) = 3</home/visitor/Documents/depthanything_u250_host_graph_r74_cpp_frame_graph_boundary/cfg/attention2_l01_h05_cfg.txt>
248545 openat(AT_FDCWD</home/visitor/Documents/depthanything_u250_host_graph_r74_cpp_frame_graph_boundary>, "/home/visitor/Documents/depthanything_u250_host_graph_r74_cpp_frame_graph_boundary/cfg/attention2_l02_h00_cfg.txt", O_RDONLY|O_CLOEXEC) = 3</home/visitor/Documents/depthanything_u250_host_graph_r74_cpp_frame_graph_boundary/cfg/attention2_l02_h00_cfg.txt>
248545 openat(AT_FDCWD</home/visitor/Documents/depthanything_u250_host_graph_r74_cpp_frame_graph_boundary>, "/home/visitor/Documents/depthanything_u250_host_graph_r74_cpp_frame_graph_boundary/cfg/attention2_l02_h01_cfg.txt", O_RDONLY|O_CLOEXEC) = 3</home/visitor/Documents/depthanything_u250_host_graph_r74_cpp_frame_graph_boundary/cfg/attention2_l02_h01_cfg.txt>
248545 openat(AT_FDCWD</home/visitor/Documents/depthanything_u250_host_graph_r74_cpp_frame_graph_boundary>, "/home/visitor/Documents/depthanything_u250_host_graph_r74_cpp_frame_graph_boundary/cfg/attention2_l02_h02_cfg.txt", O_RDONLY|O_CLOEXEC) = 3</home/visitor/Documents/depthanything_u250_host_graph_r74_cpp_frame_graph_boundary/cfg/attention2_l02_h02_cfg.txt>
248545 openat(AT_FDCWD</home/visitor/Documents/depthanything_u250_host_graph_r74_cpp_frame_graph_boundary>, "/home/visitor/Documents/depthanything_u250_host_graph_r74_cpp_frame_graph_boundary/cfg/attention2_l02_h03_cfg.txt", O_RDONLY|O_CLOEXEC) = 3</home/visitor/Documents/depthanything_u250_host_graph_r74_cpp_frame_graph_boundary/cfg/attention2_l02_h03_cfg.txt>
248545 openat(AT_FDCWD</home/visitor/Documents/depthanything_u250_host_graph_r74_cpp_frame_graph_boundary>, "/home/visitor/Documents/depthanything_u250_host_graph_r74_cpp_frame_graph_boundary/cfg/attention2_l02_h04_cfg.txt", O_RDONLY|O_CLOEXEC) = 3</home/visitor/Documents/depthanything_u250_host_graph_r74_cpp_frame_graph_boundary/cfg/attention2_l02_h04_cfg.txt>
248545 openat(AT_FDCWD</home/visitor/Documents/depthanything_u250_host_graph_r74_cpp_frame_graph_boundary>, "/home/visitor/Documents/depthanything_u250_host_graph_r74_cpp_frame_graph_boundary/cfg/attention2_l02_h05_cfg.txt", O_RDONLY|O_CLOEXEC) = 3</home/visitor/Documents/depthanything_u250_host_graph_r74_cpp_frame_graph_boundary/cfg/attention2_l02_h05_cfg.txt>
248545 openat(AT_FDCWD</home/visitor/Documents/depthanything_u250_host_graph_r74_cpp_frame_graph_boundary>, "/home/visitor/Documents/depthanything_u250_host_graph_r74_cpp_frame_graph_boundary/cfg/attention2_l03_h00_cfg.txt", O_RDONLY|O_CLOEXEC) = 3</home/visitor/Documents/depthanything_u250_host_graph_r74_cpp_frame_graph_boundary/cfg/attention2_l03_h00_cfg.txt>
248545 openat(AT_FDCWD</home/visitor/Documents/depthanything_u250_host_graph_r74_cpp_frame_graph_boundary>, "/home/visitor/Documents/depthanything_u250_host_graph_r74_cpp_frame_graph_boundary/cfg/attention2_l03_h01_cfg.txt", O_RDONLY|O_CLOEXEC) = 3</home/visitor/Documents/depthanything_u250_host_graph_r74_cpp_frame_graph_boundary/cfg/attention2_l03_h01_cfg.txt>
248545 openat(AT_FDCWD</home/visitor/Documents/depthanything_u250_host_graph_r74_cpp_frame_graph_boundary>, "/home/visitor/Documents/depthanything_u250_host_graph_r74_cpp_frame_graph_boundary/cfg/attention2_l03_h02_cfg.txt", O_RDONLY|O_CLOEXEC) = 3</home/visitor/Documents/depthanything_u250_host_graph_r74_cpp_frame_graph_boundary/cfg/attention2_l03_h02_cfg.txt>
248545 openat(AT_FDCWD</home/visitor/Documents/depthanything_u250_host_graph_r74_cpp_frame_graph_boundary>, "/home/visitor/Documents/depthanything_u250_host_graph_r74_cpp_frame_graph_boundary/cfg/attention2_l03_h03_cfg.txt", O_RDONLY|O_CLOEXEC) = 3</home/visitor/Documents/depthanything_u250_host_graph_r74_cpp_frame_graph_boundary/cfg/attention2_l03_h03_cfg.txt>
248545 openat(AT_FDCWD</home/visitor/Documents/depthanything_u250_host_graph_r74_cpp_frame_graph_boundary>, "/home/visitor/Documents/depthanything_u250_host_graph_r74_cpp_frame_graph_boundary/cfg/attention2_l03_h04_cfg.txt", O_RDONLY|O_CLOEXEC) = 3</home/visitor/Documents/depthanything_u250_host_graph_r74_cpp_frame_graph_boundary/cfg/attention2_l03_h04_cfg.txt>
248545 openat(AT_FDCWD</home/visitor/Documents/depthanything_u250_host_graph_r74_cpp_frame_graph_boundary>, "/home/visitor/Documents/depthanything_u250_host_graph_r74_cpp_frame_graph_boundary/cfg/attention2_l03_h05_cfg.txt", O_RDONLY|O_CLOEXEC) = 3</home/visitor/Documents/depthanything_u250_host_graph_r74_cpp_frame_graph_boundary/cfg/attention2_l03_h05_cfg.txt>
248545 openat(AT_FDCWD</home/visitor/Documents/depthanything_u250_host_graph_r74_cpp_frame_graph_boundary>, "/home/visitor/Documents/depthanything_u250_host_graph_r74_cpp_frame_graph_boundary/cfg/attention2_l04_h00_cfg.txt", O_RDONLY|O_CLOEXEC) = 3</home/visitor/Documents/depthanything_u250_host_graph_r74_cpp_frame_graph_boundary/cfg/attention2_l04_h00_cfg.txt>
248545 openat(AT_FDCWD</home/visitor/Documents/depthanything_u250_host_graph_r74_cpp_frame_graph_boundary>, "/home/visitor/Documents/depthanything_u250_host_graph_r74_cpp_frame_graph_boundary/cfg/attention2_l04_h01_cfg.txt", O_RDONLY|O_CLOEXEC) = 3</home/visitor/Documents/depthanything_u250_host_graph_r74_cpp_frame_graph_boundary/cfg/attention2_l04_h01_cfg.txt>
248545 openat(AT_FDCWD</home/visitor/Documents/depthanything_u250_host_graph_r74_cpp_frame_graph_boundary>, "/home/visitor/Documents/depthanything_u250_host_graph_r74_cpp_frame_graph_boundary/cfg/attention2_l04_h02_cfg.txt", O_RDONLY|O_CLOEXEC) = 3</home/visitor/Documents/depthanything_u250_host_graph_r74_cpp_frame_graph_boundary/cfg/attention2_l04_h02_cfg.txt>
248545 openat(AT_FDCWD</home/visitor/Documents/depthanything_u250_host_graph_r74_cpp_frame_graph_boundary>, "/home/visitor/Documents/depthanything_u250_host_graph_r74_cpp_frame_graph_boundary/cfg/attention2_l04_h03_cfg.txt", O_RDONLY|O_CLOEXEC) = 3</home/visitor/Documents/depthanything_u250_host_graph_r74_cpp_frame_graph_boundary/cfg/attention2_l04_h03_cfg.txt>
248545 openat(AT_FDCWD</home/visitor/Documents/depthanything_u250_host_graph_r74_cpp_frame_graph_boundary>, "/home/visitor/Documents/depthanything_u250_host_graph_r74_cpp_frame_graph_boundary/cfg/attention2_l04_h04_cfg.txt", O_RDONLY|O_CLOEXEC) = 3</home/visitor/Documents/depthanything_u250_host_graph_r74_cpp_frame_graph_boundary/cfg/attention2_l04_h04_cfg.txt>
248545 openat(AT_FDCWD</home/visitor/Documents/depthanything_u250_host_graph_r74_cpp_frame_graph_boundary>, "/home/visitor/Documents/depthanything_u250_host_graph_r74_cpp_frame_graph_boundary/cfg/attention2_l04_h05_cfg.txt", O_RDONLY|O_CLOEXEC) = 3</home/visitor/Documents/depthanything_u250_host_graph_r74_cpp_frame_graph_boundary/cfg/attention2_l04_h05_cfg.txt>
248545 openat(AT_FDCWD</home/visitor/Documents/depthanything_u250_host_graph_r74_cpp_frame_graph_boundary>, "/home/visitor/Documents/depthanything_u250_host_graph_r74_cpp_frame_graph_boundary/cfg/attention2_l05_h00_cfg.txt", O_RDONLY|O_CLOEXEC) = 3</home/visitor/Documents/depthanything_u250_host_graph_r74_cpp_frame_graph_boundary/cfg/attention2_l05_h00_cfg.txt>
248545 openat(AT_FDCWD</home/visitor/Documents/depthanything_u250_host_graph_r74_cpp_frame_graph_boundary>, "/home/visitor/Documents/depthanything_u250_host_graph_r74_cpp_frame_graph_boundary/cfg/attention2_l05_h01_cfg.txt", O_RDONLY|O_CLOEXEC) = 3</home/visitor/Documents/depthanything_u250_host_graph_r74_cpp_frame_graph_boundary/cfg/attention2_l05_h01_cfg.txt>
248545 openat(AT_FDCWD</home/visitor/Documents/depthanything_u250_host_graph_r74_cpp_frame_graph_boundary>, "/home/visitor/Documents/depthanything_u250_host_graph_r74_cpp_frame_graph_boundary/cfg/attention2_l05_h02_cfg.txt", O_RDONLY|O_CLOEXEC) = 3</home/visitor/Documents/depthanything_u250_host_graph_r74_cpp_frame_graph_boundary/cfg/attention2_l05_h02_cfg.txt>
248545 openat(AT_FDCWD</home/visitor/Documents/depthanything_u250_host_graph_r74_cpp_frame_graph_boundary>, "/home/visitor/Documents/depthanything_u250_host_graph_r74_cpp_frame_graph_boundary/cfg/attention2_l05_h03_cfg.txt", O_RDONLY|O_CLOEXEC) = 3</home/visitor/Documents/depthanything_u250_host_graph_r74_cpp_frame_graph_boundary/cfg/attention2_l05_h03_cfg.txt>
248545 openat(AT_FDCWD</home/visitor/Documents/depthanything_u250_host_graph_r74_cpp_frame_graph_boundary>, "/home/visitor/Documents/depthanything_u250_host_graph_r74_cpp_frame_graph_boundary/cfg/attention2_l05_h04_cfg.txt", O_RDONLY|O_CLOEXEC) = 3</home/visitor/Documents/depthanything_u250_host_graph_r74_cpp_frame_graph_boundary/cfg/attention2_l05_h04_cfg.txt>
248545 openat(AT_FDCWD</home/visitor/Documents/depthanything_u250_host_graph_r74_cpp_frame_graph_boundary>, "/home/visitor/Documents/depthanything_u250_host_graph_r74_cpp_frame_graph_boundary/cfg/attention2_l05_h05_cfg.txt", O_RDONLY|O_CLOEXEC) = 3</home/visitor/Documents/depthanything_u250_host_graph_r74_cpp_frame_graph_boundary/cfg/attention2_l05_h05_cfg.txt>
248545 openat(AT_FDCWD</home/visitor/Documents/depthanything_u250_host_graph_r74_cpp_frame_graph_boundary>, "/home/visitor/Documents/depthanything_u250_host_graph_r74_cpp_frame_graph_boundary/cfg/attention2_l06_h00_cfg.txt", O_RDONLY|O_CLOEXEC) = 3</home/visitor/Documents/depthanything_u250_host_graph_r74_cpp_frame_graph_boundary/cfg/attention2_l06_h00_cfg.txt>
248545 openat(AT_FDCWD</home/visitor/Documents/depthanything_u250_host_graph_r74_cpp_frame_graph_boundary>, "/home/visitor/Documents/depthanything_u250_host_graph_r74_cpp_frame_graph_boundary/cfg/attention2_l06_h01_cfg.txt", O_RDONLY|O_CLOEXEC) = 3</home/visitor/Documents/depthanything_u250_host_graph_r74_cpp_frame_graph_boundary/cfg/attention2_l06_h01_cfg.txt>
248545 openat(AT_FDCWD</home/visitor/Documents/depthanything_u250_host_graph_r74_cpp_frame_graph_boundary>, "/home/visitor/Documents/depthanything_u250_host_graph_r74_cpp_frame_graph_boundary/cfg/attention2_l06_h02_cfg.txt", O_RDONLY|O_CLOEXEC) = 3</home/visitor/Documents/depthanything_u250_host_graph_r74_cpp_frame_graph_boundary/cfg/attention2_l06_h02_cfg.txt>
248545 openat(AT_FDCWD</home/visitor/Documents/depthanything_u250_host_graph_r74_cpp_frame_graph_boundary>, "/home/visitor/Documents/depthanything_u250_host_graph_r74_cpp_frame_graph_boundary/cfg/attention2_l06_h03_cfg.txt", O_RDONLY|O_CLOEXEC) = 3</home/visitor/Documents/depthanything_u250_host_graph_r74_cpp_frame_graph_boundary/cfg/attention2_l06_h03_cfg.txt>
248545 openat(AT_FDCWD</home/visitor/Documents/depthanything_u250_host_graph_r74_cpp_frame_graph_boundary>, "/home/visitor/Documents/depthanything_u250_host_graph_r74_cpp_frame_graph_boundary/cfg/attention2_l06_h04_cfg.txt", O_RDONLY|O_CLOEXEC) = 3</home/visitor/Documents/depthanything_u250_host_graph_r74_cpp_frame_graph_boundary/cfg/attention2_l06_h04_cfg.txt>
248545 openat(AT_FDCWD</home/visitor/Documents/depthanything_u250_host_graph_r74_cpp_frame_graph_boundary>, "/home/visitor/Documents/depthanything_u250_host_graph_r74_cpp_frame_graph_boundary/cfg/attention2_l06_h05_cfg.txt", O_RDONLY|O_CLOEXEC) = 3</home/visitor/Documents/depthanything_u250_host_graph_r74_cpp_frame_graph_boundary/cfg/attention2_l06_h05_cfg.txt>
248545 openat(AT_FDCWD</home/visitor/Documents/depthanything_u250_host_graph_r74_cpp_frame_graph_boundary>, "/home/visitor/Documents/depthanything_u250_host_graph_r74_cpp_frame_graph_boundary/cfg/attention2_l07_h00_cfg.txt", O_RDONLY|O_CLOEXEC) = 3</home/visitor/Documents/depthanything_u250_host_graph_r74_cpp_frame_graph_boundary/cfg/attention2_l07_h00_cfg.txt>
248545 openat(AT_FDCWD</home/visitor/Documents/depthanything_u250_host_graph_r74_cpp_frame_graph_boundary>, "/home/visitor/Documents/depthanything_u250_host_graph_r74_cpp_frame_graph_boundary/cfg/attention2_l07_h01_cfg.txt", O_RDONLY|O_CLOEXEC) = 3</home/visitor/Documents/depthanything_u250_host_graph_r74_cpp_frame_graph_boundary/cfg/attention2_l07_h01_cfg.txt>
248545 openat(AT_FDCWD</home/visitor/Documents/depthanything_u250_host_graph_r74_cpp_frame_graph_boundary>, "/home/visitor/Documents/depthanything_u250_host_graph_r74_cpp_frame_graph_boundary/cfg/attention2_l07_h02_cfg.txt", O_RDONLY|O_CLOEXEC) = 3</home/visitor/Documents/depthanything_u250_host_graph_r74_cpp_frame_graph_boundary/cfg/attention2_l07_h02_cfg.txt>
248545 openat(AT_FDCWD</home/visitor/Documents/depthanything_u250_host_graph_r74_cpp_frame_graph_boundary>, "/home/visitor/Documents/depthanything_u250_host_graph_r74_cpp_frame_graph_boundary/cfg/attention2_l07_h03_cfg.txt", O_RDONLY|O_CLOEXEC) = 3</home/visitor/Documents/depthanything_u250_host_graph_r74_cpp_frame_graph_boundary/cfg/attention2_l07_h03_cfg.txt>
248545 openat(AT_FDCWD</home/visitor/Documents/depthanything_u250_host_graph_r74_cpp_frame_graph_boundary>, "/home/visitor/Documents/depthanything_u250_host_graph_r74_cpp_frame_graph_boundary/cfg/attention2_l07_h04_cfg.txt", O_RDONLY|O_CLOEXEC) = 3</home/visitor/Documents/depthanything_u250_host_graph_r74_cpp_frame_graph_boundary/cfg/attention2_l07_h04_cfg.txt>
248545 openat(AT_FDCWD</home/visitor/Documents/depthanything_u250_host_graph_r74_cpp_frame_graph_boundary>, "/home/visitor/Documents/depthanything_u250_host_graph_r74_cpp_frame_graph_boundary/cfg/attention2_l07_h05_cfg.txt", O_RDONLY|O_CLOEXEC) = 3</home/visitor/Documents/depthanything_u250_host_graph_r74_cpp_frame_graph_boundary/cfg/attention2_l07_h05_cfg.txt>
248545 openat(AT_FDCWD</home/visitor/Documents/depthanything_u250_host_graph_r74_cpp_frame_graph_boundary>, "/home/visitor/Documents/depthanything_u250_host_graph_r74_cpp_frame_graph_boundary/cfg/attention2_l08_h00_cfg.txt", O_RDONLY|O_CLOEXEC) = 3</home/visitor/Documents/depthanything_u250_host_graph_r74_cpp_frame_graph_boundary/cfg/attention2_l08_h00_cfg.txt>
248545 openat(AT_FDCWD</home/visitor/Documents/depthanything_u250_host_graph_r74_cpp_frame_graph_boundary>, "/home/visitor/Documents/depthanything_u250_host_graph_r74_cpp_frame_graph_boundary/cfg/attention2_l08_h01_cfg.txt", O_RDONLY|O_CLOEXEC) = 3</home/visitor/Documents/depthanything_u250_host_graph_r74_cpp_frame_graph_boundary/cfg/attention2_l08_h01_cfg.txt>
248545 openat(AT_FDCWD</home/visitor/Documents/depthanything_u250_host_graph_r74_cpp_frame_graph_boundary>, "/home/visitor/Documents/depthanything_u250_host_graph_r74_cpp_frame_graph_boundary/cfg/attention2_l08_h02_cfg.txt", O_RDONLY|O_CLOEXEC) = 3</home/visitor/Documents/depthanything_u250_host_graph_r74_cpp_frame_graph_boundary/cfg/attention2_l08_h02_cfg.txt>
248545 openat(AT_FDCWD</home/visitor/Documents/depthanything_u250_host_graph_r74_cpp_frame_graph_boundary>, "/home/visitor/Documents/depthanything_u250_host_graph_r74_cpp_frame_graph_boundary/cfg/attention2_l08_h03_cfg.txt", O_RDONLY|O_CLOEXEC) = 3</home/visitor/Documents/depthanything_u250_host_graph_r74_cpp_frame_graph_boundary/cfg/attention2_l08_h03_cfg.txt>
248545 openat(AT_FDCWD</home/visitor/Documents/depthanything_u250_host_graph_r74_cpp_frame_graph_boundary>, "/home/visitor/Documents/depthanything_u250_host_graph_r74_cpp_frame_graph_boundary/cfg/attention2_l08_h04_cfg.txt", O_RDONLY|O_CLOEXEC) = 3</home/visitor/Documents/depthanything_u250_host_graph_r74_cpp_frame_graph_boundary/cfg/attention2_l08_h04_cfg.txt>
248545 openat(AT_FDCWD</home/visitor/Documents/depthanything_u250_host_graph_r74_cpp_frame_graph_boundary>, "/home/visitor/Documents/depthanything_u250_host_graph_r74_cpp_frame_graph_boundary/cfg/attention2_l08_h05_cfg.txt", O_RDONLY|O_CLOEXEC) = 3</home/visitor/Documents/depthanything_u250_host_graph_r74_cpp_frame_graph_boundary/cfg/attention2_l08_h05_cfg.txt>
248545 openat(AT_FDCWD</home/visitor/Documents/depthanything_u250_host_graph_r74_cpp_frame_graph_boundary>, "/home/visitor/Documents/depthanything_u250_host_graph_r74_cpp_frame_graph_boundary/cfg/attention2_l09_h00_cfg.txt", O_RDONLY|O_CLOEXEC) = 3</home/visitor/Documents/depthanything_u250_host_graph_r74_cpp_frame_graph_boundary/cfg/attention2_l09_h00_cfg.txt>
248545 openat(AT_FDCWD</home/visitor/Documents/depthanything_u250_host_graph_r74_cpp_frame_graph_boundary>, "/home/visitor/Documents/depthanything_u250_host_graph_r74_cpp_frame_graph_boundary/cfg/attention2_l09_h01_cfg.txt", O_RDONLY|O_CLOEXEC) = 3</home/visitor/Documents/depthanything_u250_host_graph_r74_cpp_frame_graph_boundary/cfg/attention2_l09_h01_cfg.txt>
248545 openat(AT_FDCWD</home/visitor/Documents/depthanything_u250_host_graph_r74_cpp_frame_graph_boundary>, "/home/visitor/Documents/depthanything_u250_host_graph_r74_cpp_frame_graph_boundary/cfg/attention2_l09_h02_cfg.txt", O_RDONLY|O_CLOEXEC) = 3</home/visitor/Documents/depthanything_u250_host_graph_r74_cpp_frame_graph_boundary/cfg/attention2_l09_h02_cfg.txt>
248545 openat(AT_FDCWD</home/visitor/Documents/depthanything_u250_host_graph_r74_cpp_frame_graph_boundary>, "/home/visitor/Documents/depthanything_u250_host_graph_r74_cpp_frame_graph_boundary/cfg/attention2_l09_h03_cfg.txt", O_RDONLY|O_CLOEXEC) = 3</home/visitor/Documents/depthanything_u250_host_graph_r74_cpp_frame_graph_boundary/cfg/attention2_l09_h03_cfg.txt>
248545 openat(AT_FDCWD</home/visitor/Documents/depthanything_u250_host_graph_r74_cpp_frame_graph_boundary>, "/home/visitor/Documents/depthanything_u250_host_graph_r74_cpp_frame_graph_boundary/cfg/attention2_l09_h04_cfg.txt", O_RDONLY|O_CLOEXEC) = 3</home/visitor/Documents/depthanything_u250_host_graph_r74_cpp_frame_graph_boundary/cfg/attention2_l09_h04_cfg.txt>
248545 openat(AT_FDCWD</home/visitor/Documents/depthanything_u250_host_graph_r74_cpp_frame_graph_boundary>, "/home/visitor/Documents/depthanything_u250_host_graph_r74_cpp_frame_graph_boundary/cfg/attention2_l09_h05_cfg.txt", O_RDONLY|O_CLOEXEC) = 3</home/visitor/Documents/depthanything_u250_host_graph_r74_cpp_frame_graph_boundary/cfg/attention2_l09_h05_cfg.txt>
248545 openat(AT_FDCWD</home/visitor/Documents/depthanything_u250_host_graph_r74_cpp_frame_graph_boundary>, "/home/visitor/Documents/depthanything_u250_host_graph_r74_cpp_frame_graph_boundary/cfg/attention2_l10_h00_cfg.txt", O_RDONLY|O_CLOEXEC) = 3</home/visitor/Documents/depthanything_u250_host_graph_r74_cpp_frame_graph_boundary/cfg/attention2_l10_h00_cfg.txt>
248545 openat(AT_FDCWD</home/visitor/Documents/depthanything_u250_host_graph_r74_cpp_frame_graph_boundary>, "/home/visitor/Documents/depthanything_u250_host_graph_r74_cpp_frame_graph_boundary/cfg/attention2_l10_h01_cfg.txt", O_RDONLY|O_CLOEXEC) = 3</home/visitor/Documents/depthanything_u250_host_graph_r74_cpp_frame_graph_boundary/cfg/attention2_l10_h01_cfg.txt>
248545 openat(AT_FDCWD</home/visitor/Documents/depthanything_u250_host_graph_r74_cpp_frame_graph_boundary>, "/home/visitor/Documents/depthanything_u250_host_graph_r74_cpp_frame_graph_boundary/cfg/attention2_l10_h02_cfg.txt", O_RDONLY|O_CLOEXEC) = 3</home/visitor/Documents/depthanything_u250_host_graph_r74_cpp_frame_graph_boundary/cfg/attention2_l10_h02_cfg.txt>
248545 openat(AT_FDCWD</home/visitor/Documents/depthanything_u250_host_graph_r74_cpp_frame_graph_boundary>, "/home/visitor/Documents/depthanything_u250_host_graph_r74_cpp_frame_graph_boundary/cfg/attention2_l10_h03_cfg.txt", O_RDONLY|O_CLOEXEC) = 3</home/visitor/Documents/depthanything_u250_host_graph_r74_cpp_frame_graph_boundary/cfg/attention2_l10_h03_cfg.txt>
248545 openat(AT_FDCWD</home/visitor/Documents/depthanything_u250_host_graph_r74_cpp_frame_graph_boundary>, "/home/visitor/Documents/depthanything_u250_host_graph_r74_cpp_frame_graph_boundary/cfg/attention2_l10_h04_cfg.txt", O_RDONLY|O_CLOEXEC) = 3</home/visitor/Documents/depthanything_u250_host_graph_r74_cpp_frame_graph_boundary/cfg/attention2_l10_h04_cfg.txt>
248545 openat(AT_FDCWD</home/visitor/Documents/depthanything_u250_host_graph_r74_cpp_frame_graph_boundary>, "/home/visitor/Documents/depthanything_u250_host_graph_r74_cpp_frame_graph_boundary/cfg/attention2_l10_h05_cfg.txt", O_RDONLY|O_CLOEXEC) = 3</home/visitor/Documents/depthanything_u250_host_graph_r74_cpp_frame_graph_boundary/cfg/attention2_l10_h05_cfg.txt>
248545 openat(AT_FDCWD</home/visitor/Documents/depthanything_u250_host_graph_r74_cpp_frame_graph_boundary>, "/home/visitor/Documents/depthanything_u250_host_graph_r74_cpp_frame_graph_boundary/cfg/attention2_l11_h00_cfg.txt", O_RDONLY|O_CLOEXEC) = 3</home/visitor/Documents/depthanything_u250_host_graph_r74_cpp_frame_graph_boundary/cfg/attention2_l11_h00_cfg.txt>
248545 openat(AT_FDCWD</home/visitor/Documents/depthanything_u250_host_graph_r74_cpp_frame_graph_boundary>, "/home/visitor/Documents/depthanything_u250_host_graph_r74_cpp_frame_graph_boundary/cfg/attention2_l11_h01_cfg.txt", O_RDONLY|O_CLOEXEC) = 3</home/visitor/Documents/depthanything_u250_host_graph_r74_cpp_frame_graph_boundary/cfg/attention2_l11_h01_cfg.txt>
248545 openat(AT_FDCWD</home/visitor/Documents/depthanything_u250_host_graph_r74_cpp_frame_graph_boundary>, "/home/visitor/Documents/depthanything_u250_host_graph_r74_cpp_frame_graph_boundary/cfg/attention2_l11_h02_cfg.txt", O_RDONLY|O_CLOEXEC) = 3</home/visitor/Documents/depthanything_u250_host_graph_r74_cpp_frame_graph_boundary/cfg/attention2_l11_h02_cfg.txt>
248545 openat(AT_FDCWD</home/visitor/Documents/depthanything_u250_host_graph_r74_cpp_frame_graph_boundary>, "/home/visitor/Documents/depthanything_u250_host_graph_r74_cpp_frame_graph_boundary/cfg/attention2_l11_h03_cfg.txt", O_RDONLY|O_CLOEXEC) = 3</home/visitor/Documents/depthanything_u250_host_graph_r74_cpp_frame_graph_boundary/cfg/attention2_l11_h03_cfg.txt>
248545 openat(AT_FDCWD</home/visitor/Documents/depthanything_u250_host_graph_r74_cpp_frame_graph_boundary>, "/home/visitor/Documents/depthanything_u250_host_graph_r74_cpp_frame_graph_boundary/cfg/attention2_l11_h04_cfg.txt", O_RDONLY|O_CLOEXEC) = 3</home/visitor/Documents/depthanything_u250_host_graph_r74_cpp_frame_graph_boundary/cfg/attention2_l11_h04_cfg.txt>
248545 openat(AT_FDCWD</home/visitor/Documents/depthanything_u250_host_graph_r74_cpp_frame_graph_boundary>, "/home/visitor/Documents/depthanything_u250_host_graph_r74_cpp_frame_graph_boundary/cfg/attention2_l11_h05_cfg.txt", O_RDONLY|O_CLOEXEC) = 3</home/visitor/Documents/depthanything_u250_host_graph_r74_cpp_frame_graph_boundary/cfg/attention2_l11_h05_cfg.txt>
248545 openat(AT_FDCWD</home/visitor/Documents/depthanything_u250_host_graph_r74_cpp_frame_graph_boundary>, "/home/visitor/Documents/depthanything_u250_host_graph_r74_cpp_frame_graph_boundary/cfg/decoder_conv_00_cfg.txt", O_RDONLY|O_CLOEXEC) = 3</home/visitor/Documents/depthanything_u250_host_graph_r74_cpp_frame_graph_boundary/cfg/decoder_conv_00_cfg.txt>
248545 openat(AT_FDCWD</home/visitor/Documents/depthanything_u250_host_graph_r74_cpp_frame_graph_boundary>, "/home/visitor/Documents/depthanything_u250_host_graph_r74_cpp_frame_graph_boundary/cfg/decoder_conv_01_co000_064_cfg.txt", O_RDONLY|O_CLOEXEC) = 3</home/visitor/Documents/depthanything_u250_host_graph_r74_cpp_frame_graph_boundary/cfg/decoder_conv_01_co000_064_cfg.txt>
248545 openat(AT_FDCWD</home/visitor/Documents/depthanything_u250_host_graph_r74_cpp_frame_graph_boundary>, "/home/visitor/Documents/depthanything_u250_host_graph_r74_cpp_frame_graph_boundary/cfg/decoder_conv_01_co064_128_cfg.txt", O_RDONLY|O_CLOEXEC) = 3</home/visitor/Documents/depthanything_u250_host_graph_r74_cpp_frame_graph_boundary/cfg/decoder_conv_01_co064_128_cfg.txt>
248545 openat(AT_FDCWD</home/visitor/Documents/depthanything_u250_host_graph_r74_cpp_frame_graph_boundary>, "/home/visitor/Documents/depthanything_u250_host_graph_r74_cpp_frame_graph_boundary/cfg/decoder_conv_01_co128_192_cfg.txt", O_RDONLY|O_CLOEXEC) = 3</home/visitor/Documents/depthanything_u250_host_graph_r74_cpp_frame_graph_boundary/cfg/decoder_conv_01_co128_192_cfg.txt>
248545 openat(AT_FDCWD</home/visitor/Documents/depthanything_u250_host_graph_r74_cpp_frame_graph_boundary>, "/home/visitor/Documents/depthanything_u250_host_graph_r74_cpp_frame_graph_boundary/cfg/decoder_conv_01_co192_256_cfg.txt", O_RDONLY|O_CLOEXEC) = 3</home/visitor/Documents/depthanything_u250_host_graph_r74_cpp_frame_graph_boundary/cfg/decoder_conv_01_co192_256_cfg.txt>
248545 openat(AT_FDCWD</home/visitor/Documents/depthanything_u250_host_graph_r74_cpp_frame_graph_boundary>, "/home/visitor/Documents/depthanything_u250_host_graph_r74_cpp_frame_graph_boundary/cfg/decoder_conv_01_co256_320_cfg.txt", O_RDONLY|O_CLOEXEC) = 3</home/visitor/Documents/depthanything_u250_host_graph_r74_cpp_frame_graph_boundary/cfg/decoder_conv_01_co256_320_cfg.txt>
248545 openat(AT_FDCWD</home/visitor/Documents/depthanything_u250_host_graph_r74_cpp_frame_graph_boundary>, "/home/visitor/Documents/depthanything_u250_host_graph_r74_cpp_frame_graph_boundary/cfg/decoder_conv_01_co320_384_cfg.txt", O_RDONLY|O_CLOEXEC) = 3</home/visitor/Documents/depthanything_u250_host_graph_r74_cpp_frame_graph_boundary/cfg/decoder_conv_01_co320_384_cfg.txt>
248545 openat(AT_FDCWD</home/visitor/Documents/depthanything_u250_host_graph_r74_cpp_frame_graph_boundary>, "/home/visitor/Documents/depthanything_u250_host_graph_r74_cpp_frame_graph_boundary/cfg/decoder_conv_01_co384_448_cfg.txt", O_RDONLY|O_CLOEXEC) = 3</home/visitor/Documents/depthanything_u250_host_graph_r74_cpp_frame_graph_boundary/cfg/decoder_conv_01_co384_448_cfg.txt>
248545 openat(AT_FDCWD</home/visitor/Documents/depthanything_u250_host_graph_r74_cpp_frame_graph_boundary>, "/home/visitor/Documents/depthanything_u250_host_graph_r74_cpp_frame_graph_boundary/cfg/decoder_conv_01_co448_512_cfg.txt", O_RDONLY|O_CLOEXEC) = 3</home/visitor/Documents/depthanything_u250_host_graph_r74_cpp_frame_graph_boundary/cfg/decoder_conv_01_co448_512_cfg.txt>
248545 openat(AT_FDCWD</home/visitor/Documents/depthanything_u250_host_graph_r74_cpp_frame_graph_boundary>, "/home/visitor/Documents/depthanything_u250_host_graph_r74_cpp_frame_graph_boundary/cfg/decoder_conv_01_co512_576_cfg.txt", O_RDONLY|O_CLOEXEC) = 3</home/visitor/Documents/depthanything_u250_host_graph_r74_cpp_frame_graph_boundary/cfg/decoder_conv_01_co512_576_cfg.txt>
248545 openat(AT_FDCWD</home/visitor/Documents/depthanything_u250_host_graph_r74_cpp_frame_graph_boundary>, "/home/visitor/Documents/depthanything_u250_host_graph_r74_cpp_frame_graph_boundary/cfg/decoder_conv_01_co576_640_cfg.txt", O_RDONLY|O_CLOEXEC) = 3</home/visitor/Documents/depthanything_u250_host_graph_r74_cpp_frame_graph_boundary/cfg/decoder_conv_01_co576_640_cfg.txt>
248545 openat(AT_FDCWD</home/visitor/Documents/depthanything_u250_host_graph_r74_cpp_frame_graph_boundary>, "/home/visitor/Documents/depthanything_u250_host_graph_r74_cpp_frame_graph_boundary/cfg/decoder_conv_01_co640_704_cfg.txt", O_RDONLY|O_CLOEXEC) = 3</home/visitor/Documents/depthanything_u250_host_graph_r74_cpp_frame_graph_boundary/cfg/decoder_conv_01_co640_704_cfg.txt>
248545 openat(AT_FDCWD</home/visitor/Documents/depthanything_u250_host_graph_r74_cpp_frame_graph_boundary>, "/home/visitor/Documents/depthanything_u250_host_graph_r74_cpp_frame_graph_boundary/cfg/decoder_conv_01_co704_768_cfg.txt", O_RDONLY|O_CLOEXEC) = 3</home/visitor/Documents/depthanything_u250_host_graph_r74_cpp_frame_graph_boundary/cfg/decoder_conv_01_co704_768_cfg.txt>
248545 openat(AT_FDCWD</home/visitor/Documents/depthanything_u250_host_graph_r74_cpp_frame_graph_boundary>, "/home/visitor/Documents/depthanything_u250_host_graph_r74_cpp_frame_graph_boundary/cfg/decoder_conv_02_co000_064_cfg.txt", O_RDONLY|O_CLOEXEC) = 3</home/visitor/Documents/depthanything_u250_host_graph_r74_cpp_frame_graph_boundary/cfg/decoder_conv_02_co000_064_cfg.txt>
248545 openat(AT_FDCWD</home/visitor/Documents/depthanything_u250_host_graph_r74_cpp_frame_graph_boundary>, "/home/visitor/Documents/depthanything_u250_host_graph_r74_cpp_frame_graph_boundary/cfg/decoder_conv_02_co064_096_cfg.txt", O_RDONLY|O_CLOEXEC) = 3</home/visitor/Documents/depthanything_u250_host_graph_r74_cpp_frame_graph_boundary/cfg/decoder_conv_02_co064_096_cfg.txt>
248545 openat(AT_FDCWD</home/visitor/Documents/depthanything_u250_host_graph_r74_cpp_frame_graph_boundary>, "/home/visitor/Documents/depthanything_u250_host_graph_r74_cpp_frame_graph_boundary/cfg/decoder_conv_03_co000_064_cfg.txt", O_RDONLY|O_CLOEXEC) = 3</home/visitor/Documents/depthanything_u250_host_graph_r74_cpp_frame_graph_boundary/cfg/decoder_conv_03_co000_064_cfg.txt>
248545 openat(AT_FDCWD</home/visitor/Documents/depthanything_u250_host_graph_r74_cpp_frame_graph_boundary>, "/home/visitor/Documents/depthanything_u250_host_graph_r74_cpp_frame_graph_boundary/cfg/decoder_conv_03_co064_128_cfg.txt", O_RDONLY|O_CLOEXEC) = 3</home/visitor/Documents/depthanything_u250_host_graph_r74_cpp_frame_graph_boundary/cfg/decoder_conv_03_co064_128_cfg.txt>
248545 openat(AT_FDCWD</home/visitor/Documents/depthanything_u250_host_graph_r74_cpp_frame_graph_boundary>, "/home/visitor/Documents/depthanything_u250_host_graph_r74_cpp_frame_graph_boundary/cfg/decoder_conv_03_co128_192_cfg.txt", O_RDONLY|O_CLOEXEC) = 3</home/visitor/Documents/depthanything_u250_host_graph_r74_cpp_frame_graph_boundary/cfg/decoder_conv_03_co128_192_cfg.txt>
248545 openat(AT_FDCWD</home/visitor/Documents/depthanything_u250_host_graph_r74_cpp_frame_graph_boundary>, "/home/visitor/Documents/depthanything_u250_host_graph_r74_cpp_frame_graph_boundary/cfg/decoder_conv_03_co192_256_cfg.txt", O_RDONLY|O_CLOEXEC) = 3</home/visitor/Documents/depthanything_u250_host_graph_r74_cpp_frame_graph_boundary/cfg/decoder_conv_03_co192_256_cfg.txt>
248545 openat(AT_FDCWD</home/visitor/Documents/depthanything_u250_host_graph_r74_cpp_frame_graph_boundary>, "/home/visitor/Documents/depthanything_u250_host_graph_r74_cpp_frame_graph_boundary/cfg/decoder_conv_03_co256_320_cfg.txt", O_RDONLY|O_CLOEXEC) = 3</home/visitor/Documents/depthanything_u250_host_graph_r74_cpp_frame_graph_boundary/cfg/decoder_conv_03_co256_320_cfg.txt>
248545 openat(AT_FDCWD</home/visitor/Documents/depthanything_u250_host_graph_r74_cpp_frame_graph_boundary>, "/home/visitor/Documents/depthanything_u250_host_graph_r74_cpp_frame_graph_boundary/cfg/decoder_conv_03_co320_384_cfg.txt", O_RDONLY|O_CLOEXEC) = 3</home/visitor/Documents/depthanything_u250_host_graph_r74_cpp_frame_graph_boundary/cfg/decoder_conv_03_co320_384_cfg.txt>
248545 openat(AT_FDCWD</home/visitor/Documents/depthanything_u250_host_graph_r74_cpp_frame_graph_boundary>, "/home/visitor/Documents/depthanything_u250_host_graph_r74_cpp_frame_graph_boundary/cfg/decoder_conv_04_co000_064_cfg.txt", O_RDONLY|O_CLOEXEC) = 3</home/visitor/Documents/depthanything_u250_host_graph_r74_cpp_frame_graph_boundary/cfg/decoder_conv_04_co000_064_cfg.txt>
248545 openat(AT_FDCWD</home/visitor/Documents/depthanything_u250_host_graph_r74_cpp_frame_graph_boundary>, "/home/visitor/Documents/depthanything_u250_host_graph_r74_cpp_frame_graph_boundary/cfg/decoder_conv_04_co064_128_cfg.txt", O_RDONLY|O_CLOEXEC) = 3</home/visitor/Documents/depthanything_u250_host_graph_r74_cpp_frame_graph_boundary/cfg/decoder_conv_04_co064_128_cfg.txt>
248545 openat(AT_FDCWD</home/visitor/Documents/depthanything_u250_host_graph_r74_cpp_frame_graph_boundary>, "/home/visitor/Documents/depthanything_u250_host_graph_r74_cpp_frame_graph_boundary/cfg/decoder_conv_04_co128_192_cfg.txt", O_RDONLY|O_CLOEXEC) = 3</home/visitor/Documents/depthanything_u250_host_graph_r74_cpp_frame_graph_boundary/cfg/decoder_conv_04_co128_192_cfg.txt>
248545 openat(AT_FDCWD</home/visitor/Documents/depthanything_u250_host_graph_r74_cpp_frame_graph_boundary>, "/home/visitor/Documents/depthanything_u250_host_graph_r74_cpp_frame_graph_boundary/cfg/decoder_conv_05_co000_064_cfg.txt", O_RDONLY|O_CLOEXEC) = 3</home/visitor/Documents/depthanything_u250_host_graph_r74_cpp_frame_graph_boundary/cfg/decoder_conv_05_co000_064_cfg.txt>
248545 openat(AT_FDCWD</home/visitor/Documents/depthanything_u250_host_graph_r74_cpp_frame_graph_boundary>, "/home/visitor/Documents/depthanything_u250_host_graph_r74_cpp_frame_graph_boundary/cfg/decoder_conv_05_co064_128_cfg.txt", O_RDONLY|O_CLOEXEC) = 3</home/visitor/Documents/depthanything_u250_host_graph_r74_cpp_frame_graph_boundary/cfg/decoder_conv_05_co064_128_cfg.txt>
248545 openat(AT_FDCWD</home/visitor/Documents/depthanything_u250_host_graph_r74_cpp_frame_graph_boundary>, "/home/visitor/Documents/depthanything_u250_host_graph_r74_cpp_frame_graph_boundary/cfg/decoder_conv_05_co128_192_cfg.txt", O_RDONLY|O_CLOEXEC) = 3</home/visitor/Documents/depthanything_u250_host_graph_r74_cpp_frame_graph_boundary/cfg/decoder_conv_05_co128_192_cfg.txt>
248545 openat(AT_FDCWD</home/visitor/Documents/depthanything_u250_host_graph_r74_cpp_frame_graph_boundary>, "/home/visitor/Documents/depthanything_u250_host_graph_r74_cpp_frame_graph_boundary/cfg/decoder_conv_05_co192_256_cfg.txt", O_RDONLY|O_CLOEXEC) = 3</home/visitor/Documents/depthanything_u250_host_graph_r74_cpp_frame_graph_boundary/cfg/decoder_conv_05_co192_256_cfg.txt>
248545 openat(AT_FDCWD</home/visitor/Documents/depthanything_u250_host_graph_r74_cpp_frame_graph_boundary>, "/home/visitor/Documents/depthanything_u250_host_graph_r74_cpp_frame_graph_boundary/cfg/decoder_conv_05_co256_320_cfg.txt", O_RDONLY|O_CLOEXEC) = 3</home/visitor/Documents/depthanything_u250_host_graph_r74_cpp_frame_graph_boundary/cfg/decoder_conv_05_co256_320_cfg.txt>
248545 openat(AT_FDCWD</home/visitor/Documents/depthanything_u250_host_graph_r74_cpp_frame_graph_boundary>, "/home/visitor/Documents/depthanything_u250_host_graph_r74_cpp_frame_graph_boundary/cfg/decoder_conv_05_co320_384_cfg.txt", O_RDONLY|O_CLOEXEC) = 3</home/visitor/Documents/depthanything_u250_host_graph_r74_cpp_frame_graph_boundary/cfg/decoder_conv_05_co320_384_cfg.txt>
248545 openat(AT_FDCWD</home/visitor/Documents/depthanything_u250_host_graph_r74_cpp_frame_graph_boundary>, "/home/visitor/Documents/depthanything_u250_host_graph_r74_cpp_frame_graph_boundary/cfg/decoder_conv_06_co000_064_cfg.txt", O_RDONLY|O_CLOEXEC) = 3</home/visitor/Documents/depthanything_u250_host_graph_r74_cpp_frame_graph_boundary/cfg/decoder_conv_06_co000_064_cfg.txt>
248545 openat(AT_FDCWD</home/visitor/Documents/depthanything_u250_host_graph_r74_cpp_frame_graph_boundary>, "/home/visitor/Documents/depthanything_u250_host_graph_r74_cpp_frame_graph_boundary/cfg/decoder_conv_06_co064_128_cfg.txt", O_RDONLY|O_CLOEXEC) = 3</home/visitor/Documents/depthanything_u250_host_graph_r74_cpp_frame_graph_boundary/cfg/decoder_conv_06_co064_128_cfg.txt>
248545 openat(AT_FDCWD</home/visitor/Documents/depthanything_u250_host_graph_r74_cpp_frame_graph_boundary>, "/home/visitor/Documents/depthanything_u250_host_graph_r74_cpp_frame_graph_boundary/cfg/decoder_conv_06_co128_192_cfg.txt", O_RDONLY|O_CLOEXEC) = 3</home/visitor/Documents/depthanything_u250_host_graph_r74_cpp_frame_graph_boundary/cfg/decoder_conv_06_co128_192_cfg.txt>
248545 openat(AT_FDCWD</home/visitor/Documents/depthanything_u250_host_graph_r74_cpp_frame_graph_boundary>, "/home/visitor/Documents/depthanything_u250_host_graph_r74_cpp_frame_graph_boundary/cfg/decoder_conv_06_co192_256_cfg.txt", O_RDONLY|O_CLOEXEC) = 3</home/visitor/Documents/depthanything_u250_host_graph_r74_cpp_frame_graph_boundary/cfg/decoder_conv_06_co192_256_cfg.txt>
248545 openat(AT_FDCWD</home/visitor/Documents/depthanything_u250_host_graph_r74_cpp_frame_graph_boundary>, "/home/visitor/Documents/depthanything_u250_host_graph_r74_cpp_frame_graph_boundary/cfg/decoder_conv_06_co256_320_cfg.txt", O_RDONLY|O_CLOEXEC) = 3</home/visitor/Documents/depthanything_u250_host_graph_r74_cpp_frame_graph_boundary/cfg/decoder_conv_06_co256_320_cfg.txt>
248545 openat(AT_FDCWD</home/visitor/Documents/depthanything_u250_host_graph_r74_cpp_frame_graph_boundary>, "/home/visitor/Documents/depthanything_u250_host_graph_r74_cpp_frame_graph_boundary/cfg/decoder_conv_06_co320_384_cfg.txt", O_RDONLY|O_CLOEXEC) = 3</home/visitor/Documents/depthanything_u250_host_graph_r74_cpp_frame_graph_boundary/cfg/decoder_conv_06_co320_384_cfg.txt>
248545 openat(AT_FDCWD</home/visitor/Documents/depthanything_u250_host_graph_r74_cpp_frame_graph_boundary>, "/home/visitor/Documents/depthanything_u250_host_graph_r74_cpp_frame_graph_boundary/cfg/decoder_conv_07_tile_first_cfg.txt", O_RDONLY|O_CLOEXEC) = 3</home/visitor/Documents/depthanything_u250_host_graph_r74_cpp_frame_graph_boundary/cfg/decoder_conv_07_tile_first_cfg.txt>
248545 openat(AT_FDCWD</home/visitor/Documents/depthanything_u250_host_graph_r74_cpp_frame_graph_boundary>, "/home/visitor/Documents/depthanything_u250_host_graph_r74_cpp_frame_graph_boundary/cfg/decoder_conv_07_tile_last_cfg.txt", O_RDONLY|O_CLOEXEC) = 3</home/visitor/Documents/depthanything_u250_host_graph_r74_cpp_frame_graph_boundary/cfg/decoder_conv_07_tile_last_cfg.txt>
248545 openat(AT_FDCWD</home/visitor/Documents/depthanything_u250_host_graph_r74_cpp_frame_graph_boundary>, "/home/visitor/Documents/depthanything_u250_host_graph_r74_cpp_frame_graph_boundary/cfg/decoder_conv_07_tile_middle_cfg.txt", O_RDONLY|O_CLOEXEC) = 3</home/visitor/Documents/depthanything_u250_host_graph_r74_cpp_frame_graph_boundary/cfg/decoder_conv_07_tile_middle_cfg.txt>
248545 openat(AT_FDCWD</home/visitor/Documents/depthanything_u250_host_graph_r74_cpp_frame_graph_boundary>, "/home/visitor/Documents/depthanything_u250_host_graph_r74_cpp_frame_graph_boundary/cfg/decoder_conv_08_cfg.txt", O_RDONLY|O_CLOEXEC) = 3</home/visitor/Documents/depthanything_u250_host_graph_r74_cpp_frame_graph_boundary/cfg/decoder_conv_08_cfg.txt>
248545 openat(AT_FDCWD</home/visitor/Documents/depthanything_u250_host_graph_r74_cpp_frame_graph_boundary>, "/home/visitor/Documents/depthanything_u250_host_graph_r74_cpp_frame_graph_boundary/cfg/decoder_conv_09_cfg.txt", O_RDONLY|O_CLOEXEC) = 3</home/visitor/Documents/depthanything_u250_host_graph_r74_cpp_frame_graph_boundary/cfg/decoder_conv_09_cfg.txt>
248545 openat(AT_FDCWD</home/visitor/Documents/depthanything_u250_host_graph_r74_cpp_frame_graph_boundary>, "/home/visitor/Documents/depthanything_u250_host_graph_r74_cpp_frame_graph_boundary/cfg/decoder_conv_10_cfg.txt", O_RDONLY|O_CLOEXEC) = 3</home/visitor/Documents/depthanything_u250_host_graph_r74_cpp_frame_graph_boundary/cfg/decoder_conv_10_cfg.txt>
248545 openat(AT_FDCWD</home/visitor/Documents/depthanything_u250_host_graph_r74_cpp_frame_graph_boundary>, "/home/visitor/Documents/depthanything_u250_host_graph_r74_cpp_frame_graph_boundary/cfg/decoder_conv_11_cfg.txt", O_RDONLY|O_CLOEXEC) = 3</home/visitor/Documents/depthanything_u250_host_graph_r74_cpp_frame_graph_boundary/cfg/decoder_conv_11_cfg.txt>
248545 openat(AT_FDCWD</home/visitor/Documents/depthanything_u250_host_graph_r74_cpp_frame_graph_boundary>, "/home/visitor/Documents/depthanything_u250_host_graph_r74_cpp_frame_graph_boundary/cfg/decoder_conv_12_cfg.txt", O_RDONLY|O_CLOEXEC) = 3</home/visitor/Documents/depthanything_u250_host_graph_r74_cpp_frame_graph_boundary/cfg/decoder_conv_12_cfg.txt>
248545 openat(AT_FDCWD</home/visitor/Documents/depthanything_u250_host_graph_r74_cpp_frame_graph_boundary>, "/home/visitor/Documents/depthanything_u250_host_graph_r74_cpp_frame_graph_boundary/cfg/decoder_conv_13_cfg.txt", O_RDONLY|O_CLOEXEC) = 3</home/visitor/Documents/depthanything_u250_host_graph_r74_cpp_frame_graph_boundary/cfg/decoder_conv_13_cfg.txt>
248545 openat(AT_FDCWD</home/visitor/Documents/depthanything_u250_host_graph_r74_cpp_frame_graph_boundary>, "/home/visitor/Documents/depthanything_u250_host_graph_r74_cpp_frame_graph_boundary/cfg/decoder_conv_14_cfg.txt", O_RDONLY|O_CLOEXEC) = 3</home/visitor/Documents/depthanything_u250_host_graph_r74_cpp_frame_graph_boundary/cfg/decoder_conv_14_cfg.txt>
248545 openat(AT_FDCWD</home/visitor/Documents/depthanything_u250_host_graph_r74_cpp_frame_graph_boundary>, "/home/visitor/Documents/depthanything_u250_host_graph_r74_cpp_frame_graph_boundary/cfg/decoder_conv_15_cfg.txt", O_RDONLY|O_CLOEXEC) = 3</home/visitor/Documents/depthanything_u250_host_graph_r74_cpp_frame_graph_boundary/cfg/decoder_conv_15_cfg.txt>
248545 openat(AT_FDCWD</home/visitor/Documents/depthanything_u250_host_graph_r74_cpp_frame_graph_boundary>, "/home/visitor/Documents/depthanything_u250_host_graph_r74_cpp_frame_graph_boundary/cfg/decoder_conv_16_cfg.txt", O_RDONLY|O_CLOEXEC) = 3</home/visitor/Documents/depthanything_u250_host_graph_r74_cpp_frame_graph_boundary/cfg/decoder_conv_16_cfg.txt>
248545 openat(AT_FDCWD</home/visitor/Documents/depthanything_u250_host_graph_r74_cpp_frame_graph_boundary>, "/home/visitor/Documents/depthanything_u250_host_graph_r74_cpp_frame_graph_boundary/cfg/decoder_conv_17_cfg.txt", O_RDONLY|O_CLOEXEC) = 3</home/visitor/Documents/depthanything_u250_host_graph_r74_cpp_frame_graph_boundary/cfg/decoder_conv_17_cfg.txt>
248545 openat(AT_FDCWD</home/visitor/Documents/depthanything_u250_host_graph_r74_cpp_frame_graph_boundary>, "/home/visitor/Documents/depthanything_u250_host_graph_r74_cpp_frame_graph_boundary/cfg/decoder_conv_18_cfg.txt", O_RDONLY|O_CLOEXEC) = 3</home/visitor/Documents/depthanything_u250_host_graph_r74_cpp_frame_graph_boundary/cfg/decoder_conv_18_cfg.txt>
248545 openat(AT_FDCWD</home/visitor/Documents/depthanything_u250_host_graph_r74_cpp_frame_graph_boundary>, "/home/visitor/Documents/depthanything_u250_host_graph_r74_cpp_frame_graph_boundary/cfg/decoder_conv_19_cfg.txt", O_RDONLY|O_CLOEXEC) = 3</home/visitor/Documents/depthanything_u250_host_graph_r74_cpp_frame_graph_boundary/cfg/decoder_conv_19_cfg.txt>
248545 openat(AT_FDCWD</home/visitor/Documents/depthanything_u250_host_graph_r74_cpp_frame_graph_boundary>, "/home/visitor/Documents/depthanything_u250_host_graph_r74_cpp_frame_graph_boundary/cfg/decoder_conv_20_cfg.txt", O_RDONLY|O_CLOEXEC) = 3</home/visitor/Documents/depthanything_u250_host_graph_r74_cpp_frame_graph_boundary/cfg/decoder_conv_20_cfg.txt>
248545 openat(AT_FDCWD</home/visitor/Documents/depthanything_u250_host_graph_r74_cpp_frame_graph_boundary>, "/home/visitor/Documents/depthanything_u250_host_graph_r74_cpp_frame_graph_boundary/cfg/decoder_conv_21_cfg.txt", O_RDONLY|O_CLOEXEC) = 3</home/visitor/Documents/depthanything_u250_host_graph_r74_cpp_frame_graph_boundary/cfg/decoder_conv_21_cfg.txt>
248545 openat(AT_FDCWD</home/visitor/Documents/depthanything_u250_host_graph_r74_cpp_frame_graph_boundary>, "/home/visitor/Documents/depthanything_u250_host_graph_r74_cpp_frame_graph_boundary/cfg/decoder_conv_22_cfg.txt", O_RDONLY|O_CLOEXEC) = 3</home/visitor/Documents/depthanything_u250_host_graph_r74_cpp_frame_graph_boundary/cfg/decoder_conv_22_cfg.txt>
248545 openat(AT_FDCWD</home/visitor/Documents/depthanything_u250_host_graph_r74_cpp_frame_graph_boundary>, "/home/visitor/Documents/depthanything_u250_host_graph_r74_cpp_frame_graph_boundary/cfg/decoder_conv_23_tile74_cfg.txt", O_RDONLY|O_CLOEXEC) = 3</home/visitor/Documents/depthanything_u250_host_graph_r74_cpp_frame_graph_boundary/cfg/decoder_conv_23_tile74_cfg.txt>
248545 openat(AT_FDCWD</home/visitor/Documents/depthanything_u250_host_graph_r74_cpp_frame_graph_boundary>, "/home/visitor/Documents/depthanything_u250_host_graph_r74_cpp_frame_graph_boundary/cfg/decoder_conv_24_tile_first_cfg.txt", O_RDONLY|O_CLOEXEC) = 3</home/visitor/Documents/depthanything_u250_host_graph_r74_cpp_frame_graph_boundary/cfg/decoder_conv_24_tile_first_cfg.txt>
248545 openat(AT_FDCWD</home/visitor/Documents/depthanything_u250_host_graph_r74_cpp_frame_graph_boundary>, "/home/visitor/Documents/depthanything_u250_host_graph_r74_cpp_frame_graph_boundary/cfg/decoder_conv_24_tile_last_cfg.txt", O_RDONLY|O_CLOEXEC) = 3</home/visitor/Documents/depthanything_u250_host_graph_r74_cpp_frame_graph_boundary/cfg/decoder_conv_24_tile_last_cfg.txt>
248545 openat(AT_FDCWD</home/visitor/Documents/depthanything_u250_host_graph_r74_cpp_frame_graph_boundary>, "/home/visitor/Documents/depthanything_u250_host_graph_r74_cpp_frame_graph_boundary/cfg/decoder_conv_24_tile_middle_cfg.txt", O_RDONLY|O_CLOEXEC) = 3</home/visitor/Documents/depthanything_u250_host_graph_r74_cpp_frame_graph_boundary/cfg/decoder_conv_24_tile_middle_cfg.txt>
248545 openat(AT_FDCWD</home/visitor/Documents/depthanything_u250_host_graph_r74_cpp_frame_graph_boundary>, "/home/visitor/Documents/depthanything_u250_host_graph_r74_cpp_frame_graph_boundary/cfg/decoder_conv_25_tile_first_cfg.txt", O_RDONLY|O_CLOEXEC) = 3</home/visitor/Documents/depthanything_u250_host_graph_r74_cpp_frame_graph_boundary/cfg/decoder_conv_25_tile_first_cfg.txt>
248545 openat(AT_FDCWD</home/visitor/Documents/depthanything_u250_host_graph_r74_cpp_frame_graph_boundary>, "/home/visitor/Documents/depthanything_u250_host_graph_r74_cpp_frame_graph_boundary/cfg/decoder_conv_25_tile_last_cfg.txt", O_RDONLY|O_CLOEXEC) = 3</home/visitor/Documents/depthanything_u250_host_graph_r74_cpp_frame_graph_boundary/cfg/decoder_conv_25_tile_last_cfg.txt>
248545 openat(AT_FDCWD</home/visitor/Documents/depthanything_u250_host_graph_r74_cpp_frame_graph_boundary>, "/home/visitor/Documents/depthanything_u250_host_graph_r74_cpp_frame_graph_boundary/cfg/decoder_conv_25_tile_middle_cfg.txt", O_RDONLY|O_CLOEXEC) = 3</home/visitor/Documents/depthanything_u250_host_graph_r74_cpp_frame_graph_boundary/cfg/decoder_conv_25_tile_middle_cfg.txt>
248545 openat(AT_FDCWD</home/visitor/Documents/depthanything_u250_host_graph_r74_cpp_frame_graph_boundary>, "/home/visitor/Documents/depthanything_u250_host_graph_r74_cpp_frame_graph_boundary/cfg/decoder_conv_26_tile_first_cfg.txt", O_RDONLY|O_CLOEXEC) = 3</home/visitor/Documents/depthanything_u250_host_graph_r74_cpp_frame_graph_boundary/cfg/decoder_conv_26_tile_first_cfg.txt>
248545 openat(AT_FDCWD</home/visitor/Documents/depthanything_u250_host_graph_r74_cpp_frame_graph_boundary>, "/home/visitor/Documents/depthanything_u250_host_graph_r74_cpp_frame_graph_boundary/cfg/decoder_conv_26_tile_last_cfg.txt", O_RDONLY|O_CLOEXEC) = 3</home/visitor/Documents/depthanything_u250_host_graph_r74_cpp_frame_graph_boundary/cfg/decoder_conv_26_tile_last_cfg.txt>
248545 openat(AT_FDCWD</home/visitor/Documents/depthanything_u250_host_graph_r74_cpp_frame_graph_boundary>, "/home/visitor/Documents/depthanything_u250_host_graph_r74_cpp_frame_graph_boundary/cfg/decoder_conv_26_tile_middle_cfg.txt", O_RDONLY|O_CLOEXEC) = 3</home/visitor/Documents/depthanything_u250_host_graph_r74_cpp_frame_graph_boundary/cfg/decoder_conv_26_tile_middle_cfg.txt>
248545 openat(AT_FDCWD</home/visitor/Documents/depthanything_u250_host_graph_r74_cpp_frame_graph_boundary>, "/home/visitor/Documents/depthanything_u250_host_graph_r74_cpp_frame_graph_boundary/cfg/decoder_conv_27_tile_first_cfg.txt", O_RDONLY|O_CLOEXEC) = 3</home/visitor/Documents/depthanything_u250_host_graph_r74_cpp_frame_graph_boundary/cfg/decoder_conv_27_tile_first_cfg.txt>
248545 openat(AT_FDCWD</home/visitor/Documents/depthanything_u250_host_graph_r74_cpp_frame_graph_boundary>, "/home/visitor/Documents/depthanything_u250_host_graph_r74_cpp_frame_graph_boundary/cfg/decoder_conv_27_tile_last_cfg.txt", O_RDONLY|O_CLOEXEC) = 3</home/visitor/Documents/depthanything_u250_host_graph_r74_cpp_frame_graph_boundary/cfg/decoder_conv_27_tile_last_cfg.txt>
248545 openat(AT_FDCWD</home/visitor/Documents/depthanything_u250_host_graph_r74_cpp_frame_graph_boundary>, "/home/visitor/Documents/depthanything_u250_host_graph_r74_cpp_frame_graph_boundary/cfg/decoder_conv_27_tile_middle_cfg.txt", O_RDONLY|O_CLOEXEC) = 3</home/visitor/Documents/depthanything_u250_host_graph_r74_cpp_frame_graph_boundary/cfg/decoder_conv_27_tile_middle_cfg.txt>
248545 openat(AT_FDCWD</home/visitor/Documents/depthanything_u250_host_graph_r74_cpp_frame_graph_boundary>, "/home/visitor/Documents/depthanything_u250_host_graph_r74_cpp_frame_graph_boundary/cfg/decoder_conv_28_tile37_cfg.txt", O_RDONLY|O_CLOEXEC) = 3</home/visitor/Documents/depthanything_u250_host_graph_r74_cpp_frame_graph_boundary/cfg/decoder_conv_28_tile37_cfg.txt>
248545 openat(AT_FDCWD</home/visitor/Documents/depthanything_u250_host_graph_r74_cpp_frame_graph_boundary>, "/home/visitor/Documents/depthanything_u250_host_graph_r74_cpp_frame_graph_boundary/cfg/decoder_conv_29_tile_first_cfg.txt", O_RDONLY|O_CLOEXEC) = 3</home/visitor/Documents/depthanything_u250_host_graph_r74_cpp_frame_graph_boundary/cfg/decoder_conv_29_tile_first_cfg.txt>
248545 openat(AT_FDCWD</home/visitor/Documents/depthanything_u250_host_graph_r74_cpp_frame_graph_boundary>, "/home/visitor/Documents/depthanything_u250_host_graph_r74_cpp_frame_graph_boundary/cfg/decoder_conv_29_tile_last_cfg.txt", O_RDONLY|O_CLOEXEC) = 3</home/visitor/Documents/depthanything_u250_host_graph_r74_cpp_frame_graph_boundary/cfg/decoder_conv_29_tile_last_cfg.txt>
248545 openat(AT_FDCWD</home/visitor/Documents/depthanything_u250_host_graph_r74_cpp_frame_graph_boundary>, "/home/visitor/Documents/depthanything_u250_host_graph_r74_cpp_frame_graph_boundary/cfg/decoder_conv_29_tile_middle_cfg.txt", O_RDONLY|O_CLOEXEC) = 3</home/visitor/Documents/depthanything_u250_host_graph_r74_cpp_frame_graph_boundary/cfg/decoder_conv_29_tile_middle_cfg.txt>
248545 openat(AT_FDCWD</home/visitor/Documents/depthanything_u250_host_graph_r74_cpp_frame_graph_boundary>, "/home/visitor/Documents/depthanything_u250_host_graph_r74_cpp_frame_graph_boundary/cfg/decoder_conv_30_tile_first_cfg.txt", O_RDONLY|O_CLOEXEC) = 3</home/visitor/Documents/depthanything_u250_host_graph_r74_cpp_frame_graph_boundary/cfg/decoder_conv_30_tile_first_cfg.txt>
248545 openat(AT_FDCWD</home/visitor/Documents/depthanything_u250_host_graph_r74_cpp_frame_graph_boundary>, "/home/visitor/Documents/depthanything_u250_host_graph_r74_cpp_frame_graph_boundary/cfg/decoder_conv_30_tile_last_cfg.txt", O_RDONLY|O_CLOEXEC) = 3</home/visitor/Documents/depthanything_u250_host_graph_r74_cpp_frame_graph_boundary/cfg/decoder_conv_30_tile_last_cfg.txt>
248545 openat(AT_FDCWD</home/visitor/Documents/depthanything_u250_host_graph_r74_cpp_frame_graph_boundary>, "/home/visitor/Documents/depthanything_u250_host_graph_r74_cpp_frame_graph_boundary/cfg/decoder_conv_30_tile_middle_cfg.txt", O_RDONLY|O_CLOEXEC) = 3</home/visitor/Documents/depthanything_u250_host_graph_r74_cpp_frame_graph_boundary/cfg/decoder_conv_30_tile_middle_cfg.txt>
248545 openat(AT_FDCWD</home/visitor/Documents/depthanything_u250_host_graph_r74_cpp_frame_graph_boundary>, "/home/visitor/Documents/depthanything_u250_host_graph_r74_cpp_frame_graph_boundary/cfg/decoder_conv_31_tile74_cfg.txt", O_RDONLY|O_CLOEXEC) = 3</home/visitor/Documents/depthanything_u250_host_graph_r74_cpp_frame_graph_boundary/cfg/decoder_conv_31_tile74_cfg.txt>
248545 openat(AT_FDCWD</home/visitor/Documents/depthanything_u250_host_graph_r74_cpp_frame_graph_boundary>, "/home/visitor/Documents/depthanything_u250_host_graph_r74_cpp_frame_graph_boundary/cfg/mlp_fc1_pair_l00_p00_cfg.txt", O_RDONLY|O_CLOEXEC) = 3</home/visitor/Documents/depthanything_u250_host_graph_r74_cpp_frame_graph_boundary/cfg/mlp_fc1_pair_l00_p00_cfg.txt>
248545 openat(AT_FDCWD</home/visitor/Documents/depthanything_u250_host_graph_r74_cpp_frame_graph_boundary>, "/home/visitor/Documents/depthanything_u250_host_graph_r74_cpp_frame_graph_boundary/cfg/mlp_fc1_pair_l00_p01_cfg.txt", O_RDONLY|O_CLOEXEC) = 3</home/visitor/Documents/depthanything_u250_host_graph_r74_cpp_frame_graph_boundary/cfg/mlp_fc1_pair_l00_p01_cfg.txt>
248545 openat(AT_FDCWD</home/visitor/Documents/depthanything_u250_host_graph_r74_cpp_frame_graph_boundary>, "/home/visitor/Documents/depthanything_u250_host_graph_r74_cpp_frame_graph_boundary/cfg/mlp_fc1_pair_l00_p02_cfg.txt", O_RDONLY|O_CLOEXEC) = 3</home/visitor/Documents/depthanything_u250_host_graph_r74_cpp_frame_graph_boundary/cfg/mlp_fc1_pair_l00_p02_cfg.txt>
248545 openat(AT_FDCWD</home/visitor/Documents/depthanything_u250_host_graph_r74_cpp_frame_graph_boundary>, "/home/visitor/Documents/depthanything_u250_host_graph_r74_cpp_frame_graph_boundary/cfg/mlp_fc1_pair_l01_p00_cfg.txt", O_RDONLY|O_CLOEXEC) = 3</home/visitor/Documents/depthanything_u250_host_graph_r74_cpp_frame_graph_boundary/cfg/mlp_fc1_pair_l01_p00_cfg.txt>
248545 openat(AT_FDCWD</home/visitor/Documents/depthanything_u250_host_graph_r74_cpp_frame_graph_boundary>, "/home/visitor/Documents/depthanything_u250_host_graph_r74_cpp_frame_graph_boundary/cfg/mlp_fc1_pair_l01_p01_cfg.txt", O_RDONLY|O_CLOEXEC) = 3</home/visitor/Documents/depthanything_u250_host_graph_r74_cpp_frame_graph_boundary/cfg/mlp_fc1_pair_l01_p01_cfg.txt>
248545 openat(AT_FDCWD</home/visitor/Documents/depthanything_u250_host_graph_r74_cpp_frame_graph_boundary>, "/home/visitor/Documents/depthanything_u250_host_graph_r74_cpp_frame_graph_boundary/cfg/mlp_fc1_pair_l01_p02_cfg.txt", O_RDONLY|O_CLOEXEC) = 3</home/visitor/Documents/depthanything_u250_host_graph_r74_cpp_frame_graph_boundary/cfg/mlp_fc1_pair_l01_p02_cfg.txt>
248545 openat(AT_FDCWD</home/visitor/Documents/depthanything_u250_host_graph_r74_cpp_frame_graph_boundary>, "/home/visitor/Documents/depthanything_u250_host_graph_r74_cpp_frame_graph_boundary/cfg/mlp_fc1_pair_l02_p00_cfg.txt", O_RDONLY|O_CLOEXEC) = 3</home/visitor/Documents/depthanything_u250_host_graph_r74_cpp_frame_graph_boundary/cfg/mlp_fc1_pair_l02_p00_cfg.txt>
248545 openat(AT_FDCWD</home/visitor/Documents/depthanything_u250_host_graph_r74_cpp_frame_graph_boundary>, "/home/visitor/Documents/depthanything_u250_host_graph_r74_cpp_frame_graph_boundary/cfg/mlp_fc1_pair_l02_p01_cfg.txt", O_RDONLY|O_CLOEXEC) = 3</home/visitor/Documents/depthanything_u250_host_graph_r74_cpp_frame_graph_boundary/cfg/mlp_fc1_pair_l02_p01_cfg.txt>
248545 openat(AT_FDCWD</home/visitor/Documents/depthanything_u250_host_graph_r74_cpp_frame_graph_boundary>, "/home/visitor/Documents/depthanything_u250_host_graph_r74_cpp_frame_graph_boundary/cfg/mlp_fc1_pair_l02_p02_cfg.txt", O_RDONLY|O_CLOEXEC) = 3</home/visitor/Documents/depthanything_u250_host_graph_r74_cpp_frame_graph_boundary/cfg/mlp_fc1_pair_l02_p02_cfg.txt>
248545 openat(AT_FDCWD</home/visitor/Documents/depthanything_u250_host_graph_r74_cpp_frame_graph_boundary>, "/home/visitor/Documents/depthanything_u250_host_graph_r74_cpp_frame_graph_boundary/cfg/mlp_fc1_pair_l03_p00_cfg.txt", O_RDONLY|O_CLOEXEC) = 3</home/visitor/Documents/depthanything_u250_host_graph_r74_cpp_frame_graph_boundary/cfg/mlp_fc1_pair_l03_p00_cfg.txt>
248545 openat(AT_FDCWD</home/visitor/Documents/depthanything_u250_host_graph_r74_cpp_frame_graph_boundary>, "/home/visitor/Documents/depthanything_u250_host_graph_r74_cpp_frame_graph_boundary/cfg/mlp_fc1_pair_l03_p01_cfg.txt", O_RDONLY|O_CLOEXEC) = 3</home/visitor/Documents/depthanything_u250_host_graph_r74_cpp_frame_graph_boundary/cfg/mlp_fc1_pair_l03_p01_cfg.txt>
248545 openat(AT_FDCWD</home/visitor/Documents/depthanything_u250_host_graph_r74_cpp_frame_graph_boundary>, "/home/visitor/Documents/depthanything_u250_host_graph_r74_cpp_frame_graph_boundary/cfg/mlp_fc1_pair_l03_p02_cfg.txt", O_RDONLY|O_CLOEXEC) = 3</home/visitor/Documents/depthanything_u250_host_graph_r74_cpp_frame_graph_boundary/cfg/mlp_fc1_pair_l03_p02_cfg.txt>
248545 openat(AT_FDCWD</home/visitor/Documents/depthanything_u250_host_graph_r74_cpp_frame_graph_boundary>, "/home/visitor/Documents/depthanything_u250_host_graph_r74_cpp_frame_graph_boundary/cfg/mlp_fc1_pair_l04_p00_cfg.txt", O_RDONLY|O_CLOEXEC) = 3</home/visitor/Documents/depthanything_u250_host_graph_r74_cpp_frame_graph_boundary/cfg/mlp_fc1_pair_l04_p00_cfg.txt>
248545 openat(AT_FDCWD</home/visitor/Documents/depthanything_u250_host_graph_r74_cpp_frame_graph_boundary>, "/home/visitor/Documents/depthanything_u250_host_graph_r74_cpp_frame_graph_boundary/cfg/mlp_fc1_pair_l04_p01_cfg.txt", O_RDONLY|O_CLOEXEC) = 3</home/visitor/Documents/depthanything_u250_host_graph_r74_cpp_frame_graph_boundary/cfg/mlp_fc1_pair_l04_p01_cfg.txt>
248545 openat(AT_FDCWD</home/visitor/Documents/depthanything_u250_host_graph_r74_cpp_frame_graph_boundary>, "/home/visitor/Documents/depthanything_u250_host_graph_r74_cpp_frame_graph_boundary/cfg/mlp_fc1_pair_l04_p02_cfg.txt", O_RDONLY|O_CLOEXEC) = 3</home/visitor/Documents/depthanything_u250_host_graph_r74_cpp_frame_graph_boundary/cfg/mlp_fc1_pair_l04_p02_cfg.txt>
248545 openat(AT_FDCWD</home/visitor/Documents/depthanything_u250_host_graph_r74_cpp_frame_graph_boundary>, "/home/visitor/Documents/depthanything_u250_host_graph_r74_cpp_frame_graph_boundary/cfg/mlp_fc1_pair_l05_p00_cfg.txt", O_RDONLY|O_CLOEXEC) = 3</home/visitor/Documents/depthanything_u250_host_graph_r74_cpp_frame_graph_boundary/cfg/mlp_fc1_pair_l05_p00_cfg.txt>
248545 openat(AT_FDCWD</home/visitor/Documents/depthanything_u250_host_graph_r74_cpp_frame_graph_boundary>, "/home/visitor/Documents/depthanything_u250_host_graph_r74_cpp_frame_graph_boundary/cfg/mlp_fc1_pair_l05_p01_cfg.txt", O_RDONLY|O_CLOEXEC) = 3</home/visitor/Documents/depthanything_u250_host_graph_r74_cpp_frame_graph_boundary/cfg/mlp_fc1_pair_l05_p01_cfg.txt>
248545 openat(AT_FDCWD</home/visitor/Documents/depthanything_u250_host_graph_r74_cpp_frame_graph_boundary>, "/home/visitor/Documents/depthanything_u250_host_graph_r74_cpp_frame_graph_boundary/cfg/mlp_fc1_pair_l05_p02_cfg.txt", O_RDONLY|O_CLOEXEC) = 3</home/visitor/Documents/depthanything_u250_host_graph_r74_cpp_frame_graph_boundary/cfg/mlp_fc1_pair_l05_p02_cfg.txt>
248545 openat(AT_FDCWD</home/visitor/Documents/depthanything_u250_host_graph_r74_cpp_frame_graph_boundary>, "/home/visitor/Documents/depthanything_u250_host_graph_r74_cpp_frame_graph_boundary/cfg/mlp_fc1_pair_l06_p00_cfg.txt", O_RDONLY|O_CLOEXEC) = 3</home/visitor/Documents/depthanything_u250_host_graph_r74_cpp_frame_graph_boundary/cfg/mlp_fc1_pair_l06_p00_cfg.txt>
248545 openat(AT_FDCWD</home/visitor/Documents/depthanything_u250_host_graph_r74_cpp_frame_graph_boundary>, "/home/visitor/Documents/depthanything_u250_host_graph_r74_cpp_frame_graph_boundary/cfg/mlp_fc1_pair_l06_p01_cfg.txt", O_RDONLY|O_CLOEXEC) = 3</home/visitor/Documents/depthanything_u250_host_graph_r74_cpp_frame_graph_boundary/cfg/mlp_fc1_pair_l06_p01_cfg.txt>
248545 openat(AT_FDCWD</home/visitor/Documents/depthanything_u250_host_graph_r74_cpp_frame_graph_boundary>, "/home/visitor/Documents/depthanything_u250_host_graph_r74_cpp_frame_graph_boundary/cfg/mlp_fc1_pair_l06_p02_cfg.txt", O_RDONLY|O_CLOEXEC) = 3</home/visitor/Documents/depthanything_u250_host_graph_r74_cpp_frame_graph_boundary/cfg/mlp_fc1_pair_l06_p02_cfg.txt>
248545 openat(AT_FDCWD</home/visitor/Documents/depthanything_u250_host_graph_r74_cpp_frame_graph_boundary>, "/home/visitor/Documents/depthanything_u250_host_graph_r74_cpp_frame_graph_boundary/cfg/mlp_fc1_pair_l07_p00_cfg.txt", O_RDONLY|O_CLOEXEC) = 3</home/visitor/Documents/depthanything_u250_host_graph_r74_cpp_frame_graph_boundary/cfg/mlp_fc1_pair_l07_p00_cfg.txt>
248545 openat(AT_FDCWD</home/visitor/Documents/depthanything_u250_host_graph_r74_cpp_frame_graph_boundary>, "/home/visitor/Documents/depthanything_u250_host_graph_r74_cpp_frame_graph_boundary/cfg/mlp_fc1_pair_l07_p01_cfg.txt", O_RDONLY|O_CLOEXEC) = 3</home/visitor/Documents/depthanything_u250_host_graph_r74_cpp_frame_graph_boundary/cfg/mlp_fc1_pair_l07_p01_cfg.txt>
248545 openat(AT_FDCWD</home/visitor/Documents/depthanything_u250_host_graph_r74_cpp_frame_graph_boundary>, "/home/visitor/Documents/depthanything_u250_host_graph_r74_cpp_frame_graph_boundary/cfg/mlp_fc1_pair_l07_p02_cfg.txt", O_RDONLY|O_CLOEXEC) = 3</home/visitor/Documents/depthanything_u250_host_graph_r74_cpp_frame_graph_boundary/cfg/mlp_fc1_pair_l07_p02_cfg.txt>
248545 openat(AT_FDCWD</home/visitor/Documents/depthanything_u250_host_graph_r74_cpp_frame_graph_boundary>, "/home/visitor/Documents/depthanything_u250_host_graph_r74_cpp_frame_graph_boundary/cfg/mlp_fc1_pair_l08_p00_cfg.txt", O_RDONLY|O_CLOEXEC) = 3</home/visitor/Documents/depthanything_u250_host_graph_r74_cpp_frame_graph_boundary/cfg/mlp_fc1_pair_l08_p00_cfg.txt>
248545 openat(AT_FDCWD</home/visitor/Documents/depthanything_u250_host_graph_r74_cpp_frame_graph_boundary>, "/home/visitor/Documents/depthanything_u250_host_graph_r74_cpp_frame_graph_boundary/cfg/mlp_fc1_pair_l08_p01_cfg.txt", O_RDONLY|O_CLOEXEC) = 3</home/visitor/Documents/depthanything_u250_host_graph_r74_cpp_frame_graph_boundary/cfg/mlp_fc1_pair_l08_p01_cfg.txt>
248545 openat(AT_FDCWD</home/visitor/Documents/depthanything_u250_host_graph_r74_cpp_frame_graph_boundary>, "/home/visitor/Documents/depthanything_u250_host_graph_r74_cpp_frame_graph_boundary/cfg/mlp_fc1_pair_l08_p02_cfg.txt", O_RDONLY|O_CLOEXEC) = 3</home/visitor/Documents/depthanything_u250_host_graph_r74_cpp_frame_graph_boundary/cfg/mlp_fc1_pair_l08_p02_cfg.txt>
248545 openat(AT_FDCWD</home/visitor/Documents/depthanything_u250_host_graph_r74_cpp_frame_graph_boundary>, "/home/visitor/Documents/depthanything_u250_host_graph_r74_cpp_frame_graph_boundary/cfg/mlp_fc1_pair_l09_p00_cfg.txt", O_RDONLY|O_CLOEXEC) = 3</home/visitor/Documents/depthanything_u250_host_graph_r74_cpp_frame_graph_boundary/cfg/mlp_fc1_pair_l09_p00_cfg.txt>
248545 openat(AT_FDCWD</home/visitor/Documents/depthanything_u250_host_graph_r74_cpp_frame_graph_boundary>, "/home/visitor/Documents/depthanything_u250_host_graph_r74_cpp_frame_graph_boundary/cfg/mlp_fc1_pair_l09_p01_cfg.txt", O_RDONLY|O_CLOEXEC) = 3</home/visitor/Documents/depthanything_u250_host_graph_r74_cpp_frame_graph_boundary/cfg/mlp_fc1_pair_l09_p01_cfg.txt>
248545 openat(AT_FDCWD</home/visitor/Documents/depthanything_u250_host_graph_r74_cpp_frame_graph_boundary>, "/home/visitor/Documents/depthanything_u250_host_graph_r74_cpp_frame_graph_boundary/cfg/mlp_fc1_pair_l09_p02_cfg.txt", O_RDONLY|O_CLOEXEC) = 3</home/visitor/Documents/depthanything_u250_host_graph_r74_cpp_frame_graph_boundary/cfg/mlp_fc1_pair_l09_p02_cfg.txt>
248545 openat(AT_FDCWD</home/visitor/Documents/depthanything_u250_host_graph_r74_cpp_frame_graph_boundary>, "/home/visitor/Documents/depthanything_u250_host_graph_r74_cpp_frame_graph_boundary/cfg/mlp_fc1_pair_l10_p00_cfg.txt", O_RDONLY|O_CLOEXEC) = 3</home/visitor/Documents/depthanything_u250_host_graph_r74_cpp_frame_graph_boundary/cfg/mlp_fc1_pair_l10_p00_cfg.txt>
248545 openat(AT_FDCWD</home/visitor/Documents/depthanything_u250_host_graph_r74_cpp_frame_graph_boundary>, "/home/visitor/Documents/depthanything_u250_host_graph_r74_cpp_frame_graph_boundary/cfg/mlp_fc1_pair_l10_p01_cfg.txt", O_RDONLY|O_CLOEXEC) = 3</home/visitor/Documents/depthanything_u250_host_graph_r74_cpp_frame_graph_boundary/cfg/mlp_fc1_pair_l10_p01_cfg.txt>
248545 openat(AT_FDCWD</home/visitor/Documents/depthanything_u250_host_graph_r74_cpp_frame_graph_boundary>, "/home/visitor/Documents/depthanything_u250_host_graph_r74_cpp_frame_graph_boundary/cfg/mlp_fc1_pair_l10_p02_cfg.txt", O_RDONLY|O_CLOEXEC) = 3</home/visitor/Documents/depthanything_u250_host_graph_r74_cpp_frame_graph_boundary/cfg/mlp_fc1_pair_l10_p02_cfg.txt>
248545 openat(AT_FDCWD</home/visitor/Documents/depthanything_u250_host_graph_r74_cpp_frame_graph_boundary>, "/home/visitor/Documents/depthanything_u250_host_graph_r74_cpp_frame_graph_boundary/cfg/mlp_fc1_pair_l11_p00_cfg.txt", O_RDONLY|O_CLOEXEC) = 3</home/visitor/Documents/depthanything_u250_host_graph_r74_cpp_frame_graph_boundary/cfg/mlp_fc1_pair_l11_p00_cfg.txt>
248545 openat(AT_FDCWD</home/visitor/Documents/depthanything_u250_host_graph_r74_cpp_frame_graph_boundary>, "/home/visitor/Documents/depthanything_u250_host_graph_r74_cpp_frame_graph_boundary/cfg/mlp_fc1_pair_l11_p01_cfg.txt", O_RDONLY|O_CLOEXEC) = 3</home/visitor/Documents/depthanything_u250_host_graph_r74_cpp_frame_graph_boundary/cfg/mlp_fc1_pair_l11_p01_cfg.txt>
248545 openat(AT_FDCWD</home/visitor/Documents/depthanything_u250_host_graph_r74_cpp_frame_graph_boundary>, "/home/visitor/Documents/depthanything_u250_host_graph_r74_cpp_frame_graph_boundary/cfg/mlp_fc1_pair_l11_p02_cfg.txt", O_RDONLY|O_CLOEXEC) = 3</home/visitor/Documents/depthanything_u250_host_graph_r74_cpp_frame_graph_boundary/cfg/mlp_fc1_pair_l11_p02_cfg.txt>
248545 openat(AT_FDCWD</home/visitor/Documents/depthanything_u250_host_graph_r74_cpp_frame_graph_boundary>, "/home/visitor/Documents/depthanything_u250_host_graph_r74_cpp_frame_graph_boundary/cfg/mlp_fc2_l00_cfg.txt", O_RDONLY|O_CLOEXEC) = 3</home/visitor/Documents/depthanything_u250_host_graph_r74_cpp_frame_graph_boundary/cfg/mlp_fc2_l00_cfg.txt>
248545 openat(AT_FDCWD</home/visitor/Documents/depthanything_u250_host_graph_r74_cpp_frame_graph_boundary>, "/home/visitor/Documents/depthanything_u250_host_graph_r74_cpp_frame_graph_boundary/cfg/mlp_fc2_l01_cfg.txt", O_RDONLY|O_CLOEXEC) = 3</home/visitor/Documents/depthanything_u250_host_graph_r74_cpp_frame_graph_boundary/cfg/mlp_fc2_l01_cfg.txt>
248545 openat(AT_FDCWD</home/visitor/Documents/depthanything_u250_host_graph_r74_cpp_frame_graph_boundary>, "/home/visitor/Documents/depthanything_u250_host_graph_r74_cpp_frame_graph_boundary/cfg/mlp_fc2_l02_cfg.txt", O_RDONLY|O_CLOEXEC) = 3</home/visitor/Documents/depthanything_u250_host_graph_r74_cpp_frame_graph_boundary/cfg/mlp_fc2_l02_cfg.txt>
248545 openat(AT_FDCWD</home/visitor/Documents/depthanything_u250_host_graph_r74_cpp_frame_graph_boundary>, "/home/visitor/Documents/depthanything_u250_host_graph_r74_cpp_frame_graph_boundary/cfg/mlp_fc2_l03_cfg.txt", O_RDONLY|O_CLOEXEC) = 3</home/visitor/Documents/depthanything_u250_host_graph_r74_cpp_frame_graph_boundary/cfg/mlp_fc2_l03_cfg.txt>
248545 openat(AT_FDCWD</home/visitor/Documents/depthanything_u250_host_graph_r74_cpp_frame_graph_boundary>, "/home/visitor/Documents/depthanything_u250_host_graph_r74_cpp_frame_graph_boundary/cfg/mlp_fc2_l04_cfg.txt", O_RDONLY|O_CLOEXEC) = 3</home/visitor/Documents/depthanything_u250_host_graph_r74_cpp_frame_graph_boundary/cfg/mlp_fc2_l04_cfg.txt>
248545 openat(AT_FDCWD</home/visitor/Documents/depthanything_u250_host_graph_r74_cpp_frame_graph_boundary>, "/home/visitor/Documents/depthanything_u250_host_graph_r74_cpp_frame_graph_boundary/cfg/mlp_fc2_l05_cfg.txt", O_RDONLY|O_CLOEXEC) = 3</home/visitor/Documents/depthanything_u250_host_graph_r74_cpp_frame_graph_boundary/cfg/mlp_fc2_l05_cfg.txt>
248545 openat(AT_FDCWD</home/visitor/Documents/depthanything_u250_host_graph_r74_cpp_frame_graph_boundary>, "/home/visitor/Documents/depthanything_u250_host_graph_r74_cpp_frame_graph_boundary/cfg/mlp_fc2_l06_cfg.txt", O_RDONLY|O_CLOEXEC) = 3</home/visitor/Documents/depthanything_u250_host_graph_r74_cpp_frame_graph_boundary/cfg/mlp_fc2_l06_cfg.txt>
248545 openat(AT_FDCWD</home/visitor/Documents/depthanything_u250_host_graph_r74_cpp_frame_graph_boundary>, "/home/visitor/Documents/depthanything_u250_host_graph_r74_cpp_frame_graph_boundary/cfg/mlp_fc2_l07_cfg.txt", O_RDONLY|O_CLOEXEC) = 3</home/visitor/Documents/depthanything_u250_host_graph_r74_cpp_frame_graph_boundary/cfg/mlp_fc2_l07_cfg.txt>
248545 openat(AT_FDCWD</home/visitor/Documents/depthanything_u250_host_graph_r74_cpp_frame_graph_boundary>, "/home/visitor/Documents/depthanything_u250_host_graph_r74_cpp_frame_graph_boundary/cfg/mlp_fc2_l08_cfg.txt", O_RDONLY|O_CLOEXEC) = 3</home/visitor/Documents/depthanything_u250_host_graph_r74_cpp_frame_graph_boundary/cfg/mlp_fc2_l08_cfg.txt>
248545 openat(AT_FDCWD</home/visitor/Documents/depthanything_u250_host_graph_r74_cpp_frame_graph_boundary>, "/home/visitor/Documents/depthanything_u250_host_graph_r74_cpp_frame_graph_boundary/cfg/mlp_fc2_l09_cfg.txt", O_RDONLY|O_CLOEXEC) = 3</home/visitor/Documents/depthanything_u250_host_graph_r74_cpp_frame_graph_boundary/cfg/mlp_fc2_l09_cfg.txt>
248545 openat(AT_FDCWD</home/visitor/Documents/depthanything_u250_host_graph_r74_cpp_frame_graph_boundary>, "/home/visitor/Documents/depthanything_u250_host_graph_r74_cpp_frame_graph_boundary/cfg/mlp_fc2_l10_cfg.txt", O_RDONLY|O_CLOEXEC) = 3</home/visitor/Documents/depthanything_u250_host_graph_r74_cpp_frame_graph_boundary/cfg/mlp_fc2_l10_cfg.txt>
248545 openat(AT_FDCWD</home/visitor/Documents/depthanything_u250_host_graph_r74_cpp_frame_graph_boundary>, "/home/visitor/Documents/depthanything_u250_host_graph_r74_cpp_frame_graph_boundary/cfg/mlp_fc2_l11_cfg.txt", O_RDONLY|O_CLOEXEC) = 3</home/visitor/Documents/depthanything_u250_host_graph_r74_cpp_frame_graph_boundary/cfg/mlp_fc2_l11_cfg.txt>
248545 openat(AT_FDCWD</home/visitor/Documents/depthanything_u250_host_graph_r74_cpp_frame_graph_boundary>, "/home/visitor/Documents/depthanything_u250_host_graph_r74_cpp_frame_graph_boundary/cfg/patch_projection_co000_064_cfg.txt", O_RDONLY|O_CLOEXEC) = 3</home/visitor/Documents/depthanything_u250_host_graph_r74_cpp_frame_graph_boundary/cfg/patch_projection_co000_064_cfg.txt>
248545 openat(AT_FDCWD</home/visitor/Documents/depthanything_u250_host_graph_r74_cpp_frame_graph_boundary>, "/home/visitor/Documents/depthanything_u250_host_graph_r74_cpp_frame_graph_boundary/cfg/patch_projection_co064_128_cfg.txt", O_RDONLY|O_CLOEXEC) = 3</home/visitor/Documents/depthanything_u250_host_graph_r74_cpp_frame_graph_boundary/cfg/patch_projection_co064_128_cfg.txt>
248545 openat(AT_FDCWD</home/visitor/Documents/depthanything_u250_host_graph_r74_cpp_frame_graph_boundary>, "/home/visitor/Documents/depthanything_u250_host_graph_r74_cpp_frame_graph_boundary/cfg/patch_projection_co128_192_cfg.txt", O_RDONLY|O_CLOEXEC) = 3</home/visitor/Documents/depthanything_u250_host_graph_r74_cpp_frame_graph_boundary/cfg/patch_projection_co128_192_cfg.txt>
248545 openat(AT_FDCWD</home/visitor/Documents/depthanything_u250_host_graph_r74_cpp_frame_graph_boundary>, "/home/visitor/Documents/depthanything_u250_host_graph_r74_cpp_frame_graph_boundary/cfg/patch_projection_co192_256_cfg.txt", O_RDONLY|O_CLOEXEC) = 3</home/visitor/Documents/depthanything_u250_host_graph_r74_cpp_frame_graph_boundary/cfg/patch_projection_co192_256_cfg.txt>
248545 openat(AT_FDCWD</home/visitor/Documents/depthanything_u250_host_graph_r74_cpp_frame_graph_boundary>, "/home/visitor/Documents/depthanything_u250_host_graph_r74_cpp_frame_graph_boundary/cfg/patch_projection_co256_320_cfg.txt", O_RDONLY|O_CLOEXEC) = 3</home/visitor/Documents/depthanything_u250_host_graph_r74_cpp_frame_graph_boundary/cfg/patch_projection_co256_320_cfg.txt>
248545 openat(AT_FDCWD</home/visitor/Documents/depthanything_u250_host_graph_r74_cpp_frame_graph_boundary>, "/home/visitor/Documents/depthanything_u250_host_graph_r74_cpp_frame_graph_boundary/cfg/patch_projection_co320_384_cfg.txt", O_RDONLY|O_CLOEXEC) = 3</home/visitor/Documents/depthanything_u250_host_graph_r74_cpp_frame_graph_boundary/cfg/patch_projection_co320_384_cfg.txt>
248545 openat(AT_FDCWD</home/visitor/Documents/depthanything_u250_host_graph_r74_cpp_frame_graph_boundary>, "/home/visitor/Documents/depthanything_u250_host_graph_r74_cpp_frame_graph_boundary/cfg/post_attention_l00_cfg.txt", O_RDONLY|O_CLOEXEC) = 3</home/visitor/Documents/depthanything_u250_host_graph_r74_cpp_frame_graph_boundary/cfg/post_attention_l00_cfg.txt>
248545 openat(AT_FDCWD</home/visitor/Documents/depthanything_u250_host_graph_r74_cpp_frame_graph_boundary>, "/home/visitor/Documents/depthanything_u250_host_graph_r74_cpp_frame_graph_boundary/cfg/post_attention_l01_cfg.txt", O_RDONLY|O_CLOEXEC) = 3</home/visitor/Documents/depthanything_u250_host_graph_r74_cpp_frame_graph_boundary/cfg/post_attention_l01_cfg.txt>
248545 openat(AT_FDCWD</home/visitor/Documents/depthanything_u250_host_graph_r74_cpp_frame_graph_boundary>, "/home/visitor/Documents/depthanything_u250_host_graph_r74_cpp_frame_graph_boundary/cfg/post_attention_l02_cfg.txt", O_RDONLY|O_CLOEXEC) = 3</home/visitor/Documents/depthanything_u250_host_graph_r74_cpp_frame_graph_boundary/cfg/post_attention_l02_cfg.txt>
248545 openat(AT_FDCWD</home/visitor/Documents/depthanything_u250_host_graph_r74_cpp_frame_graph_boundary>, "/home/visitor/Documents/depthanything_u250_host_graph_r74_cpp_frame_graph_boundary/cfg/post_attention_l03_cfg.txt", O_RDONLY|O_CLOEXEC) = 3</home/visitor/Documents/depthanything_u250_host_graph_r74_cpp_frame_graph_boundary/cfg/post_attention_l03_cfg.txt>
248545 openat(AT_FDCWD</home/visitor/Documents/depthanything_u250_host_graph_r74_cpp_frame_graph_boundary>, "/home/visitor/Documents/depthanything_u250_host_graph_r74_cpp_frame_graph_boundary/cfg/post_attention_l04_cfg.txt", O_RDONLY|O_CLOEXEC) = 3</home/visitor/Documents/depthanything_u250_host_graph_r74_cpp_frame_graph_boundary/cfg/post_attention_l04_cfg.txt>
248545 openat(AT_FDCWD</home/visitor/Documents/depthanything_u250_host_graph_r74_cpp_frame_graph_boundary>, "/home/visitor/Documents/depthanything_u250_host_graph_r74_cpp_frame_graph_boundary/cfg/post_attention_l05_cfg.txt", O_RDONLY|O_CLOEXEC) = 3</home/visitor/Documents/depthanything_u250_host_graph_r74_cpp_frame_graph_boundary/cfg/post_attention_l05_cfg.txt>
248545 openat(AT_FDCWD</home/visitor/Documents/depthanything_u250_host_graph_r74_cpp_frame_graph_boundary>, "/home/visitor/Documents/depthanything_u250_host_graph_r74_cpp_frame_graph_boundary/cfg/post_attention_l06_cfg.txt", O_RDONLY|O_CLOEXEC) = 3</home/visitor/Documents/depthanything_u250_host_graph_r74_cpp_frame_graph_boundary/cfg/post_attention_l06_cfg.txt>
248545 openat(AT_FDCWD</home/visitor/Documents/depthanything_u250_host_graph_r74_cpp_frame_graph_boundary>, "/home/visitor/Documents/depthanything_u250_host_graph_r74_cpp_frame_graph_boundary/cfg/post_attention_l07_cfg.txt", O_RDONLY|O_CLOEXEC) = 3</home/visitor/Documents/depthanything_u250_host_graph_r74_cpp_frame_graph_boundary/cfg/post_attention_l07_cfg.txt>
248545 openat(AT_FDCWD</home/visitor/Documents/depthanything_u250_host_graph_r74_cpp_frame_graph_boundary>, "/home/visitor/Documents/depthanything_u250_host_graph_r74_cpp_frame_graph_boundary/cfg/post_attention_l08_cfg.txt", O_RDONLY|O_CLOEXEC) = 3</home/visitor/Documents/depthanything_u250_host_graph_r74_cpp_frame_graph_boundary/cfg/post_attention_l08_cfg.txt>
248545 openat(AT_FDCWD</home/visitor/Documents/depthanything_u250_host_graph_r74_cpp_frame_graph_boundary>, "/home/visitor/Documents/depthanything_u250_host_graph_r74_cpp_frame_graph_boundary/cfg/post_attention_l09_cfg.txt", O_RDONLY|O_CLOEXEC) = 3</home/visitor/Documents/depthanything_u250_host_graph_r74_cpp_frame_graph_boundary/cfg/post_attention_l09_cfg.txt>
248545 openat(AT_FDCWD</home/visitor/Documents/depthanything_u250_host_graph_r74_cpp_frame_graph_boundary>, "/home/visitor/Documents/depthanything_u250_host_graph_r74_cpp_frame_graph_boundary/cfg/post_attention_l10_cfg.txt", O_RDONLY|O_CLOEXEC) = 3</home/visitor/Documents/depthanything_u250_host_graph_r74_cpp_frame_graph_boundary/cfg/post_attention_l10_cfg.txt>
248545 openat(AT_FDCWD</home/visitor/Documents/depthanything_u250_host_graph_r74_cpp_frame_graph_boundary>, "/home/visitor/Documents/depthanything_u250_host_graph_r74_cpp_frame_graph_boundary/cfg/post_attention_l11_cfg.txt", O_RDONLY|O_CLOEXEC) = 3</home/visitor/Documents/depthanything_u250_host_graph_r74_cpp_frame_graph_boundary/cfg/post_attention_l11_cfg.txt>
248545 openat(AT_FDCWD</home/visitor/Documents/depthanything_u250_host_graph_r74_cpp_frame_graph_boundary>, "/home/visitor/Documents/depthanything_u250_host_graph_r74_cpp_frame_graph_boundary/cfg/qkv_projection_l00_cfg.txt", O_RDONLY|O_CLOEXEC) = 3</home/visitor/Documents/depthanything_u250_host_graph_r74_cpp_frame_graph_boundary/cfg/qkv_projection_l00_cfg.txt>
248545 openat(AT_FDCWD</home/visitor/Documents/depthanything_u250_host_graph_r74_cpp_frame_graph_boundary>, "/home/visitor/Documents/depthanything_u250_host_graph_r74_cpp_frame_graph_boundary/cfg/qkv_projection_l01_cfg.txt", O_RDONLY|O_CLOEXEC) = 3</home/visitor/Documents/depthanything_u250_host_graph_r74_cpp_frame_graph_boundary/cfg/qkv_projection_l01_cfg.txt>
248545 openat(AT_FDCWD</home/visitor/Documents/depthanything_u250_host_graph_r74_cpp_frame_graph_boundary>, "/home/visitor/Documents/depthanything_u250_host_graph_r74_cpp_frame_graph_boundary/cfg/qkv_projection_l02_cfg.txt", O_RDONLY|O_CLOEXEC) = 3</home/visitor/Documents/depthanything_u250_host_graph_r74_cpp_frame_graph_boundary/cfg/qkv_projection_l02_cfg.txt>
248545 openat(AT_FDCWD</home/visitor/Documents/depthanything_u250_host_graph_r74_cpp_frame_graph_boundary>, "/home/visitor/Documents/depthanything_u250_host_graph_r74_cpp_frame_graph_boundary/cfg/qkv_projection_l03_cfg.txt", O_RDONLY|O_CLOEXEC) = 3</home/visitor/Documents/depthanything_u250_host_graph_r74_cpp_frame_graph_boundary/cfg/qkv_projection_l03_cfg.txt>
248545 openat(AT_FDCWD</home/visitor/Documents/depthanything_u250_host_graph_r74_cpp_frame_graph_boundary>, "/home/visitor/Documents/depthanything_u250_host_graph_r74_cpp_frame_graph_boundary/cfg/qkv_projection_l04_cfg.txt", O_RDONLY|O_CLOEXEC) = 3</home/visitor/Documents/depthanything_u250_host_graph_r74_cpp_frame_graph_boundary/cfg/qkv_projection_l04_cfg.txt>
248545 openat(AT_FDCWD</home/visitor/Documents/depthanything_u250_host_graph_r74_cpp_frame_graph_boundary>, "/home/visitor/Documents/depthanything_u250_host_graph_r74_cpp_frame_graph_boundary/cfg/qkv_projection_l05_cfg.txt", O_RDONLY|O_CLOEXEC) = 3</home/visitor/Documents/depthanything_u250_host_graph_r74_cpp_frame_graph_boundary/cfg/qkv_projection_l05_cfg.txt>
248545 openat(AT_FDCWD</home/visitor/Documents/depthanything_u250_host_graph_r74_cpp_frame_graph_boundary>, "/home/visitor/Documents/depthanything_u250_host_graph_r74_cpp_frame_graph_boundary/cfg/qkv_projection_l06_cfg.txt", O_RDONLY|O_CLOEXEC) = 3</home/visitor/Documents/depthanything_u250_host_graph_r74_cpp_frame_graph_boundary/cfg/qkv_projection_l06_cfg.txt>
248545 openat(AT_FDCWD</home/visitor/Documents/depthanything_u250_host_graph_r74_cpp_frame_graph_boundary>, "/home/visitor/Documents/depthanything_u250_host_graph_r74_cpp_frame_graph_boundary/cfg/qkv_projection_l07_cfg.txt", O_RDONLY|O_CLOEXEC) = 3</home/visitor/Documents/depthanything_u250_host_graph_r74_cpp_frame_graph_boundary/cfg/qkv_projection_l07_cfg.txt>
248545 openat(AT_FDCWD</home/visitor/Documents/depthanything_u250_host_graph_r74_cpp_frame_graph_boundary>, "/home/visitor/Documents/depthanything_u250_host_graph_r74_cpp_frame_graph_boundary/cfg/qkv_projection_l08_cfg.txt", O_RDONLY|O_CLOEXEC) = 3</home/visitor/Documents/depthanything_u250_host_graph_r74_cpp_frame_graph_boundary/cfg/qkv_projection_l08_cfg.txt>
248545 openat(AT_FDCWD</home/visitor/Documents/depthanything_u250_host_graph_r74_cpp_frame_graph_boundary>, "/home/visitor/Documents/depthanything_u250_host_graph_r74_cpp_frame_graph_boundary/cfg/qkv_projection_l09_cfg.txt", O_RDONLY|O_CLOEXEC) = 3</home/visitor/Documents/depthanything_u250_host_graph_r74_cpp_frame_graph_boundary/cfg/qkv_projection_l09_cfg.txt>
248545 openat(AT_FDCWD</home/visitor/Documents/depthanything_u250_host_graph_r74_cpp_frame_graph_boundary>, "/home/visitor/Documents/depthanything_u250_host_graph_r74_cpp_frame_graph_boundary/cfg/qkv_projection_l10_cfg.txt", O_RDONLY|O_CLOEXEC) = 3</home/visitor/Documents/depthanything_u250_host_graph_r74_cpp_frame_graph_boundary/cfg/qkv_projection_l10_cfg.txt>
248545 openat(AT_FDCWD</home/visitor/Documents/depthanything_u250_host_graph_r74_cpp_frame_graph_boundary>, "/home/visitor/Documents/depthanything_u250_host_graph_r74_cpp_frame_graph_boundary/cfg/qkv_projection_l11_cfg.txt", O_RDONLY|O_CLOEXEC) = 3</home/visitor/Documents/depthanything_u250_host_graph_r74_cpp_frame_graph_boundary/cfg/qkv_projection_l11_cfg.txt>
248545 openat(AT_FDCWD</home/visitor/Documents/depthanything_u250_host_graph_r74_cpp_frame_graph_boundary>, "/home/visitor/Documents/depthanything_u250_host_graph_r74_cpp_frame_graph_boundary/cfg/tail_norm1_from_tokens_cfg.txt", O_RDONLY|O_CLOEXEC) = 3</home/visitor/Documents/depthanything_u250_host_graph_r74_cpp_frame_graph_boundary/cfg/tail_norm1_from_tokens_cfg.txt>
248545 openat(AT_FDCWD</home/visitor/Documents/depthanything_u250_host_graph_r74_cpp_frame_graph_boundary>, "/home/visitor/Documents/depthanything_u250_host_graph_r74_cpp_frame_graph_boundary/run_u250_resident_compiled_case.py", O_RDONLY|O_CLOEXEC) = 3</home/visitor/Documents/depthanything_u250_host_graph_r74_cpp_frame_graph_boundary/run_u250_resident_compiled_case.py>
248545 openat(AT_FDCWD</home/visitor/Documents/depthanything_u250_host_graph_r74_cpp_frame_graph_boundary>, "/home/visitor/Documents/nn_inference/arch_16_mono.yaml", O_RDONLY|O_CLOEXEC) = 3</home/visitor/Documents/nn_inference/arch_16_mono.yaml>
248545 openat(AT_FDCWD</home/visitor/Documents/depthanything_u250_host_graph_r74_cpp_frame_graph_boundary>, "/home/visitor/Documents/nn_inference/arch_256_mono.yaml", O_RDONLY|O_CLOEXEC) = 3</home/visitor/Documents/nn_inference/arch_256_mono.yaml>
248545 openat(AT_FDCWD</home/visitor/Documents/depthanything_u250_host_graph_r74_cpp_frame_graph_boundary>, "/home/visitor/Documents/nn_inference/npz2bin.cpython-313-x86_64-linux-gnu.so", O_RDONLY|O_CLOEXEC) = 3</home/visitor/Documents/nn_inference/npz2bin.cpython-313-x86_64-linux-gnu.so>
248545 openat(AT_FDCWD</home/visitor/Documents/depthanything_u250_host_graph_r74_cpp_frame_graph_boundary>, "/home/visitor/Documents/depthanything_u250_host_graph_r74_cpp_frame_graph_boundary/npz_util.py", O_RDONLY|O_CLOEXEC) = 3</home/visitor/Documents/depthanything_u250_host_graph_r74_cpp_frame_graph_boundary/npz_util.py>
248545 openat(AT_FDCWD</home/visitor/Documents/depthanything_u250_host_graph_r74_cpp_frame_graph_boundary>, "/home/visitor/Documents/depthanything_u250_host_graph_r74_cpp_frame_graph_boundary/artifacts/u250_cpp_frame_graph_r74/controlflow_input_inventory.json", O_RDONLY|O_CLOEXEC) = 3</home/visitor/Documents/depthanything_u250_host_graph_r74_cpp_frame_graph_boundary/artifacts/u250_cpp_frame_graph_r74/controlflow_input_inventory.json>
248545 openat(AT_FDCWD</home/visitor/Documents/depthanything_u250_host_graph_r74_cpp_frame_graph_boundary>, "/home/visitor/Documents/depthanything_r74_controlflow_out/full_controlflow.json", O_WRONLY|O_CREAT|O_TRUNC|O_CLOEXEC, 0666) = 3</home/visitor/Documents/depthanything_r74_controlflow_out/full_controlflow.json>
